{
    "hellaswag": {
        "alias": "hellaswag",
        "acc,none": 0.4811790479984067,
        "acc_stderr,none": 0.004986245115428463,
        "acc_norm,none": 0.6757618004381597,
        "acc_norm_stderr,none": 0.004671328673217809
    }
}