{
    "hellaswag": {
        "alias": "hellaswag",
        "acc,none": 0.2658832901812388,
        "acc_stderr,none": 0.004408994868650102,
        "acc_norm,none": 0.2887870942043418,
        "acc_norm_stderr,none": 0.004522725412556955
    }
}