{
    "hellaswag": {
        "alias": "hellaswag",
        "acc,none": 0.418442541326429,
        "acc_stderr,none": 0.004922953651577684,
        "acc_norm,none": 0.5609440350527783,
        "acc_norm_stderr,none": 0.00495257686331522
    }
}