{
    "hellaswag": {
        "alias": "hellaswag",
        "acc,none": 0.3460466042620992,
        "acc_stderr,none": 0.0047473605007424865,
        "acc_norm,none": 0.42869946225851424,
        "acc_norm_stderr,none": 0.0049387870676118
    }
}