{
    "hellaswag": {
        "alias": "hellaswag",
        "acc,none": 0.46853216490738897,
        "acc_stderr,none": 0.004979889597551663,
        "acc_norm,none": 0.6786496713802032,
        "acc_norm_stderr,none": 0.0046604055653387795
    }
}