{
    "hellaswag": {
        "alias": "hellaswag",
        "acc,none": 0.4910376419040032,
        "acc_stderr,none": 0.0049889797500144405,
        "acc_norm,none": 0.6818362875921131,
        "acc_norm_stderr,none": 0.004648115322328795
    }
}