{
    "hellaswag": {
        "alias": "hellaswag",
        "acc,none": 0.26468830910177255,
        "acc_stderr,none": 0.004402654767269627,
        "acc_norm,none": 0.26767576180043817,
        "acc_norm_stderr,none": 0.004418427613296668
    }
}