{
    "hellaswag": {
        "alias": "hellaswag",
        "acc,none": 0.5278828918542123,
        "acc_stderr,none": 0.004982016702445956,
        "acc_norm,none": 0.7408882692690699,
        "acc_norm_stderr,none": 0.004372516060164672
    }
}