{
    "hellaswag": {
        "alias": "hellaswag",
        "acc,none": 0.48426608245369446,
        "acc_stderr,none": 0.0049873102972902645,
        "acc_norm,none": 0.6819358693487353,
        "acc_norm_stderr,none": 0.004647727222445358
    }
}