{
    "hellaswag": {
        "alias": "hellaswag",
        "acc,none": 0.5394343756223859,
        "acc_stderr,none": 0.004974238284524841,
        "acc_norm,none": 0.7481577375024896,
        "acc_norm_stderr,none": 0.004331840012787912
    }
}