{
    "hellaswag": {
        "alias": "hellaswag",
        "acc,none": 0.4954192391953794,
        "acc_stderr,none": 0.004989572002196685,
        "acc_norm,none": 0.645488946425015,
        "acc_norm_stderr,none": 0.004773872456201023
    }
}