{
    "hellaswag": {
        "alias": "hellaswag",
        "acc,none": 0.5185222067317268,
        "acc_stderr,none": 0.004986356526063968,
        "acc_norm,none": 0.7253535152360088,
        "acc_norm_stderr,none": 0.004454237797448398
    }
}