{
    "hellaswag": {
        "alias": "hellaswag",
        "acc,none": 0.3695478988249353,
        "acc_stderr,none": 0.004816958817726076,
        "acc_norm,none": 0.4689304919338777,
        "acc_norm_stderr,none": 0.004980138679161041
    }
}