{
    "hellaswag": {
        "alias": "hellaswag",
        "acc,none": 0.46116311491734713,
        "acc_stderr,none": 0.004974706428434283,
        "acc_norm,none": 0.6590320653256323,
        "acc_norm_stderr,none": 0.004730658073041567
    }
}