{
    "mmlu": {
        "acc,none": 0.43042301666429283,
        "acc_stderr,none": 0.004051971484781099,
        "alias": "mmlu"
    },
    "mmlu_humanities": {
        "acc,none": 0.4031880977683316,
        "acc_stderr,none": 0.006917198696968432,
        "alias": " - humanities"
    },
    "mmlu_formal_logic": {
        "alias": "  - formal_logic",
        "acc,none": 0.2222222222222222,
        "acc_stderr,none": 0.03718489006818115
    },
    "mmlu_high_school_european_history": {
        "alias": "  - high_school_european_history",
        "acc,none": 0.5393939393939394,
        "acc_stderr,none": 0.03892207016552013
    },
    "mmlu_high_school_us_history": {
        "alias": "  - high_school_us_history",
        "acc,none": 0.5098039215686274,
        "acc_stderr,none": 0.03508637358630572
    },
    "mmlu_high_school_world_history": {
        "alias": "  - high_school_world_history",
        "acc,none": 0.5232067510548524,
        "acc_stderr,none": 0.03251215201141018
    },
    "mmlu_international_law": {
        "alias": "  - international_law",
        "acc,none": 0.6115702479338843,
        "acc_stderr,none": 0.04449270350068382
    },
    "mmlu_jurisprudence": {
        "alias": "  - jurisprudence",
        "acc,none": 0.49074074074074076,
        "acc_stderr,none": 0.04832853553437055
    },
    "mmlu_logical_fallacies": {
        "alias": "  - logical_fallacies",
        "acc,none": 0.4601226993865031,
        "acc_stderr,none": 0.03915857291436972
    },
    "mmlu_moral_disputes": {
        "alias": "  - moral_disputes",
        "acc,none": 0.4884393063583815,
        "acc_stderr,none": 0.026911898686377903
    },
    "mmlu_moral_scenarios": {
        "alias": "  - moral_scenarios",
        "acc,none": 0.24916201117318434,
        "acc_stderr,none": 0.014465893829859924
    },
    "mmlu_philosophy": {
        "alias": "  - philosophy",
        "acc,none": 0.5691318327974276,
        "acc_stderr,none": 0.028125340983972714
    },
    "mmlu_prehistory": {
        "alias": "  - prehistory",
        "acc,none": 0.5370370370370371,
        "acc_stderr,none": 0.027744313443376536
    },
    "mmlu_professional_law": {
        "alias": "  - professional_law",
        "acc,none": 0.32529335071707954,
        "acc_stderr,none": 0.011965311536571528
    },
    "mmlu_world_religions": {
        "alias": "  - world_religions",
        "acc,none": 0.631578947368421,
        "acc_stderr,none": 0.036996580176568775
    },
    "mmlu_other": {
        "acc,none": 0.496620534277438,
        "acc_stderr,none": 0.008754524438365644,
        "alias": " - other"
    },
    "mmlu_business_ethics": {
        "alias": "  - business_ethics",
        "acc,none": 0.47,
        "acc_stderr,none": 0.050161355804659205
    },
    "mmlu_clinical_knowledge": {
        "alias": "  - clinical_knowledge",
        "acc,none": 0.46037735849056605,
        "acc_stderr,none": 0.030676096599389177
    },
    "mmlu_college_medicine": {
        "alias": "  - college_medicine",
        "acc,none": 0.36416184971098264,
        "acc_stderr,none": 0.03669072477416906
    },
    "mmlu_global_facts": {
        "alias": "  - global_facts",
        "acc,none": 0.35,
        "acc_stderr,none": 0.04793724854411019
    },
    "mmlu_human_aging": {
        "alias": "  - human_aging",
        "acc,none": 0.5291479820627802,
        "acc_stderr,none": 0.03350073248773404
    },
    "mmlu_management": {
        "alias": "  - management",
        "acc,none": 0.5048543689320388,
        "acc_stderr,none": 0.049505043821289195
    },
    "mmlu_marketing": {
        "alias": "  - marketing",
        "acc,none": 0.6495726495726496,
        "acc_stderr,none": 0.0312561082442188
    },
    "mmlu_medical_genetics": {
        "alias": "  - medical_genetics",
        "acc,none": 0.42,
        "acc_stderr,none": 0.049604496374885836
    },
    "mmlu_miscellaneous": {
        "alias": "  - miscellaneous",
        "acc,none": 0.6411238825031929,
        "acc_stderr,none": 0.017152991797501342
    },
    "mmlu_nutrition": {
        "alias": "  - nutrition",
        "acc,none": 0.46078431372549017,
        "acc_stderr,none": 0.028541722692618874
    },
    "mmlu_professional_accounting": {
        "alias": "  - professional_accounting",
        "acc,none": 0.34397163120567376,
        "acc_stderr,none": 0.02833801742861133
    },
    "mmlu_professional_medicine": {
        "alias": "  - professional_medicine",
        "acc,none": 0.39338235294117646,
        "acc_stderr,none": 0.029674288281311183
    },
    "mmlu_virology": {
        "alias": "  - virology",
        "acc,none": 0.39156626506024095,
        "acc_stderr,none": 0.03799857454479637
    },
    "mmlu_social_sciences": {
        "acc,none": 0.49203769905752354,
        "acc_stderr,none": 0.008881056274236814,
        "alias": " - social sciences"
    },
    "mmlu_econometrics": {
        "alias": "  - econometrics",
        "acc,none": 0.3157894736842105,
        "acc_stderr,none": 0.043727482902780064
    },
    "mmlu_high_school_geography": {
        "alias": "  - high_school_geography",
        "acc,none": 0.4797979797979798,
        "acc_stderr,none": 0.035594435655639196
    },
    "mmlu_high_school_government_and_politics": {
        "alias": "  - high_school_government_and_politics",
        "acc,none": 0.6580310880829016,
        "acc_stderr,none": 0.034234651001042816
    },
    "mmlu_high_school_macroeconomics": {
        "alias": "  - high_school_macroeconomics",
        "acc,none": 0.38974358974358975,
        "acc_stderr,none": 0.024726967886647078
    },
    "mmlu_high_school_microeconomics": {
        "alias": "  - high_school_microeconomics",
        "acc,none": 0.38235294117647056,
        "acc_stderr,none": 0.03156663099215416
    },
    "mmlu_high_school_psychology": {
        "alias": "  - high_school_psychology",
        "acc,none": 0.5779816513761468,
        "acc_stderr,none": 0.021174991407763175
    },
    "mmlu_human_sexuality": {
        "alias": "  - human_sexuality",
        "acc,none": 0.4580152671755725,
        "acc_stderr,none": 0.04369802690578757
    },
    "mmlu_professional_psychology": {
        "alias": "  - professional_psychology",
        "acc,none": 0.46405228758169936,
        "acc_stderr,none": 0.020175488765484046
    },
    "mmlu_public_relations": {
        "alias": "  - public_relations",
        "acc,none": 0.5181818181818182,
        "acc_stderr,none": 0.04785964010794916
    },
    "mmlu_security_studies": {
        "alias": "  - security_studies",
        "acc,none": 0.46122448979591835,
        "acc_stderr,none": 0.031912820526692774
    },
    "mmlu_sociology": {
        "alias": "  - sociology",
        "acc,none": 0.5970149253731343,
        "acc_stderr,none": 0.034683432951111266
    },
    "mmlu_us_foreign_policy": {
        "alias": "  - us_foreign_policy",
        "acc,none": 0.64,
        "acc_stderr,none": 0.04824181513244218
    },
    "mmlu_stem": {
        "acc,none": 0.3457025055502696,
        "acc_stderr,none": 0.008340065008834795,
        "alias": " - stem"
    },
    "mmlu_abstract_algebra": {
        "alias": "  - abstract_algebra",
        "acc,none": 0.3,
        "acc_stderr,none": 0.046056618647183814
    },
    "mmlu_anatomy": {
        "alias": "  - anatomy",
        "acc,none": 0.4666666666666667,
        "acc_stderr,none": 0.043097329010363554
    },
    "mmlu_astronomy": {
        "alias": "  - astronomy",
        "acc,none": 0.3815789473684211,
        "acc_stderr,none": 0.03953173377749194
    },
    "mmlu_college_biology": {
        "alias": "  - college_biology",
        "acc,none": 0.4652777777777778,
        "acc_stderr,none": 0.04171115858181618
    },
    "mmlu_college_chemistry": {
        "alias": "  - college_chemistry",
        "acc,none": 0.25,
        "acc_stderr,none": 0.04351941398892446
    },
    "mmlu_college_computer_science": {
        "alias": "  - college_computer_science",
        "acc,none": 0.28,