{
    "mmlu": {
        "acc,none": 0.45079048568579977,
        "acc_stderr,none": 0.004083726708203376,
        "alias": "mmlu"
    },
    "mmlu_humanities": {
        "acc,none": 0.43315621679064825,
        "acc_stderr,none": 0.007029559897887502,
        "alias": " - humanities"
    },
    "mmlu_formal_logic": {
        "alias": "  - formal_logic",
        "acc,none": 0.4126984126984127,
        "acc_stderr,none": 0.04403438954768176
    },
    "mmlu_high_school_european_history": {
        "alias": "  - high_school_european_history",
        "acc,none": 0.593939393939394,
        "acc_stderr,none": 0.03834816355401181
    },
    "mmlu_high_school_us_history": {
        "alias": "  - high_school_us_history",
        "acc,none": 0.5,
        "acc_stderr,none": 0.03509312031717982
    },
    "mmlu_high_school_world_history": {
        "alias": "  - high_school_world_history",
        "acc,none": 0.5569620253164557,
        "acc_stderr,none": 0.032335327775334835
    },
    "mmlu_international_law": {
        "alias": "  - international_law",
        "acc,none": 0.6363636363636364,
        "acc_stderr,none": 0.043913262867240704
    },
    "mmlu_jurisprudence": {
        "alias": "  - jurisprudence",
        "acc,none": 0.5092592592592593,
        "acc_stderr,none": 0.04832853553437056
    },
    "mmlu_logical_fallacies": {
        "alias": "  - logical_fallacies",
        "acc,none": 0.5153374233128835,
        "acc_stderr,none": 0.03926522378708843
    },
    "mmlu_moral_disputes": {
        "alias": "  - moral_disputes",
        "acc,none": 0.48554913294797686,
        "acc_stderr,none": 0.026907849856282532
    },
    "mmlu_moral_scenarios": {
        "alias": "  - moral_scenarios",
        "acc,none": 0.2670391061452514,
        "acc_stderr,none": 0.01479650262256255
    },
    "mmlu_philosophy": {
        "alias": "  - philosophy",
        "acc,none": 0.5755627009646302,
        "acc_stderr,none": 0.028071928247946208
    },
    "mmlu_prehistory": {
        "alias": "  - prehistory",
        "acc,none": 0.49691358024691357,
        "acc_stderr,none": 0.027820214158594377
    },
    "mmlu_professional_law": {
        "alias": "  - professional_law",
        "acc,none": 0.3748370273794003,
        "acc_stderr,none": 0.012363652467551927
    },
    "mmlu_world_religions": {
        "alias": "  - world_religions",
        "acc,none": 0.6783625730994152,
        "acc_stderr,none": 0.03582529442573122
    },
    "mmlu_other": {
        "acc,none": 0.5162536208561314,
        "acc_stderr,none": 0.008768044210852288,
        "alias": " - other"
    },
    "mmlu_business_ethics": {
        "alias": "  - business_ethics",
        "acc,none": 0.49,
        "acc_stderr,none": 0.05024183937956911
    },
    "mmlu_clinical_knowledge": {
        "alias": "  - clinical_knowledge",
        "acc,none": 0.45660377358490567,
        "acc_stderr,none": 0.030656748696739435
    },
    "mmlu_college_medicine": {
        "alias": "  - college_medicine",
        "acc,none": 0.42196531791907516,
        "acc_stderr,none": 0.03765746693865149
    },
    "mmlu_global_facts": {
        "alias": "  - global_facts",
        "acc,none": 0.31,
        "acc_stderr,none": 0.04648231987117316
    },
    "mmlu_human_aging": {
        "alias": "  - human_aging",
        "acc,none": 0.5246636771300448,
        "acc_stderr,none": 0.03351695167652628
    },
    "mmlu_management": {
        "alias": "  - management",
        "acc,none": 0.5242718446601942,
        "acc_stderr,none": 0.049449010929737795
    },
    "mmlu_marketing": {
        "alias": "  - marketing",
        "acc,none": 0.6965811965811965,
        "acc_stderr,none": 0.030118210106942662
    },
    "mmlu_medical_genetics": {
        "alias": "  - medical_genetics",
        "acc,none": 0.51,
        "acc_stderr,none": 0.05024183937956912
    },
    "mmlu_miscellaneous": {
        "alias": "  - miscellaneous",
        "acc,none": 0.6270753512132823,
        "acc_stderr,none": 0.017292868269453917
    },
    "mmlu_nutrition": {
        "alias": "  - nutrition",
        "acc,none": 0.49673202614379086,
        "acc_stderr,none": 0.02862930519400354
    },
    "mmlu_professional_accounting": {
        "alias": "  - professional_accounting",
        "acc,none": 0.32269503546099293,
        "acc_stderr,none": 0.027889139300534795
    },
    "mmlu_professional_medicine": {
        "alias": "  - professional_medicine",
        "acc,none": 0.5294117647058824,
        "acc_stderr,none": 0.030320243265004144
    },
    "mmlu_virology": {
        "alias": "  - virology",
        "acc,none": 0.4036144578313253,
        "acc_stderr,none": 0.038194861407583984
    },
    "mmlu_social_sciences": {
        "acc,none": 0.5053623659408515,
        "acc_stderr,none": 0.008887965845469485,
        "alias": " - social sciences"
    },
    "mmlu_econometrics": {
        "alias": "  - econometrics",
        "acc,none": 0.2894736842105263,
        "acc_stderr,none": 0.04266339443159394
    },
    "mmlu_high_school_geography": {
        "alias": "  - high_school_geography",
        "acc,none": 0.4898989898989899,
        "acc_stderr,none": 0.035616254886737454
    },
    "mmlu_high_school_government_and_politics": {
        "alias": "  - high_school_government_and_politics",
        "acc,none": 0.6580310880829016,
        "acc_stderr,none": 0.03423465100104283
    },
    "mmlu_high_school_macroeconomics": {
        "alias": "  - high_school_macroeconomics",
        "acc,none": 0.4307692307692308,
        "acc_stderr,none": 0.025106820660539753
    },
    "mmlu_high_school_microeconomics": {
        "alias": "  - high_school_microeconomics",
        "acc,none": 0.42436974789915966,
        "acc_stderr,none": 0.032104790510157764
    },
    "mmlu_high_school_psychology": {
        "alias": "  - high_school_psychology",
        "acc,none": 0.6018348623853211,
        "acc_stderr,none": 0.020987989422654264
    },
    "mmlu_human_sexuality": {
        "alias": "  - human_sexuality",
        "acc,none": 0.5725190839694656,
        "acc_stderr,none": 0.043389203057924014
    },
    "mmlu_professional_psychology": {
        "alias": "  - professional_psychology",
        "acc,none": 0.44607843137254904,
        "acc_stderr,none": 0.02010986454718136
    },
    "mmlu_public_relations": {
        "alias": "  - public_relations",
        "acc,none": 0.5,
        "acc_stderr,none": 0.04789131426105757
    },
    "mmlu_security_studies": {
        "alias": "  - security_studies",
        "acc,none": 0.4816326530612245,
        "acc_stderr,none": 0.031987615467631264
    },
    "mmlu_sociology": {
        "alias": "  - sociology",
        "acc,none": 0.5920398009950248,
        "acc_stderr,none": 0.03475116365194092
    },
    "mmlu_us_foreign_policy": {
        "alias": "  - us_foreign_policy",
        "acc,none": 0.61,
        "acc_stderr,none": 0.04902071300001974
    },
    "mmlu_stem": {
        "acc,none": 0.3593403108150967,
        "acc_stderr,none": 0.008416790961521167,
        "alias": " - stem"
    },
    "mmlu_abstract_algebra": {
        "alias": "  - abstract_algebra",
        "acc,none": 0.3,
        "acc_stderr,none": 0.046056618647183814
    },
    "mmlu_anatomy": {
        "alias": "  - anatomy",
        "acc,none": 0.48148148148148145,
        "acc_stderr,none": 0.043163785995113245
    },
    "mmlu_astronomy": {
        "alias": "  - astronomy",
        "acc,none": 0.3881578947368421,
        "acc_stderr,none": 0.03965842097512744
    },
    "mmlu_college_biology": {
        "alias": "  - college_biology",
        "acc,none": 0.4722222222222222,
        "acc_stderr,none": 0.04174752578923185
    },
    "mmlu_college_chemistry": {
        "alias": "  - college_chemistry",
        "acc,none": 0.31,
        "acc_stderr,none": 0.04648231987117316
    },
    "mmlu_college_computer_science": {
        "alias": "  - college_computer_science",
        "acc,none": 0.38,
        "acc_stderr,none": 0.04878317312145633
    },