{
    "mmlu": {
        "acc,none": 0.4533542230451503,
        "acc_stderr,none": 0.0040767664713771785,
        "alias": "mmlu"
    },
    "mmlu_humanities": {
        "acc,none": 0.4310308182784272,
        "acc_stderr,none": 0.006974907216140178,
        "alias": " - humanities"
    },
    "mmlu_formal_logic": {
        "alias": "  - formal_logic",
        "acc,none": 0.3253968253968254,
        "acc_stderr,none": 0.041905964388711366
    },
    "mmlu_high_school_european_history": {
        "alias": "  - high_school_european_history",
        "acc,none": 0.6303030303030303,
        "acc_stderr,none": 0.037694303145125674
    },
    "mmlu_high_school_us_history": {
        "alias": "  - high_school_us_history",
        "acc,none": 0.5245098039215687,
        "acc_stderr,none": 0.035050931943487976
    },
    "mmlu_high_school_world_history": {
        "alias": "  - high_school_world_history",
        "acc,none": 0.5949367088607594,
        "acc_stderr,none": 0.03195514741370671
    },
    "mmlu_international_law": {
        "alias": "  - international_law",
        "acc,none": 0.628099173553719,
        "acc_stderr,none": 0.044120158066245044
    },
    "mmlu_jurisprudence": {
        "alias": "  - jurisprudence",
        "acc,none": 0.5277777777777778,
        "acc_stderr,none": 0.04826217294139894
    },
    "mmlu_logical_fallacies": {
        "alias": "  - logical_fallacies",
        "acc,none": 0.5153374233128835,
        "acc_stderr,none": 0.03926522378708843
    },
    "mmlu_moral_disputes": {
        "alias": "  - moral_disputes",
        "acc,none": 0.48265895953757226,
        "acc_stderr,none": 0.02690290045866664
    },
    "mmlu_moral_scenarios": {
        "alias": "  - moral_scenarios",
        "acc,none": 0.2435754189944134,
        "acc_stderr,none": 0.01435591196476786
    },
    "mmlu_philosophy": {
        "alias": "  - philosophy",
        "acc,none": 0.5884244372990354,
        "acc_stderr,none": 0.027950481494401255
    },
    "mmlu_prehistory": {
        "alias": "  - prehistory",
        "acc,none": 0.5030864197530864,
        "acc_stderr,none": 0.027820214158594377
    },
    "mmlu_professional_law": {
        "alias": "  - professional_law",
        "acc,none": 0.3728813559322034,
        "acc_stderr,none": 0.01235063005833335
    },
    "mmlu_world_religions": {
        "alias": "  - world_religions",
        "acc,none": 0.672514619883041,
        "acc_stderr,none": 0.035993357714560276
    },
    "mmlu_other": {
        "acc,none": 0.5230125523012552,
        "acc_stderr,none": 0.00876202574777228,
        "alias": " - other"
    },
    "mmlu_business_ethics": {
        "alias": "  - business_ethics",
        "acc,none": 0.53,
        "acc_stderr,none": 0.050161355804659205
    },
    "mmlu_clinical_knowledge": {
        "alias": "  - clinical_knowledge",
        "acc,none": 0.46037735849056605,
        "acc_stderr,none": 0.03067609659938918
    },
    "mmlu_college_medicine": {
        "alias": "  - college_medicine",
        "acc,none": 0.42196531791907516,
        "acc_stderr,none": 0.03765746693865149
    },
    "mmlu_global_facts": {
        "alias": "  - global_facts",
        "acc,none": 0.34,
        "acc_stderr,none": 0.047609522856952344
    },
    "mmlu_human_aging": {
        "alias": "  - human_aging",
        "acc,none": 0.5650224215246636,
        "acc_stderr,none": 0.03327283370271345
    },
    "mmlu_management": {
        "alias": "  - management",
        "acc,none": 0.5048543689320388,
        "acc_stderr,none": 0.049505043821289195
    },
    "mmlu_marketing": {
        "alias": "  - marketing",
        "acc,none": 0.7136752136752137,
        "acc_stderr,none": 0.029614323690456645
    },
    "mmlu_medical_genetics": {
        "alias": "  - medical_genetics",
        "acc,none": 0.48,
        "acc_stderr,none": 0.050211673156867795
    },
    "mmlu_miscellaneous": {
        "alias": "  - miscellaneous",
        "acc,none": 0.6372924648786717,
        "acc_stderr,none": 0.0171927086746023
    },
    "mmlu_nutrition": {
        "alias": "  - nutrition",
        "acc,none": 0.4803921568627451,
        "acc_stderr,none": 0.028607893699576063
    },
    "mmlu_professional_accounting": {
        "alias": "  - professional_accounting",
        "acc,none": 0.34397163120567376,
        "acc_stderr,none": 0.028338017428611327
    },
    "mmlu_professional_medicine": {
        "alias": "  - professional_medicine",
        "acc,none": 0.5073529411764706,
        "acc_stderr,none": 0.030369552523902173
    },
    "mmlu_virology": {
        "alias": "  - virology",
        "acc,none": 0.41566265060240964,
        "acc_stderr,none": 0.03836722176598052
    },
    "mmlu_social_sciences": {
        "acc,none": 0.5089372765680859,
        "acc_stderr,none": 0.008898692769782118,
        "alias": " - social sciences"
    },
    "mmlu_econometrics": {
        "alias": "  - econometrics",
        "acc,none": 0.2982456140350877,
        "acc_stderr,none": 0.04303684033537315
    },
    "mmlu_high_school_geography": {
        "alias": "  - high_school_geography",
        "acc,none": 0.4797979797979798,
        "acc_stderr,none": 0.035594435655639196
    },
    "mmlu_high_school_government_and_politics": {
        "alias": "  - high_school_government_and_politics",
        "acc,none": 0.6580310880829016,
        "acc_stderr,none": 0.03423465100104283
    },
    "mmlu_high_school_macroeconomics": {
        "alias": "  - high_school_macroeconomics",
        "acc,none": 0.4461538461538462,
        "acc_stderr,none": 0.02520357177302833
    },
    "mmlu_high_school_microeconomics": {
        "alias": "  - high_school_microeconomics",
        "acc,none": 0.4369747899159664,
        "acc_stderr,none": 0.03221943636566196
    },
    "mmlu_high_school_psychology": {
        "alias": "  - high_school_psychology",
        "acc,none": 0.5981651376146789,
        "acc_stderr,none": 0.021020106172997006
    },
    "mmlu_human_sexuality": {
        "alias": "  - human_sexuality",
        "acc,none": 0.5343511450381679,
        "acc_stderr,none": 0.04374928560599738
    },
    "mmlu_professional_psychology": {
        "alias": "  - professional_psychology",
        "acc,none": 0.45098039215686275,
        "acc_stderr,none": 0.020130388312904535
    },
    "mmlu_public_relations": {
        "alias": "  - public_relations",
        "acc,none": 0.5272727272727272,
        "acc_stderr,none": 0.04782001791380061
    },
    "mmlu_security_studies": {
        "alias": "  - security_studies",
        "acc,none": 0.4816326530612245,
        "acc_stderr,none": 0.031987615467631264
    },
    "mmlu_sociology": {
        "alias": "  - sociology",
        "acc,none": 0.6019900497512438,
        "acc_stderr,none": 0.034611994290400135
    },
    "mmlu_us_foreign_policy": {
        "alias": "  - us_foreign_policy",
        "acc,none": 0.63,
        "acc_stderr,none": 0.048523658709391
    },
    "mmlu_stem": {
        "acc,none": 0.36378052648271486,
        "acc_stderr,none": 0.008446540076731917,
        "alias": " - stem"
    },
    "mmlu_abstract_algebra": {
        "alias": "  - abstract_algebra",
        "acc,none": 0.32,
        "acc_stderr,none": 0.046882617226215034
    },
    "mmlu_anatomy": {
        "alias": "  - anatomy",
        "acc,none": 0.4740740740740741,
        "acc_stderr,none": 0.04313531696750575
    },
    "mmlu_astronomy": {
        "alias": "  - astronomy",
        "acc,none": 0.40789473684210525,
        "acc_stderr,none": 0.03999309712777472
    },
    "mmlu_college_biology": {
        "alias": "  - college_biology",
        "acc,none": 0.4652777777777778,
        "acc_stderr,none": 0.04171115858181618
    },
    "mmlu_college_chemistry": {
        "alias": "  - college_chemistry",
        "acc,none": 0.36,
        "acc_stderr,none": 0.048241815132442176
    },
    "mmlu_college_computer_science": {
        "alias": "  - college_computer_science",
        "acc,none": 0.36,