{
    "mmlu": {
        "acc,none": 0.4615439396097422,
        "acc_stderr,none": 0.004079759451110833,
        "alias": "mmlu"
    },
    "mmlu_humanities": {
        "acc,none": 0.4352816153028693,
        "acc_stderr,none": 0.006977985739001112,
        "alias": " - humanities"
    },
    "mmlu_formal_logic": {
        "alias": "  - formal_logic",
        "acc,none": 0.31746031746031744,
        "acc_stderr,none": 0.04163453031302859
    },
    "mmlu_high_school_european_history": {
        "alias": "  - high_school_european_history",
        "acc,none": 0.6121212121212121,
        "acc_stderr,none": 0.03804913653971011
    },
    "mmlu_high_school_us_history": {
        "alias": "  - high_school_us_history",
        "acc,none": 0.5196078431372549,
        "acc_stderr,none": 0.03506612560524866
    },
    "mmlu_high_school_world_history": {
        "alias": "  - high_school_world_history",
        "acc,none": 0.6413502109704642,
        "acc_stderr,none": 0.03121956944530184
    },
    "mmlu_international_law": {
        "alias": "  - international_law",
        "acc,none": 0.628099173553719,
        "acc_stderr,none": 0.044120158066245044
    },
    "mmlu_jurisprudence": {
        "alias": "  - jurisprudence",
        "acc,none": 0.5092592592592593,
        "acc_stderr,none": 0.04832853553437055
    },
    "mmlu_logical_fallacies": {
        "alias": "  - logical_fallacies",
        "acc,none": 0.49079754601226994,
        "acc_stderr,none": 0.03927705600787443
    },
    "mmlu_moral_disputes": {
        "alias": "  - moral_disputes",
        "acc,none": 0.5028901734104047,
        "acc_stderr,none": 0.026918645383239004
    },
    "mmlu_moral_scenarios": {
        "alias": "  - moral_scenarios",
        "acc,none": 0.2681564245810056,
        "acc_stderr,none": 0.014816119635317006
    },
    "mmlu_philosophy": {
        "alias": "  - philosophy",
        "acc,none": 0.6045016077170418,
        "acc_stderr,none": 0.027770918531427838
    },
    "mmlu_prehistory": {
        "alias": "  - prehistory",
        "acc,none": 0.5092592592592593,
        "acc_stderr,none": 0.027815973433878014
    },
    "mmlu_professional_law": {
        "alias": "  - professional_law",
        "acc,none": 0.35984354628422427,
        "acc_stderr,none": 0.012258260483689803
    },
    "mmlu_world_religions": {
        "alias": "  - world_religions",
        "acc,none": 0.695906432748538,
        "acc_stderr,none": 0.03528211258245232
    },
    "mmlu_other": {
        "acc,none": 0.5271966527196653,
        "acc_stderr,none": 0.008766753237162387,
        "alias": " - other"
    },
    "mmlu_business_ethics": {
        "alias": "  - business_ethics",
        "acc,none": 0.5,
        "acc_stderr,none": 0.050251890762960605
    },
    "mmlu_clinical_knowledge": {
        "alias": "  - clinical_knowledge",
        "acc,none": 0.4490566037735849,
        "acc_stderr,none": 0.030612730713641095
    },
    "mmlu_college_medicine": {
        "alias": "  - college_medicine",
        "acc,none": 0.42196531791907516,
        "acc_stderr,none": 0.037657466938651483
    },
    "mmlu_global_facts": {
        "alias": "  - global_facts",
        "acc,none": 0.33,
        "acc_stderr,none": 0.04725815626252605
    },
    "mmlu_human_aging": {
        "alias": "  - human_aging",
        "acc,none": 0.5381165919282511,
        "acc_stderr,none": 0.03346015011973228
    },
    "mmlu_management": {
        "alias": "  - management",
        "acc,none": 0.5242718446601942,
        "acc_stderr,none": 0.049449010929737795
    },
    "mmlu_marketing": {
        "alias": "  - marketing",
        "acc,none": 0.6965811965811965,
        "acc_stderr,none": 0.030118210106942666
    },
    "mmlu_medical_genetics": {
        "alias": "  - medical_genetics",
        "acc,none": 0.56,
        "acc_stderr,none": 0.04988876515698589
    },
    "mmlu_miscellaneous": {
        "alias": "  - miscellaneous",
        "acc,none": 0.6398467432950191,
        "acc_stderr,none": 0.017166362471369302
    },
    "mmlu_nutrition": {
        "alias": "  - nutrition",
        "acc,none": 0.5130718954248366,
        "acc_stderr,none": 0.028620130800700246
    },
    "mmlu_professional_accounting": {
        "alias": "  - professional_accounting",
        "acc,none": 0.3404255319148936,
        "acc_stderr,none": 0.02826765748265015
    },
    "mmlu_professional_medicine": {
        "alias": "  - professional_medicine",
        "acc,none": 0.5294117647058824,
        "acc_stderr,none": 0.030320243265004144
    },
    "mmlu_virology": {
        "alias": "  - virology",
        "acc,none": 0.43373493975903615,
        "acc_stderr,none": 0.03858158940685516
    },
    "mmlu_social_sciences": {
        "acc,none": 0.5242118947026324,
        "acc_stderr,none": 0.008877287837783179,
        "alias": " - social sciences"
    },
    "mmlu_econometrics": {
        "alias": "  - econometrics",
        "acc,none": 0.30701754385964913,
        "acc_stderr,none": 0.04339138322579861
    },
    "mmlu_high_school_geography": {
        "alias": "  - high_school_geography",
        "acc,none": 0.51010101010101,
        "acc_stderr,none": 0.03561625488673745
    },
    "mmlu_high_school_government_and_politics": {
        "alias": "  - high_school_government_and_politics",
        "acc,none": 0.694300518134715,
        "acc_stderr,none": 0.03324837939758159
    },
    "mmlu_high_school_macroeconomics": {
        "alias": "  - high_school_macroeconomics",
        "acc,none": 0.4641025641025641,
        "acc_stderr,none": 0.02528558599001784
    },
    "mmlu_high_school_microeconomics": {
        "alias": "  - high_school_microeconomics",
        "acc,none": 0.42436974789915966,
        "acc_stderr,none": 0.03210479051015776
    },
    "mmlu_high_school_psychology": {
        "alias": "  - high_school_psychology",
        "acc,none": 0.6018348623853211,
        "acc_stderr,none": 0.020987989422654264
    },
    "mmlu_human_sexuality": {
        "alias": "  - human_sexuality",
        "acc,none": 0.5343511450381679,
        "acc_stderr,none": 0.04374928560599738
    },
    "mmlu_professional_psychology": {
        "alias": "  - professional_psychology",
        "acc,none": 0.46078431372549017,
        "acc_stderr,none": 0.02016552331390791
    },
    "mmlu_public_relations": {
        "alias": "  - public_relations",
        "acc,none": 0.5545454545454546,
        "acc_stderr,none": 0.047605488214603246
    },
    "mmlu_security_studies": {
        "alias": "  - security_studies",
        "acc,none": 0.5306122448979592,
        "acc_stderr,none": 0.031949171367580624
    },
    "mmlu_sociology": {
        "alias": "  - sociology",
        "acc,none": 0.6169154228855721,
        "acc_stderr,none": 0.0343751933733825
    },
    "mmlu_us_foreign_policy": {
        "alias": "  - us_foreign_policy",
        "acc,none": 0.66,
        "acc_stderr,none": 0.04760952285695238
    },
    "mmlu_stem": {
        "acc,none": 0.3748810656517602,
        "acc_stderr,none": 0.008486209959742112,
        "alias": " - stem"
    },
    "mmlu_abstract_algebra": {
        "alias": "  - abstract_algebra",
        "acc,none": 0.32,
        "acc_stderr,none": 0.046882617226215034
    },
    "mmlu_anatomy": {
        "alias": "  - anatomy",
        "acc,none": 0.45185185185185184,
        "acc_stderr,none": 0.04299268905480864
    },
    "mmlu_astronomy": {
        "alias": "  - astronomy",
        "acc,none": 0.40789473684210525,
        "acc_stderr,none": 0.03999309712777472
    },
    "mmlu_college_biology": {
        "alias": "  - college_biology",
        "acc,none": 0.4375,
        "acc_stderr,none": 0.04148415739394154
    },
    "mmlu_college_chemistry": {
        "alias": "  - college_chemistry",
        "acc,none": 0.35,
        "acc_stderr,none": 0.047937248544110196
    },
    "mmlu_college_computer_science": {
        "alias": "  - college_computer_science",
        "acc,none": 0.37,
        "acc_stderr,none": 0.04852365870939099
    },