{
    "mmlu": {
        "acc,none": 0.4439538527275317,
        "acc_stderr,none": 0.004065173411181899,
        "alias": "mmlu"
    },
    "mmlu_humanities": {
        "acc,none": 0.4255047821466525,
        "acc_stderr,none": 0.006970610449718201,
        "alias": " - humanities"
    },
    "mmlu_formal_logic": {
        "alias": "  - formal_logic",
        "acc,none": 0.2698412698412698,
        "acc_stderr,none": 0.03970158273235173
    },
    "mmlu_high_school_european_history": {
        "alias": "  - high_school_european_history",
        "acc,none": 0.6060606060606061,
        "acc_stderr,none": 0.0381549430868893
    },
    "mmlu_high_school_us_history": {
        "alias": "  - high_school_us_history",
        "acc,none": 0.5245098039215687,
        "acc_stderr,none": 0.035050931943487976
    },
    "mmlu_high_school_world_history": {
        "alias": "  - high_school_world_history",
        "acc,none": 0.5611814345991561,
        "acc_stderr,none": 0.032302649315470375
    },
    "mmlu_international_law": {
        "alias": "  - international_law",
        "acc,none": 0.6033057851239669,
        "acc_stderr,none": 0.04465869780531009
    },
    "mmlu_jurisprudence": {
        "alias": "  - jurisprudence",
        "acc,none": 0.5462962962962963,
        "acc_stderr,none": 0.04812917324536823
    },
    "mmlu_logical_fallacies": {
        "alias": "  - logical_fallacies",
        "acc,none": 0.50920245398773,
        "acc_stderr,none": 0.03927705600787443
    },
    "mmlu_moral_disputes": {
        "alias": "  - moral_disputes",
        "acc,none": 0.4884393063583815,
        "acc_stderr,none": 0.026911898686377906
    },
    "mmlu_moral_scenarios": {
        "alias": "  - moral_scenarios",
        "acc,none": 0.2536312849162011,
        "acc_stderr,none": 0.014551553659369923
    },
    "mmlu_philosophy": {
        "alias": "  - philosophy",
        "acc,none": 0.5819935691318328,
        "acc_stderr,none": 0.028013651891995072
    },
    "mmlu_prehistory": {
        "alias": "  - prehistory",
        "acc,none": 0.5092592592592593,
        "acc_stderr,none": 0.027815973433878014
    },
    "mmlu_professional_law": {
        "alias": "  - professional_law",
        "acc,none": 0.3604954367666232,
        "acc_stderr,none": 0.012263110237299233
    },
    "mmlu_world_religions": {
        "alias": "  - world_religions",
        "acc,none": 0.6900584795321637,
        "acc_stderr,none": 0.03546976959393163
    },
    "mmlu_other": {
        "acc,none": 0.5065980045059543,
        "acc_stderr,none": 0.00875508834519632,
        "alias": " - other"
    },
    "mmlu_business_ethics": {
        "alias": "  - business_ethics",
        "acc,none": 0.49,
        "acc_stderr,none": 0.05024183937956912
    },
    "mmlu_clinical_knowledge": {
        "alias": "  - clinical_knowledge",
        "acc,none": 0.4377358490566038,
        "acc_stderr,none": 0.030533338430467512
    },
    "mmlu_college_medicine": {
        "alias": "  - college_medicine",
        "acc,none": 0.3699421965317919,
        "acc_stderr,none": 0.036812296333943194
    },
    "mmlu_global_facts": {
        "alias": "  - global_facts",
        "acc,none": 0.34,
        "acc_stderr,none": 0.04760952285695235
    },
    "mmlu_human_aging": {
        "alias": "  - human_aging",
        "acc,none": 0.5426008968609866,
        "acc_stderr,none": 0.03343577705583065
    },
    "mmlu_management": {
        "alias": "  - management",
        "acc,none": 0.4854368932038835,
        "acc_stderr,none": 0.04948637324026637
    },
    "mmlu_marketing": {
        "alias": "  - marketing",
        "acc,none": 0.7051282051282052,
        "acc_stderr,none": 0.029872577708891162
    },
    "mmlu_medical_genetics": {
        "alias": "  - medical_genetics",
        "acc,none": 0.47,
        "acc_stderr,none": 0.05016135580465919
    },
    "mmlu_miscellaneous": {
        "alias": "  - miscellaneous",
        "acc,none": 0.6334610472541508,
        "acc_stderr,none": 0.017231244626797048
    },
    "mmlu_nutrition": {
        "alias": "  - nutrition",
        "acc,none": 0.46405228758169936,
        "acc_stderr,none": 0.02855582751652879
    },
    "mmlu_professional_accounting": {
        "alias": "  - professional_accounting",
        "acc,none": 0.34397163120567376,
        "acc_stderr,none": 0.028338017428611327
    },
    "mmlu_professional_medicine": {
        "alias": "  - professional_medicine",
        "acc,none": 0.45955882352941174,
        "acc_stderr,none": 0.03027332507734575
    },
    "mmlu_virology": {
        "alias": "  - virology",
        "acc,none": 0.40963855421686746,
        "acc_stderr,none": 0.038284011150790206
    },
    "mmlu_social_sciences": {
        "acc,none": 0.5027624309392266,
        "acc_stderr,none": 0.008885078367759671,
        "alias": " - social sciences"
    },
    "mmlu_econometrics": {
        "alias": "  - econometrics",
        "acc,none": 0.3157894736842105,
        "acc_stderr,none": 0.04372748290278007
    },
    "mmlu_high_school_geography": {
        "alias": "  - high_school_geography",
        "acc,none": 0.47474747474747475,
        "acc_stderr,none": 0.03557806245087314
    },
    "mmlu_high_school_government_and_politics": {
        "alias": "  - high_school_government_and_politics",
        "acc,none": 0.6580310880829016,
        "acc_stderr,none": 0.03423465100104282
    },
    "mmlu_high_school_macroeconomics": {
        "alias": "  - high_school_macroeconomics",
        "acc,none": 0.4358974358974359,
        "acc_stderr,none": 0.025141801511177495
    },
    "mmlu_high_school_microeconomics": {
        "alias": "  - high_school_microeconomics",
        "acc,none": 0.40336134453781514,
        "acc_stderr,none": 0.031866081214088314
    },
    "mmlu_high_school_psychology": {
        "alias": "  - high_school_psychology",
        "acc,none": 0.5889908256880734,
        "acc_stderr,none": 0.021095050687277656
    },
    "mmlu_human_sexuality": {
        "alias": "  - human_sexuality",
        "acc,none": 0.5343511450381679,
        "acc_stderr,none": 0.04374928560599738
    },
    "mmlu_professional_psychology": {
        "alias": "  - professional_psychology",
        "acc,none": 0.46078431372549017,
        "acc_stderr,none": 0.02016552331390791
    },
    "mmlu_public_relations": {
        "alias": "  - public_relations",
        "acc,none": 0.5181818181818182,
        "acc_stderr,none": 0.04785964010794916
    },
    "mmlu_security_studies": {
        "alias": "  - security_studies",
        "acc,none": 0.4326530612244898,
        "acc_stderr,none": 0.031717528240626645
    },
    "mmlu_sociology": {
        "alias": "  - sociology",
        "acc,none": 0.5870646766169154,
        "acc_stderr,none": 0.03481520803367348
    },
    "mmlu_us_foreign_policy": {
        "alias": "  - us_foreign_policy",
        "acc,none": 0.7,
        "acc_stderr,none": 0.046056618647183814
    },
    "mmlu_stem": {
        "acc,none": 0.3523628290516968,
        "acc_stderr,none": 0.008363693596876944,
        "alias": " - stem"
    },
    "mmlu_abstract_algebra": {
        "alias": "  - abstract_algebra",
        "acc,none": 0.29,
        "acc_stderr,none": 0.04560480215720683
    },
    "mmlu_anatomy": {
        "alias": "  - anatomy",
        "acc,none": 0.4740740740740741,
        "acc_stderr,none": 0.04313531696750575
    },
    "mmlu_astronomy": {
        "alias": "  - astronomy",
        "acc,none": 0.40131578947368424,
        "acc_stderr,none": 0.039889037033362836
    },
    "mmlu_college_biology": {
        "alias": "  - college_biology",
        "acc,none": 0.4375,
        "acc_stderr,none": 0.04148415739394154
    },
    "mmlu_college_chemistry": {
        "alias": "  - college_chemistry",
        "acc,none": 0.33,
        "acc_stderr,none": 0.04725815626252604
    },
    "mmlu_college_computer_science": {
        "alias": "  - college_computer_science",
        "acc,none": 0.31,
        "acc_stderr,none": 0.04648231987117316
    },