{
    "mmlu": {
        "acc,none": 0.25487822247543085,
        "acc_stderr,none": 0.003662994186301617,
        "alias": "mmlu"
    },
    "mmlu_humanities": {
        "acc,none": 0.2456960680127524,
        "acc_stderr,none": 0.006270166997484862,
        "alias": " - humanities"
    },
    "mmlu_formal_logic": {
        "alias": "  - formal_logic",
        "acc,none": 0.2222222222222222,
        "acc_stderr,none": 0.037184890068181146
    },
    "mmlu_high_school_european_history": {
        "alias": "  - high_school_european_history",
        "acc,none": 0.23030303030303031,
        "acc_stderr,none": 0.0328766675860349
    },
    "mmlu_high_school_us_history": {
        "alias": "  - high_school_us_history",
        "acc,none": 0.27941176470588236,
        "acc_stderr,none": 0.031493281045079556
    },
    "mmlu_high_school_world_history": {
        "alias": "  - high_school_world_history",
        "acc,none": 0.27848101265822783,
        "acc_stderr,none": 0.029178682304842544
    },
    "mmlu_international_law": {
        "alias": "  - international_law",
        "acc,none": 0.30578512396694213,
        "acc_stderr,none": 0.04205953933884123
    },
    "mmlu_jurisprudence": {
        "alias": "  - jurisprudence",
        "acc,none": 0.2222222222222222,
        "acc_stderr,none": 0.0401910747255735
    },
    "mmlu_logical_fallacies": {
        "alias": "  - logical_fallacies",
        "acc,none": 0.27607361963190186,
        "acc_stderr,none": 0.0351238528370505
    },
    "mmlu_moral_disputes": {
        "alias": "  - moral_disputes",
        "acc,none": 0.2543352601156069,
        "acc_stderr,none": 0.023445826276545543
    },
    "mmlu_moral_scenarios": {
        "alias": "  - moral_scenarios",
        "acc,none": 0.24692737430167597,
        "acc_stderr,none": 0.014422292204808868
    },
    "mmlu_philosophy": {
        "alias": "  - philosophy",
        "acc,none": 0.1832797427652733,
        "acc_stderr,none": 0.0219741988482658
    },
    "mmlu_prehistory": {
        "alias": "  - prehistory",
        "acc,none": 0.20987654320987653,
        "acc_stderr,none": 0.02265834408598136
    },
    "mmlu_professional_law": {
        "alias": "  - professional_law",
        "acc,none": 0.24185136897001303,
        "acc_stderr,none": 0.010936550813827073
    },
    "mmlu_world_religions": {
        "alias": "  - world_religions",
        "acc,none": 0.32748538011695905,
        "acc_stderr,none": 0.035993357714560276
    },
    "mmlu_other": {
        "acc,none": 0.2642420341165111,
        "acc_stderr,none": 0.007851902738311243,
        "alias": " - other"
    },
    "mmlu_business_ethics": {
        "alias": "  - business_ethics",
        "acc,none": 0.23,
        "acc_stderr,none": 0.04229525846816505
    },
    "mmlu_clinical_knowledge": {
        "alias": "  - clinical_knowledge",
        "acc,none": 0.23018867924528302,
        "acc_stderr,none": 0.02590789712240817
    },
    "mmlu_college_medicine": {
        "alias": "  - college_medicine",
        "acc,none": 0.21965317919075145,
        "acc_stderr,none": 0.031568093627031744
    },
    "mmlu_global_facts": {
        "alias": "  - global_facts",
        "acc,none": 0.25,
        "acc_stderr,none": 0.04351941398892446
    },
    "mmlu_human_aging": {
        "alias": "  - human_aging",
        "acc,none": 0.3183856502242152,
        "acc_stderr,none": 0.03126580522513713
    },
    "mmlu_management": {
        "alias": "  - management",
        "acc,none": 0.1941747572815534,
        "acc_stderr,none": 0.03916667762822584
    },
    "mmlu_marketing": {
        "alias": "  - marketing",
        "acc,none": 0.2094017094017094,
        "acc_stderr,none": 0.026655699653922737
    },
    "mmlu_medical_genetics": {
        "alias": "  - medical_genetics",
        "acc,none": 0.3,
        "acc_stderr,none": 0.046056618647183814
    },
    "mmlu_miscellaneous": {
        "alias": "  - miscellaneous",
        "acc,none": 0.2515964240102171,
        "acc_stderr,none": 0.015517322365529624
    },
    "mmlu_nutrition": {
        "alias": "  - nutrition",
        "acc,none": 0.22549019607843138,
        "acc_stderr,none": 0.023929155517351294
    },
    "mmlu_professional_accounting": {
        "alias": "  - professional_accounting",
        "acc,none": 0.25177304964539005,
        "acc_stderr,none": 0.0258921511567094
    },
    "mmlu_professional_medicine": {
        "alias": "  - professional_medicine",
        "acc,none": 0.4338235294117647,
        "acc_stderr,none": 0.030105636570016636
    },
    "mmlu_virology": {
        "alias": "  - virology",
        "acc,none": 0.29518072289156627,
        "acc_stderr,none": 0.035509201856896294
    },
    "mmlu_social_sciences": {
        "acc,none": 0.25089372765680856,
        "acc_stderr,none": 0.007803734973150759,
        "alias": " - social sciences"
    },
    "mmlu_econometrics": {
        "alias": "  - econometrics",
        "acc,none": 0.2631578947368421,
        "acc_stderr,none": 0.0414243971948936
    },
    "mmlu_high_school_geography": {
        "alias": "  - high_school_geography",
        "acc,none": 0.21717171717171718,
        "acc_stderr,none": 0.029376616484945633
    },
    "mmlu_high_school_government_and_politics": {
        "alias": "  - high_school_government_and_politics",
        "acc,none": 0.3316062176165803,
        "acc_stderr,none": 0.03397636541089116
    },
    "mmlu_high_school_macroeconomics": {
        "alias": "  - high_school_macroeconomics",
        "acc,none": 0.28717948717948716,
        "acc_stderr,none": 0.022939925418530616
    },
    "mmlu_high_school_microeconomics": {
        "alias": "  - high_school_microeconomics",
        "acc,none": 0.2184873949579832,
        "acc_stderr,none": 0.02684151432295894
    },
    "mmlu_high_school_psychology": {
        "alias": "  - high_school_psychology",
        "acc,none": 0.22018348623853212,
        "acc_stderr,none": 0.017765978652327565
    },
    "mmlu_human_sexuality": {
        "alias": "  - human_sexuality",
        "acc,none": 0.25190839694656486,
        "acc_stderr,none": 0.038073871163060866
    },
    "mmlu_professional_psychology": {
        "alias": "  - professional_psychology",
        "acc,none": 0.2581699346405229,
        "acc_stderr,none": 0.017704531653250075
    },
    "mmlu_public_relations": {
        "alias": "  - public_relations",
        "acc,none": 0.23636363636363636,
        "acc_stderr,none": 0.04069306319721376
    },
    "mmlu_security_studies": {
        "alias": "  - security_studies",
        "acc,none": 0.2163265306122449,
        "acc_stderr,none": 0.02635891633490403
    },
    "mmlu_sociology": {
        "alias": "  - sociology",
        "acc,none": 0.23383084577114427,
        "acc_stderr,none": 0.0299294154083484
    },
    "mmlu_us_foreign_policy": {
        "alias": "  - us_foreign_policy",
        "acc,none": 0.34,
        "acc_stderr,none": 0.04760952285695235
    },
    "mmlu_stem": {
        "acc,none": 0.26324135743736127,
        "acc_stderr,none": 0.007792184337877941,
        "alias": " - stem"
    },
    "mmlu_abstract_algebra": {
        "alias": "  - abstract_algebra",
        "acc,none": 0.22,
        "acc_stderr,none": 0.04163331998932269
    },
    "mmlu_anatomy": {
        "alias": "  - anatomy",
        "acc,none": 0.2,
        "acc_stderr,none": 0.03455473702325438
    },
    "mmlu_astronomy": {
        "alias": "  - astronomy",
        "acc,none": 0.19078947368421054,
        "acc_stderr,none": 0.031975658210325
    },
    "mmlu_college_biology": {
        "alias": "  - college_biology",
        "acc,none": 0.2847222222222222,
        "acc_stderr,none": 0.03773809990686936
    },
    "mmlu_college_chemistry": {
        "alias": "  - college_chemistry",
        "acc,none": 0.21,
        "acc_stderr,none": 0.040936018074033256
    },
    "mmlu_college_computer_science": {
        "alias": "  - college_computer_science",
        "acc,none": 0.3,
        "acc_stderr,none": 0.046056618647183814
    },