{
    "mmlu": {
        "acc,none": 0.25672981056829514,
        "acc_stderr,none": 0.003675503516372055,
        "alias": "mmlu"
    },
    "mmlu_humanities": {
        "acc,none": 0.24017003188097769,
        "acc_stderr,none": 0.006223936011048939,
        "alias": " - humanities"
    },
    "mmlu_formal_logic": {
        "alias": "  - formal_logic",
        "acc,none": 0.16666666666666666,
        "acc_stderr,none": 0.03333333333333338
    },
    "mmlu_high_school_european_history": {
        "alias": "  - high_school_european_history",
        "acc,none": 0.2909090909090909,
        "acc_stderr,none": 0.03546563019624336
    },
    "mmlu_high_school_us_history": {
        "alias": "  - high_school_us_history",
        "acc,none": 0.2647058823529412,
        "acc_stderr,none": 0.03096451792692341
    },
    "mmlu_high_school_world_history": {
        "alias": "  - high_school_world_history",
        "acc,none": 0.270042194092827,
        "acc_stderr,none": 0.028900721906293426
    },
    "mmlu_international_law": {
        "alias": "  - international_law",
        "acc,none": 0.24793388429752067,
        "acc_stderr,none": 0.039418975265163025
    },
    "mmlu_jurisprudence": {
        "alias": "  - jurisprudence",
        "acc,none": 0.23148148148148148,
        "acc_stderr,none": 0.04077494709252628
    },
    "mmlu_logical_fallacies": {
        "alias": "  - logical_fallacies",
        "acc,none": 0.2085889570552147,
        "acc_stderr,none": 0.031921934489347235
    },
    "mmlu_moral_disputes": {
        "alias": "  - moral_disputes",
        "acc,none": 0.21965317919075145,
        "acc_stderr,none": 0.022289638852617893
    },
    "mmlu_moral_scenarios": {
        "alias": "  - moral_scenarios",
        "acc,none": 0.23798882681564246,
        "acc_stderr,none": 0.014242630070574885
    },
    "mmlu_philosophy": {
        "alias": "  - philosophy",
        "acc,none": 0.17363344051446947,
        "acc_stderr,none": 0.021514051585970424
    },
    "mmlu_prehistory": {
        "alias": "  - prehistory",
        "acc,none": 0.25925925925925924,
        "acc_stderr,none": 0.024383665531035454
    },
    "mmlu_professional_law": {
        "alias": "  - professional_law",
        "acc,none": 0.25097783572359844,
        "acc_stderr,none": 0.011073730299187226
    },
    "mmlu_world_religions": {
        "alias": "  - world_religions",
        "acc,none": 0.24561403508771928,
        "acc_stderr,none": 0.033014059469872487
    },
    "mmlu_other": {
        "acc,none": 0.26906984229159964,
        "acc_stderr,none": 0.007907044304262244,
        "alias": " - other"
    },
    "mmlu_business_ethics": {
        "alias": "  - business_ethics",
        "acc,none": 0.32,
        "acc_stderr,none": 0.046882617226215034
    },
    "mmlu_clinical_knowledge": {
        "alias": "  - clinical_knowledge",
        "acc,none": 0.2037735849056604,
        "acc_stderr,none": 0.024790784501775416
    },
    "mmlu_college_medicine": {
        "alias": "  - college_medicine",
        "acc,none": 0.2543352601156069,
        "acc_stderr,none": 0.0332055644308557
    },
    "mmlu_global_facts": {
        "alias": "  - global_facts",
        "acc,none": 0.21,
        "acc_stderr,none": 0.040936018074033256
    },
    "mmlu_human_aging": {
        "alias": "  - human_aging",
        "acc,none": 0.35874439461883406,
        "acc_stderr,none": 0.032190792004199956
    },
    "mmlu_management": {
        "alias": "  - management",
        "acc,none": 0.17475728155339806,
        "acc_stderr,none": 0.0376017800602662
    },
    "mmlu_marketing": {
        "alias": "  - marketing",
        "acc,none": 0.1794871794871795,
        "acc_stderr,none": 0.025140935950335435
    },
    "mmlu_medical_genetics": {
        "alias": "  - medical_genetics",
        "acc,none": 0.3,
        "acc_stderr,none": 0.046056618647183814
    },
    "mmlu_miscellaneous": {
        "alias": "  - miscellaneous",
        "acc,none": 0.28991060025542786,
        "acc_stderr,none": 0.01622501794477096
    },
    "mmlu_nutrition": {
        "alias": "  - nutrition",
        "acc,none": 0.22549019607843138,
        "acc_stderr,none": 0.023929155517351294
    },
    "mmlu_professional_accounting": {
        "alias": "  - professional_accounting",
        "acc,none": 0.2624113475177305,
        "acc_stderr,none": 0.026244920349843
    },
    "mmlu_professional_medicine": {
        "alias": "  - professional_medicine",
        "acc,none": 0.36764705882352944,
        "acc_stderr,none": 0.029289413409403196
    },
    "mmlu_virology": {
        "alias": "  - virology",
        "acc,none": 0.2710843373493976,
        "acc_stderr,none": 0.03460579907553026
    },
    "mmlu_social_sciences": {
        "acc,none": 0.2648683782905427,
        "acc_stderr,none": 0.007933988708133806,
        "alias": " - social sciences"
    },
    "mmlu_econometrics": {
        "alias": "  - econometrics",
        "acc,none": 0.21929824561403508,
        "acc_stderr,none": 0.03892431106518752
    },
    "mmlu_high_school_geography": {
        "alias": "  - high_school_geography",
        "acc,none": 0.25252525252525254,
        "acc_stderr,none": 0.030954055470365914
    },
    "mmlu_high_school_government_and_politics": {
        "alias": "  - high_school_government_and_politics",
        "acc,none": 0.3626943005181347,
        "acc_stderr,none": 0.034697137917043715
    },
    "mmlu_high_school_macroeconomics": {
        "alias": "  - high_school_macroeconomics",
        "acc,none": 0.28205128205128205,
        "acc_stderr,none": 0.0228158130988966
    },
    "mmlu_high_school_microeconomics": {
        "alias": "  - high_school_microeconomics",
        "acc,none": 0.33613445378151263,
        "acc_stderr,none": 0.030684737115135363
    },
    "mmlu_high_school_psychology": {
        "alias": "  - high_school_psychology",
        "acc,none": 0.21284403669724772,
        "acc_stderr,none": 0.017549376389313694
    },
    "mmlu_human_sexuality": {
        "alias": "  - human_sexuality",
        "acc,none": 0.26717557251908397,
        "acc_stderr,none": 0.038808483010823965
    },
    "mmlu_professional_psychology": {
        "alias": "  - professional_psychology",
        "acc,none": 0.26143790849673204,
        "acc_stderr,none": 0.017776947157528027
    },
    "mmlu_public_relations": {
        "alias": "  - public_relations",
        "acc,none": 0.24545454545454545,
        "acc_stderr,none": 0.04122066502878284
    },
    "mmlu_security_studies": {
        "alias": "  - security_studies",
        "acc,none": 0.2897959183673469,
        "acc_stderr,none": 0.02904308868330432
    },
    "mmlu_sociology": {
        "alias": "  - sociology",
        "acc,none": 0.24875621890547264,
        "acc_stderr,none": 0.030567675938916707
    },
    "mmlu_us_foreign_policy": {
        "alias": "  - us_foreign_policy",
        "acc,none": 0.21,
        "acc_stderr,none": 0.040936018074033256
    },
    "mmlu_stem": {
        "acc,none": 0.2613384078655249,
        "acc_stderr,none": 0.007812241021046497,
        "alias": " - stem"
    },
    "mmlu_abstract_algebra": {
        "alias": "  - abstract_algebra",
        "acc,none": 0.22,
        "acc_stderr,none": 0.04163331998932269
    },
    "mmlu_anatomy": {
        "alias": "  - anatomy",
        "acc,none": 0.28888888888888886,
        "acc_stderr,none": 0.0391545063041425
    },
    "mmlu_astronomy": {
        "alias": "  - astronomy",
        "acc,none": 0.21710526315789475,
        "acc_stderr,none": 0.033550453048829226
    },
    "mmlu_college_biology": {
        "alias": "  - college_biology",
        "acc,none": 0.22916666666666666,
        "acc_stderr,none": 0.035146974678623884
    },
    "mmlu_college_chemistry": {
        "alias": "  - college_chemistry",
        "acc,none": 0.18,
        "acc_stderr,none": 0.038612291966536934
    },
    "mmlu_college_computer_science": {
        "alias": "  - college_computer_science",
        "acc,none": 0.24,