{
    "mmlu": {
        "acc,none": 0.25409485828229594,
        "acc_stderr,none": 0.0036550396106520937,
        "alias": "mmlu"
    },
    "mmlu_humanities": {
        "acc,none": 0.2454835281615303,
        "acc_stderr,none": 0.006269499655794778,
        "alias": " - humanities"
    },
    "mmlu_formal_logic": {
        "alias": "  - formal_logic",
        "acc,none": 0.18253968253968253,
        "acc_stderr,none": 0.03455071019102149
    },
    "mmlu_high_school_european_history": {
        "alias": "  - high_school_european_history",
        "acc,none": 0.23030303030303031,
        "acc_stderr,none": 0.0328766675860349
    },
    "mmlu_high_school_us_history": {
        "alias": "  - high_school_us_history",
        "acc,none": 0.24019607843137256,
        "acc_stderr,none": 0.02998373305591362
    },
    "mmlu_high_school_world_history": {
        "alias": "  - high_school_world_history",
        "acc,none": 0.28270042194092826,
        "acc_stderr,none": 0.02931281415395593
    },
    "mmlu_international_law": {
        "alias": "  - international_law",
        "acc,none": 0.256198347107438,
        "acc_stderr,none": 0.03984979653302871
    },
    "mmlu_jurisprudence": {
        "alias": "  - jurisprudence",
        "acc,none": 0.21296296296296297,
        "acc_stderr,none": 0.03957835471980981
    },
    "mmlu_logical_fallacies": {
        "alias": "  - logical_fallacies",
        "acc,none": 0.2331288343558282,
        "acc_stderr,none": 0.0332201579577674
    },
    "mmlu_moral_disputes": {
        "alias": "  - moral_disputes",
        "acc,none": 0.21965317919075145,
        "acc_stderr,none": 0.022289638852617897
    },
    "mmlu_moral_scenarios": {
        "alias": "  - moral_scenarios",
        "acc,none": 0.27262569832402234,
        "acc_stderr,none": 0.014893391735249603
    },
    "mmlu_philosophy": {
        "alias": "  - philosophy",
        "acc,none": 0.20257234726688103,
        "acc_stderr,none": 0.02282731749105968
    },
    "mmlu_prehistory": {
        "alias": "  - prehistory",
        "acc,none": 0.21604938271604937,
        "acc_stderr,none": 0.022899162918445806
    },
    "mmlu_professional_law": {
        "alias": "  - professional_law",
        "acc,none": 0.26140808344198174,
        "acc_stderr,none": 0.011222528169771309
    },
    "mmlu_world_religions": {
        "alias": "  - world_religions",
        "acc,none": 0.1871345029239766,
        "acc_stderr,none": 0.029913127232368043
    },
    "mmlu_other": {
        "acc,none": 0.2642420341165111,
        "acc_stderr,none": 0.007827182641506565,
        "alias": " - other"
    },
    "mmlu_business_ethics": {
        "alias": "  - business_ethics",
        "acc,none": 0.21,
        "acc_stderr,none": 0.040936018074033256
    },
    "mmlu_clinical_knowledge": {
        "alias": "  - clinical_knowledge",
        "acc,none": 0.2188679245283019,
        "acc_stderr,none": 0.02544786382510861
    },
    "mmlu_college_medicine": {
        "alias": "  - college_medicine",
        "acc,none": 0.21965317919075145,
        "acc_stderr,none": 0.031568093627031744
    },
    "mmlu_global_facts": {
        "alias": "  - global_facts",
        "acc,none": 0.17,
        "acc_stderr,none": 0.0377525168068637
    },
    "mmlu_human_aging": {
        "alias": "  - human_aging",
        "acc,none": 0.33183856502242154,
        "acc_stderr,none": 0.03160295143776679
    },
    "mmlu_management": {
        "alias": "  - management",
        "acc,none": 0.1553398058252427,
        "acc_stderr,none": 0.03586594738573974
    },
    "mmlu_marketing": {
        "alias": "  - marketing",
        "acc,none": 0.19658119658119658,
        "acc_stderr,none": 0.02603538609895129
    },
    "mmlu_medical_genetics": {
        "alias": "  - medical_genetics",
        "acc,none": 0.3,
        "acc_stderr,none": 0.046056618647183814
    },
    "mmlu_miscellaneous": {
        "alias": "  - miscellaneous",
        "acc,none": 0.2707535121328225,
        "acc_stderr,none": 0.015889888362560486
    },
    "mmlu_nutrition": {
        "alias": "  - nutrition",
        "acc,none": 0.2549019607843137,
        "acc_stderr,none": 0.024954184324879912
    },
    "mmlu_professional_accounting": {
        "alias": "  - professional_accounting",
        "acc,none": 0.2553191489361702,
        "acc_stderr,none": 0.026011992930902
    },
    "mmlu_professional_medicine": {
        "alias": "  - professional_medicine",
        "acc,none": 0.4485294117647059,
        "acc_stderr,none": 0.030211479609121593
    },
    "mmlu_virology": {
        "alias": "  - virology",
        "acc,none": 0.22289156626506024,
        "acc_stderr,none": 0.03240004825594687
    },
    "mmlu_social_sciences": {
        "acc,none": 0.23886902827429315,
        "acc_stderr,none": 0.00769308770296013,
        "alias": " - social sciences"
    },
    "mmlu_econometrics": {
        "alias": "  - econometrics",
        "acc,none": 0.24561403508771928,
        "acc_stderr,none": 0.04049339297748141
    },
    "mmlu_high_school_geography": {
        "alias": "  - high_school_geography",
        "acc,none": 0.21717171717171718,
        "acc_stderr,none": 0.029376616484945633
    },
    "mmlu_high_school_government_and_politics": {
        "alias": "  - high_school_government_and_politics",
        "acc,none": 0.23316062176165803,
        "acc_stderr,none": 0.03051611137147601
    },
    "mmlu_high_school_macroeconomics": {
        "alias": "  - high_school_macroeconomics",
        "acc,none": 0.21794871794871795,
        "acc_stderr,none": 0.02093244577446319
    },
    "mmlu_high_school_microeconomics": {
        "alias": "  - high_school_microeconomics",
        "acc,none": 0.29831932773109243,
        "acc_stderr,none": 0.029719142876342853
    },
    "mmlu_high_school_psychology": {
        "alias": "  - high_school_psychology",
        "acc,none": 0.22935779816513763,
        "acc_stderr,none": 0.018025349724618684
    },
    "mmlu_human_sexuality": {
        "alias": "  - human_sexuality",
        "acc,none": 0.25190839694656486,
        "acc_stderr,none": 0.03807387116306086
    },
    "mmlu_professional_psychology": {
        "alias": "  - professional_psychology",
        "acc,none": 0.2369281045751634,
        "acc_stderr,none": 0.017201662169789803
    },
    "mmlu_public_relations": {
        "alias": "  - public_relations",
        "acc,none": 0.22727272727272727,
        "acc_stderr,none": 0.04013964554072775
    },
    "mmlu_security_studies": {
        "alias": "  - security_studies",
        "acc,none": 0.24081632653061225,
        "acc_stderr,none": 0.02737294220178817
    },
    "mmlu_sociology": {
        "alias": "  - sociology",
        "acc,none": 0.24875621890547264,
        "acc_stderr,none": 0.03056767593891672
    },
    "mmlu_us_foreign_policy": {
        "alias": "  - us_foreign_policy",
        "acc,none": 0.26,
        "acc_stderr,none": 0.044084400227680794
    },
    "mmlu_stem": {
        "acc,none": 0.2718046305106248,
        "acc_stderr,none": 0.007848155349619525,
        "alias": " - stem"
    },
    "mmlu_abstract_algebra": {
        "alias": "  - abstract_algebra",
        "acc,none": 0.22,
        "acc_stderr,none": 0.04163331998932269
    },
    "mmlu_anatomy": {
        "alias": "  - anatomy",
        "acc,none": 0.2814814814814815,
        "acc_stderr,none": 0.03885004245800254
    },
    "mmlu_astronomy": {
        "alias": "  - astronomy",
        "acc,none": 0.18421052631578946,
        "acc_stderr,none": 0.031546980450822305
    },
    "mmlu_college_biology": {
        "alias": "  - college_biology",
        "acc,none": 0.2222222222222222,
        "acc_stderr,none": 0.03476590104304134
    },
    "mmlu_college_chemistry": {
        "alias": "  - college_chemistry",
        "acc,none": 0.2,
        "acc_stderr,none": 0.040201512610368445
    },
    "mmlu_college_computer_science": {
        "alias": "  - college_computer_science",
        "acc,none": 0.14,