{
    "mmlu": {
        "acc,none": 0.47229739353368466,
        "acc_stderr,none": 0.003990985858271002,
        "alias": "mmlu"
    },
    "mmlu_humanities": {
        "acc,none": 0.42826780021253985,
        "acc_stderr,none": 0.006891527395284335,
        "alias": " - humanities"
    },
    "mmlu_formal_logic": {
        "alias": "  - formal_logic",
        "acc,none": 0.2777777777777778,
        "acc_stderr,none": 0.040061680838488795
    },
    "mmlu_high_school_european_history": {
        "alias": "  - high_school_european_history",
        "acc,none": 0.5818181818181818,
        "acc_stderr,none": 0.038517163193983954
    },
    "mmlu_high_school_us_history": {
        "alias": "  - high_school_us_history",
        "acc,none": 0.7303921568627451,
        "acc_stderr,none": 0.031145570659486782
    },
    "mmlu_high_school_world_history": {
        "alias": "  - high_school_world_history",
        "acc,none": 0.5316455696202531,
        "acc_stderr,none": 0.032481974005110756
    },
    "mmlu_international_law": {
        "alias": "  - international_law",
        "acc,none": 0.5867768595041323,
        "acc_stderr,none": 0.04495087843548408
    },
    "mmlu_jurisprudence": {
        "alias": "  - jurisprudence",
        "acc,none": 0.5092592592592593,
        "acc_stderr,none": 0.04832853553437056
    },
    "mmlu_logical_fallacies": {
        "alias": "  - logical_fallacies",
        "acc,none": 0.6380368098159509,
        "acc_stderr,none": 0.037757007291414416
    },
    "mmlu_moral_disputes": {
        "alias": "  - moral_disputes",
        "acc,none": 0.407514450867052,
        "acc_stderr,none": 0.0264545781469315
    },
    "mmlu_moral_scenarios": {
        "alias": "  - moral_scenarios",
        "acc,none": 0.39106145251396646,
        "acc_stderr,none": 0.01632076376380838
    },
    "mmlu_philosophy": {
        "alias": "  - philosophy",
        "acc,none": 0.6141479099678456,
        "acc_stderr,none": 0.02764814959975147
    },
    "mmlu_prehistory": {
        "alias": "  - prehistory",
        "acc,none": 0.5216049382716049,
        "acc_stderr,none": 0.02779476010500874
    },
    "mmlu_professional_law": {
        "alias": "  - professional_law",
        "acc,none": 0.2685788787483703,
        "acc_stderr,none": 0.011320056629121724
    },
    "mmlu_world_religions": {
        "alias": "  - world_religions",
        "acc,none": 0.6783625730994152,
        "acc_stderr,none": 0.03582529442573122
    },
    "mmlu_other": {
        "acc,none": 0.5548760862568394,
        "acc_stderr,none": 0.008386777402989197,
        "alias": " - other"
    },
    "mmlu_business_ethics": {
        "alias": "  - business_ethics",
        "acc,none": 0.5,
        "acc_stderr,none": 0.050251890762960605
    },
    "mmlu_clinical_knowledge": {
        "alias": "  - clinical_knowledge",
        "acc,none": 0.4641509433962264,
        "acc_stderr,none": 0.030693675018458003
    },
    "mmlu_college_medicine": {
        "alias": "  - college_medicine",
        "acc,none": 0.3988439306358382,
        "acc_stderr,none": 0.037336266553835096
    },
    "mmlu_global_facts": {
        "alias": "  - global_facts",
        "acc,none": 0.19,
        "acc_stderr,none": 0.03942772444036624
    },
    "mmlu_human_aging": {
        "alias": "  - human_aging",
        "acc,none": 0.6322869955156951,
        "acc_stderr,none": 0.032361983509282745
    },
    "mmlu_management": {
        "alias": "  - management",
        "acc,none": 0.5631067961165048,
        "acc_stderr,none": 0.04911147107365777
    },
    "mmlu_marketing": {
        "alias": "  - marketing",
        "acc,none": 0.7393162393162394,
        "acc_stderr,none": 0.02876034895652341
    },
    "mmlu_medical_genetics": {
        "alias": "  - medical_genetics",
        "acc,none": 0.66,
        "acc_stderr,none": 0.04760952285695237
    },
    "mmlu_miscellaneous": {
        "alias": "  - miscellaneous",
        "acc,none": 0.7598978288633461,
        "acc_stderr,none": 0.015274685213734191
    },
    "mmlu_nutrition": {
        "alias": "  - nutrition",
        "acc,none": 0.48366013071895425,
        "acc_stderr,none": 0.028614624752805413
    },
    "mmlu_professional_accounting": {
        "alias": "  - professional_accounting",
        "acc,none": 0.2765957446808511,
        "acc_stderr,none": 0.026684564340460994
    },
    "mmlu_professional_medicine": {
        "alias": "  - professional_medicine",
        "acc,none": 0.5036764705882353,
        "acc_stderr,none": 0.030372015885428195
    },
    "mmlu_virology": {
        "alias": "  - virology",
        "acc,none": 0.4036144578313253,
        "acc_stderr,none": 0.03819486140758398
    },
    "mmlu_social_sciences": {
        "acc,none": 0.5521611959701007,
        "acc_stderr,none": 0.008731335555846995,
        "alias": " - social sciences"
    },
    "mmlu_econometrics": {
        "alias": "  - econometrics",
        "acc,none": 0.42105263157894735,
        "acc_stderr,none": 0.046446020912223177
    },
    "mmlu_high_school_geography": {
        "alias": "  - high_school_geography",
        "acc,none": 0.5858585858585859,
        "acc_stderr,none": 0.03509438348879629
    },
    "mmlu_high_school_government_and_politics": {
        "alias": "  - high_school_government_and_politics",
        "acc,none": 0.8186528497409327,
        "acc_stderr,none": 0.02780703236068609
    },
    "mmlu_high_school_macroeconomics": {
        "alias": "  - high_school_macroeconomics",
        "acc,none": 0.49743589743589745,
        "acc_stderr,none": 0.025350672979412195
    },
    "mmlu_high_school_microeconomics": {
        "alias": "  - high_school_microeconomics",
        "acc,none": 0.47058823529411764,
        "acc_stderr,none": 0.03242225027115006
    },
    "mmlu_high_school_psychology": {
        "alias": "  - high_school_psychology",
        "acc,none": 0.6403669724770642,
        "acc_stderr,none": 0.020575234660123787
    },
    "mmlu_human_sexuality": {
        "alias": "  - human_sexuality",
        "acc,none": 0.48091603053435117,
        "acc_stderr,none": 0.043820947055509867
    },
    "mmlu_professional_psychology": {
        "alias": "  - professional_psychology",
        "acc,none": 0.5196078431372549,
        "acc_stderr,none": 0.020212274976302957
    },
    "mmlu_public_relations": {
        "alias": "  - public_relations",
        "acc,none": 0.5727272727272728,
        "acc_stderr,none": 0.04738198703545483
    },
    "mmlu_security_studies": {
        "alias": "  - security_studies",
        "acc,none": 0.3510204081632653,
        "acc_stderr,none": 0.030555316755573637
    },
    "mmlu_sociology": {
        "alias": "  - sociology",
        "acc,none": 0.5422885572139303,
        "acc_stderr,none": 0.03522865864099598
    },
    "mmlu_us_foreign_policy": {
        "alias": "  - us_foreign_policy",
        "acc,none": 0.83,
        "acc_stderr,none": 0.0377525168068637
    },
    "mmlu_stem": {
        "acc,none": 0.3786869647954329,
        "acc_stderr,none": 0.008321649727170245,
        "alias": " - stem"
    },
    "mmlu_abstract_algebra": {
        "alias": "  - abstract_algebra",
        "acc,none": 0.23,
        "acc_stderr,none": 0.042295258468165065
    },
    "mmlu_anatomy": {
        "alias": "  - anatomy",
        "acc,none": 0.5481481481481482,
        "acc_stderr,none": 0.04299268905480864
    },
    "mmlu_astronomy": {
        "alias": "  - astronomy",
        "acc,none": 0.40789473684210525,
        "acc_stderr,none": 0.03999309712777472
    },
    "mmlu_college_biology": {
        "alias": "  - college_biology",
        "acc,none": 0.5833333333333334,
        "acc_stderr,none": 0.04122728707651282
    },
    "mmlu_college_chemistry": {
        "alias": "  - college_chemistry",
        "acc,none": 0.33,
        "acc_stderr,none": 0.047258156262526045
    },
    "mmlu_college_computer_science": {
        "alias": "  - college_computer_science",
        "acc,none": 0.28,