{
    "mmlu": {
        "acc,none": 0.6358068651189289,
        "acc_stderr,none": 0.0038058577619060423,
        "alias": "mmlu"
    },
    "mmlu_humanities": {
        "acc,none": 0.5772582359192349,
        "acc_stderr,none": 0.006744722778126295,
        "alias": " - humanities"
    },
    "mmlu_formal_logic": {
        "alias": "  - formal_logic",
        "acc,none": 0.4126984126984127,
        "acc_stderr,none": 0.04403438954768176
    },
    "mmlu_high_school_european_history": {
        "alias": "  - high_school_european_history",
        "acc,none": 0.7575757575757576,
        "acc_stderr,none": 0.03346409881055953
    },
    "mmlu_high_school_us_history": {
        "alias": "  - high_school_us_history",
        "acc,none": 0.8382352941176471,
        "acc_stderr,none": 0.02584501798692693
    },
    "mmlu_high_school_world_history": {
        "alias": "  - high_school_world_history",
        "acc,none": 0.8185654008438819,
        "acc_stderr,none": 0.025085961144579658
    },
    "mmlu_international_law": {
        "alias": "  - international_law",
        "acc,none": 0.8181818181818182,
        "acc_stderr,none": 0.03520893951097652
    },
    "mmlu_jurisprudence": {
        "alias": "  - jurisprudence",
        "acc,none": 0.8055555555555556,
        "acc_stderr,none": 0.038260763248848646
    },
    "mmlu_logical_fallacies": {
        "alias": "  - logical_fallacies",
        "acc,none": 0.7361963190184049,
        "acc_stderr,none": 0.03462419931615624
    },
    "mmlu_moral_disputes": {
        "alias": "  - moral_disputes",
        "acc,none": 0.6936416184971098,
        "acc_stderr,none": 0.024818350129436593
    },
    "mmlu_moral_scenarios": {
        "alias": "  - moral_scenarios",
        "acc,none": 0.3743016759776536,
        "acc_stderr,none": 0.016185444179457175
    },
    "mmlu_philosophy": {
        "alias": "  - philosophy",
        "acc,none": 0.7427652733118971,
        "acc_stderr,none": 0.024826171289250888
    },
    "mmlu_prehistory": {
        "alias": "  - prehistory",
        "acc,none": 0.7253086419753086,
        "acc_stderr,none": 0.024836057868294677
    },
    "mmlu_professional_law": {
        "alias": "  - professional_law",
        "acc,none": 0.4498044328552803,
        "acc_stderr,none": 0.012705721498565109
    },
    "mmlu_world_religions": {
        "alias": "  - world_religions",
        "acc,none": 0.8011695906432749,
        "acc_stderr,none": 0.03061111655743253
    },
    "mmlu_other": {
        "acc,none": 0.7186997103315095,
        "acc_stderr,none": 0.007726094234534602,
        "alias": " - other"
    },
    "mmlu_business_ethics": {
        "alias": "  - business_ethics",
        "acc,none": 0.6,
        "acc_stderr,none": 0.049236596391733084
    },
    "mmlu_clinical_knowledge": {
        "alias": "  - clinical_knowledge",
        "acc,none": 0.7509433962264151,
        "acc_stderr,none": 0.026616482980501715
    },
    "mmlu_college_medicine": {
        "alias": "  - college_medicine",
        "acc,none": 0.6589595375722543,
        "acc_stderr,none": 0.036146654241808254
    },
    "mmlu_global_facts": {
        "alias": "  - global_facts",
        "acc,none": 0.37,
        "acc_stderr,none": 0.04852365870939099
    },
    "mmlu_human_aging": {
        "alias": "  - human_aging",
        "acc,none": 0.695067264573991,
        "acc_stderr,none": 0.03089861088247751
    },
    "mmlu_management": {
        "alias": "  - management",
        "acc,none": 0.883495145631068,
        "acc_stderr,none": 0.03176683948640407
    },
    "mmlu_marketing": {
        "alias": "  - marketing",
        "acc,none": 0.8760683760683761,
        "acc_stderr,none": 0.021586494001281358
    },
    "mmlu_medical_genetics": {
        "alias": "  - medical_genetics",
        "acc,none": 0.81,
        "acc_stderr,none": 0.03942772444036622
    },
    "mmlu_miscellaneous": {
        "alias": "  - miscellaneous",
        "acc,none": 0.822477650063857,
        "acc_stderr,none": 0.01366423099583485
    },
    "mmlu_nutrition": {
        "alias": "  - nutrition",
        "acc,none": 0.7647058823529411,
        "acc_stderr,none": 0.024288619466046123
    },
    "mmlu_professional_accounting": {
        "alias": "  - professional_accounting",
        "acc,none": 0.49645390070921985,
        "acc_stderr,none": 0.02982674915328092
    },
    "mmlu_professional_medicine": {
        "alias": "  - professional_medicine",
        "acc,none": 0.6911764705882353,
        "acc_stderr,none": 0.028064998167040094
    },
    "mmlu_virology": {
        "alias": "  - virology",
        "acc,none": 0.5120481927710844,
        "acc_stderr,none": 0.03891364495835817
    },
    "mmlu_social_sciences": {
        "acc,none": 0.7474813129671758,
        "acc_stderr,none": 0.0076522110700106985,
        "alias": " - social sciences"
    },
    "mmlu_econometrics": {
        "alias": "  - econometrics",
        "acc,none": 0.5,
        "acc_stderr,none": 0.047036043419179864
    },
    "mmlu_high_school_geography": {
        "alias": "  - high_school_geography",
        "acc,none": 0.8131313131313131,
        "acc_stderr,none": 0.027772533334218988
    },
    "mmlu_high_school_government_and_politics": {
        "alias": "  - high_school_government_and_politics",
        "acc,none": 0.8808290155440415,
        "acc_stderr,none": 0.02338193534812142
    },
    "mmlu_high_school_macroeconomics": {
        "alias": "  - high_school_macroeconomics",
        "acc,none": 0.6307692307692307,
        "acc_stderr,none": 0.024468615241478916
    },
    "mmlu_high_school_microeconomics": {
        "alias": "  - high_school_microeconomics",
        "acc,none": 0.7142857142857143,
        "acc_stderr,none": 0.02934457250063433
    },
    "mmlu_high_school_psychology": {
        "alias": "  - high_school_psychology",
        "acc,none": 0.8477064220183487,
        "acc_stderr,none": 0.015405084393157069
    },
    "mmlu_human_sexuality": {
        "alias": "  - human_sexuality",
        "acc,none": 0.7480916030534351,
        "acc_stderr,none": 0.038073871163060866
    },
    "mmlu_professional_psychology": {
        "alias": "  - professional_psychology",
        "acc,none": 0.6813725490196079,
        "acc_stderr,none": 0.018850084696468705
    },
    "mmlu_public_relations": {
        "alias": "  - public_relations",
        "acc,none": 0.7272727272727273,
        "acc_stderr,none": 0.04265792110940589
    },
    "mmlu_security_studies": {
        "alias": "  - security_studies",
        "acc,none": 0.7428571428571429,
        "acc_stderr,none": 0.02797982353874455
    },
    "mmlu_sociology": {
        "alias": "  - sociology",
        "acc,none": 0.8407960199004975,
        "acc_stderr,none": 0.025870646766169136
    },
    "mmlu_us_foreign_policy": {
        "alias": "  - us_foreign_policy",
        "acc,none": 0.88,
        "acc_stderr,none": 0.03265986323710905
    },
    "mmlu_stem": {
        "acc,none": 0.5325087218522042,
        "acc_stderr,none": 0.008500999209540294,
        "alias": " - stem"
    },
    "mmlu_abstract_algebra": {
        "alias": "  - abstract_algebra",
        "acc,none": 0.28,
        "acc_stderr,none": 0.04512608598542127
    },
    "mmlu_anatomy": {
        "alias": "  - anatomy",
        "acc,none": 0.7037037037037037,
        "acc_stderr,none": 0.03944624162501116
    },
    "mmlu_astronomy": {
        "alias": "  - astronomy",
        "acc,none": 0.6776315789473685,
        "acc_stderr,none": 0.03803510248351586
    },
    "mmlu_college_biology": {
        "alias": "  - college_biology",
        "acc,none": 0.7708333333333334,
        "acc_stderr,none": 0.035146974678623884
    },
    "mmlu_college_chemistry": {
        "alias": "  - college_chemistry",
        "acc,none": 0.45,
        "acc_stderr,none": 0.05
    },
    "mmlu_college_computer_science": {
        "alias": "  - college_computer_science",
        "acc,none": 0.43,
        "acc_stderr,none": 0.04975698519562428
    },