{
    "mmlu": {
        "acc,none": 0.549636803874092,
        "acc_stderr,none": 0.0039777865062627475,
        "alias": "mmlu"
    },
    "mmlu_humanities": {
        "acc,none": 0.50605738575983,
        "acc_stderr,none": 0.006836165026456372,
        "alias": " - humanities"
    },
    "mmlu_formal_logic": {
        "alias": "  - formal_logic",
        "acc,none": 0.35714285714285715,
        "acc_stderr,none": 0.04285714285714281
    },
    "mmlu_high_school_european_history": {
        "alias": "  - high_school_european_history",
        "acc,none": 0.7333333333333333,
        "acc_stderr,none": 0.03453131801885417
    },
    "mmlu_high_school_us_history": {
        "alias": "  - high_school_us_history",
        "acc,none": 0.6568627450980392,
        "acc_stderr,none": 0.033321399446680854
    },
    "mmlu_high_school_world_history": {
        "alias": "  - high_school_world_history",
        "acc,none": 0.759493670886076,
        "acc_stderr,none": 0.027820781981149675
    },
    "mmlu_international_law": {
        "alias": "  - international_law",
        "acc,none": 0.7520661157024794,
        "acc_stderr,none": 0.039418975265163025
    },
    "mmlu_jurisprudence": {
        "alias": "  - jurisprudence",
        "acc,none": 0.6388888888888888,
        "acc_stderr,none": 0.04643454608906275
    },
    "mmlu_logical_fallacies": {
        "alias": "  - logical_fallacies",
        "acc,none": 0.6012269938650306,
        "acc_stderr,none": 0.03847021420456023
    },
    "mmlu_moral_disputes": {
        "alias": "  - moral_disputes",
        "acc,none": 0.6473988439306358,
        "acc_stderr,none": 0.025722802200895817
    },
    "mmlu_moral_scenarios": {
        "alias": "  - moral_scenarios",
        "acc,none": 0.24581005586592178,
        "acc_stderr,none": 0.014400296429225598
    },
    "mmlu_philosophy": {
        "alias": "  - philosophy",
        "acc,none": 0.6270096463022508,
        "acc_stderr,none": 0.027466610213140112
    },
    "mmlu_prehistory": {
        "alias": "  - prehistory",
        "acc,none": 0.6975308641975309,
        "acc_stderr,none": 0.025557653981868038
    },
    "mmlu_professional_law": {
        "alias": "  - professional_law",
        "acc,none": 0.4256844850065189,
        "acc_stderr,none": 0.01262839355181194
    },
    "mmlu_world_religions": {
        "alias": "  - world_religions",
        "acc,none": 0.7309941520467836,
        "acc_stderr,none": 0.03401052620104089
    },
    "mmlu_other": {
        "acc,none": 0.6379143868683618,
        "acc_stderr,none": 0.008231540855729365,
        "alias": " - other"
    },
    "mmlu_business_ethics": {
        "alias": "  - business_ethics",
        "acc,none": 0.61,
        "acc_stderr,none": 0.04902071300001974
    },
    "mmlu_clinical_knowledge": {
        "alias": "  - clinical_knowledge",
        "acc,none": 0.5849056603773585,
        "acc_stderr,none": 0.03032594578928611
    },
    "mmlu_college_medicine": {
        "alias": "  - college_medicine",
        "acc,none": 0.5260115606936416,
        "acc_stderr,none": 0.03807301726504511
    },
    "mmlu_global_facts": {
        "alias": "  - global_facts",
        "acc,none": 0.41,
        "acc_stderr,none": 0.049431107042371025
    },
    "mmlu_human_aging": {
        "alias": "  - human_aging",
        "acc,none": 0.6860986547085202,
        "acc_stderr,none": 0.031146796482972465
    },
    "mmlu_management": {
        "alias": "  - management",
        "acc,none": 0.7864077669902912,
        "acc_stderr,none": 0.04058042015646034
    },
    "mmlu_marketing": {
        "alias": "  - marketing",
        "acc,none": 0.8589743589743589,
        "acc_stderr,none": 0.022801382534597535
    },
    "mmlu_medical_genetics": {
        "alias": "  - medical_genetics",
        "acc,none": 0.69,
        "acc_stderr,none": 0.04648231987117316
    },
    "mmlu_miscellaneous": {
        "alias": "  - miscellaneous",
        "acc,none": 0.7854406130268199,
        "acc_stderr,none": 0.014680033956893346
    },
    "mmlu_nutrition": {
        "alias": "  - nutrition",
        "acc,none": 0.6339869281045751,
        "acc_stderr,none": 0.02758281141515961
    },
    "mmlu_professional_accounting": {
        "alias": "  - professional_accounting",
        "acc,none": 0.44680851063829785,
        "acc_stderr,none": 0.029658235097666907
    },
    "mmlu_professional_medicine": {
        "alias": "  - professional_medicine",
        "acc,none": 0.44485294117647056,
        "acc_stderr,none": 0.030187532060329394
    },
    "mmlu_virology": {
        "alias": "  - virology",
        "acc,none": 0.4457831325301205,
        "acc_stderr,none": 0.038695433234721015
    },
    "mmlu_social_sciences": {
        "acc,none": 0.6155346116347091,
        "acc_stderr,none": 0.008607018931048552,
        "alias": " - social sciences"
    },
    "mmlu_econometrics": {
        "alias": "  - econometrics",
        "acc,none": 0.4473684210526316,
        "acc_stderr,none": 0.046774730044912
    },
    "mmlu_high_school_geography": {
        "alias": "  - high_school_geography",
        "acc,none": 0.6717171717171717,
        "acc_stderr,none": 0.03345678422756777
    },
    "mmlu_high_school_government_and_politics": {
        "alias": "  - high_school_government_and_politics",
        "acc,none": 0.6839378238341969,
        "acc_stderr,none": 0.03355397369686173
    },
    "mmlu_high_school_macroeconomics": {
        "alias": "  - high_school_macroeconomics",
        "acc,none": 0.4846153846153846,
        "acc_stderr,none": 0.025339003010106515
    },
    "mmlu_high_school_microeconomics": {
        "alias": "  - high_school_microeconomics",
        "acc,none": 0.5336134453781513,
        "acc_stderr,none": 0.03240501447690071
    },
    "mmlu_high_school_psychology": {
        "alias": "  - high_school_psychology",
        "acc,none": 0.6642201834862386,
        "acc_stderr,none": 0.02024808139675293
    },
    "mmlu_human_sexuality": {
        "alias": "  - human_sexuality",
        "acc,none": 0.6183206106870229,
        "acc_stderr,none": 0.0426073515764456
    },
    "mmlu_professional_psychology": {
        "alias": "  - professional_psychology",
        "acc,none": 0.6683006535947712,
        "acc_stderr,none": 0.019047485239360385
    },
    "mmlu_public_relations": {
        "alias": "  - public_relations",
        "acc,none": 0.6272727272727273,
        "acc_stderr,none": 0.046313813194254635
    },
    "mmlu_security_studies": {
        "alias": "  - security_studies",
        "acc,none": 0.45714285714285713,
        "acc_stderr,none": 0.03189141832421397
    },
    "mmlu_sociology": {
        "alias": "  - sociology",
        "acc,none": 0.8009950248756219,
        "acc_stderr,none": 0.028231365092758406
    },
    "mmlu_us_foreign_policy": {
        "alias": "  - us_foreign_policy",
        "acc,none": 0.68,
        "acc_stderr,none": 0.04688261722621504
    },
    "mmlu_stem": {
        "acc,none": 0.46336822074215034,
        "acc_stderr,none": 0.00856879697383727,
        "alias": " - stem"
    },
    "mmlu_abstract_algebra": {
        "alias": "  - abstract_algebra",
        "acc,none": 0.26,
        "acc_stderr,none": 0.04408440022768078
    },
    "mmlu_anatomy": {
        "alias": "  - anatomy",
        "acc,none": 0.5777777777777777,
        "acc_stderr,none": 0.04266763404099582
    },
    "mmlu_astronomy": {
        "alias": "  - astronomy",
        "acc,none": 0.6644736842105263,
        "acc_stderr,none": 0.038424985593952694
    },
    "mmlu_college_biology": {
        "alias": "  - college_biology",
        "acc,none": 0.625,
        "acc_stderr,none": 0.04048439222695598
    },
    "mmlu_college_chemistry": {
        "alias": "  - college_chemistry",
        "acc,none": 0.34,
        "acc_stderr,none": 0.04760952285695235
    },
    "mmlu_college_computer_science": {
        "alias": "  - college_computer_science",
        "acc,none": 0.37,
        "acc_stderr,none": 0.04852365870939099
    },