{
    "mmlu": {
        "acc,none": 0.2590086882210511,
        "acc_stderr,none": 0.0036842521967232235,
        "alias": "mmlu"
    },
    "mmlu_humanities": {
        "acc,none": 0.2503719447396387,
        "acc_stderr,none": 0.00630664036246862,
        "alias": " - humanities"
    },
    "mmlu_formal_logic": {
        "alias": "  - formal_logic",
        "acc,none": 0.21428571428571427,
        "acc_stderr,none": 0.03670066451047181
    },
    "mmlu_high_school_european_history": {
        "alias": "  - high_school_european_history",
        "acc,none": 0.2606060606060606,
        "acc_stderr,none": 0.03427743175816524
    },
    "mmlu_high_school_us_history": {
        "alias": "  - high_school_us_history",
        "acc,none": 0.23039215686274508,
        "acc_stderr,none": 0.029554292605695053
    },
    "mmlu_high_school_world_history": {
        "alias": "  - high_school_world_history",
        "acc,none": 0.270042194092827,
        "acc_stderr,none": 0.028900721906293426
    },
    "mmlu_international_law": {
        "alias": "  - international_law",
        "acc,none": 0.38016528925619836,
        "acc_stderr,none": 0.04431324501968431
    },
    "mmlu_jurisprudence": {
        "alias": "  - jurisprudence",
        "acc,none": 0.1574074074074074,
        "acc_stderr,none": 0.035207039905179635
    },
    "mmlu_logical_fallacies": {
        "alias": "  - logical_fallacies",
        "acc,none": 0.294478527607362,
        "acc_stderr,none": 0.03581165790474082
    },
    "mmlu_moral_disputes": {
        "alias": "  - moral_disputes",
        "acc,none": 0.23410404624277456,
        "acc_stderr,none": 0.022797110278071138
    },
    "mmlu_moral_scenarios": {
        "alias": "  - moral_scenarios",
        "acc,none": 0.22346368715083798,
        "acc_stderr,none": 0.013932068638579757
    },
    "mmlu_philosophy": {
        "alias": "  - philosophy",
        "acc,none": 0.2540192926045016,
        "acc_stderr,none": 0.024723861504771686
    },
    "mmlu_prehistory": {
        "alias": "  - prehistory",
        "acc,none": 0.2777777777777778,
        "acc_stderr,none": 0.024922001168886335
    },
    "mmlu_professional_law": {
        "alias": "  - professional_law",
        "acc,none": 0.25097783572359844,
        "acc_stderr,none": 0.01107373029918723
    },
    "mmlu_world_religions": {
        "alias": "  - world_religions",
        "acc,none": 0.2982456140350877,
        "acc_stderr,none": 0.03508771929824562
    },
    "mmlu_other": {
        "acc,none": 0.2442870936594786,
        "acc_stderr,none": 0.007641339806552689,
        "alias": " - other"
    },
    "mmlu_business_ethics": {
        "alias": "  - business_ethics",
        "acc,none": 0.21,
        "acc_stderr,none": 0.040936018074033256
    },
    "mmlu_clinical_knowledge": {
        "alias": "  - clinical_knowledge",
        "acc,none": 0.23018867924528302,
        "acc_stderr,none": 0.02590789712240817
    },
    "mmlu_college_medicine": {
        "alias": "  - college_medicine",
        "acc,none": 0.23121387283236994,
        "acc_stderr,none": 0.032147373020294696
    },
    "mmlu_global_facts": {
        "alias": "  - global_facts",
        "acc,none": 0.18,
        "acc_stderr,none": 0.038612291966536955
    },
    "mmlu_human_aging": {
        "alias": "  - human_aging",
        "acc,none": 0.11659192825112108,
        "acc_stderr,none": 0.02153963981624447
    },
    "mmlu_management": {
        "alias": "  - management",
        "acc,none": 0.1941747572815534,
        "acc_stderr,none": 0.03916667762822583
    },
    "mmlu_marketing": {
        "alias": "  - marketing",
        "acc,none": 0.20085470085470086,
        "acc_stderr,none": 0.026246772946890477
    },
    "mmlu_medical_genetics": {
        "alias": "  - medical_genetics",
        "acc,none": 0.31,
        "acc_stderr,none": 0.04648231987117316
    },
    "mmlu_miscellaneous": {
        "alias": "  - miscellaneous",
        "acc,none": 0.24393358876117496,
        "acc_stderr,none": 0.015357212665829484
    },
    "mmlu_nutrition": {
        "alias": "  - nutrition",
        "acc,none": 0.2581699346405229,
        "acc_stderr,none": 0.025058503316958157
    },
    "mmlu_professional_accounting": {
        "alias": "  - professional_accounting",
        "acc,none": 0.2695035460992908,
        "acc_stderr,none": 0.02646903681859063
    },
    "mmlu_professional_medicine": {
        "alias": "  - professional_medicine",
        "acc,none": 0.4007352941176471,
        "acc_stderr,none": 0.029768263528933102
    },
    "mmlu_virology": {
        "alias": "  - virology",
        "acc,none": 0.24096385542168675,
        "acc_stderr,none": 0.0332939411907353
    },
    "mmlu_social_sciences": {
        "acc,none": 0.27786805329866754,
        "acc_stderr,none": 0.008058737417356543,
        "alias": " - social sciences"
    },
    "mmlu_econometrics": {
        "alias": "  - econometrics",
        "acc,none": 0.2807017543859649,
        "acc_stderr,none": 0.042270544512322004
    },
    "mmlu_high_school_geography": {
        "alias": "  - high_school_geography",
        "acc,none": 0.3282828282828283,
        "acc_stderr,none": 0.03345678422756776
    },
    "mmlu_high_school_government_and_politics": {
        "alias": "  - high_school_government_and_politics",
        "acc,none": 0.36787564766839376,
        "acc_stderr,none": 0.03480175668466036
    },
    "mmlu_high_school_macroeconomics": {
        "alias": "  - high_school_macroeconomics",
        "acc,none": 0.26666666666666666,
        "acc_stderr,none": 0.022421273612923714
    },
    "mmlu_high_school_microeconomics": {
        "alias": "  - high_school_microeconomics",
        "acc,none": 0.24369747899159663,
        "acc_stderr,none": 0.02788682807838056
    },
    "mmlu_high_school_psychology": {
        "alias": "  - high_school_psychology",
        "acc,none": 0.30825688073394497,
        "acc_stderr,none": 0.01979836669836725
    },
    "mmlu_human_sexuality": {
        "alias": "  - human_sexuality",
        "acc,none": 0.3053435114503817,
        "acc_stderr,none": 0.04039314978724562
    },
    "mmlu_professional_psychology": {
        "alias": "  - professional_psychology",
        "acc,none": 0.2565359477124183,
        "acc_stderr,none": 0.017667841612378984
    },
    "mmlu_public_relations": {
        "alias": "  - public_relations",
        "acc,none": 0.21818181818181817,
        "acc_stderr,none": 0.03955932861795833
    },
    "mmlu_security_studies": {
        "alias": "  - security_studies",
        "acc,none": 0.2897959183673469,
        "acc_stderr,none": 0.02904308868330434
    },
    "mmlu_sociology": {
        "alias": "  - sociology",
        "acc,none": 0.20398009950248755,
        "acc_stderr,none": 0.028493176245326084
    },
    "mmlu_us_foreign_policy": {
        "alias": "  - us_foreign_policy",
        "acc,none": 0.24,
        "acc_stderr,none": 0.042923469599092816
    },
    "mmlu_stem": {
        "acc,none": 0.2679987313669521,
        "acc_stderr,none": 0.007881015670200988,
        "alias": " - stem"
    },
    "mmlu_abstract_algebra": {
        "alias": "  - abstract_algebra",
        "acc,none": 0.27,
        "acc_stderr,none": 0.044619604333847394
    },
    "mmlu_anatomy": {
        "alias": "  - anatomy",
        "acc,none": 0.3037037037037037,
        "acc_stderr,none": 0.039725528847851375
    },
    "mmlu_astronomy": {
        "alias": "  - astronomy",
        "acc,none": 0.3026315789473684,
        "acc_stderr,none": 0.037385206761196686
    },
    "mmlu_college_biology": {
        "alias": "  - college_biology",
        "acc,none": 0.2986111111111111,
        "acc_stderr,none": 0.03827052357950756
    },
    "mmlu_college_chemistry": {
        "alias": "  - college_chemistry",
        "acc,none": 0.26,
        "acc_stderr,none": 0.04408440022768077
    },
    "mmlu_college_computer_science": {
        "alias": "  - college_computer_science",
        "acc,none": 0.25,