{
    "mmlu": {
        "acc,none": 0.25430850306224184,
        "acc_stderr,none": 0.003663532576980952,
        "alias": "mmlu"
    },
    "mmlu_humanities": {
        "acc,none": 0.24930924548352817,
        "acc_stderr,none": 0.006309121796854029,
        "alias": " - humanities"
    },
    "mmlu_formal_logic": {
        "alias": "  - formal_logic",
        "acc,none": 0.23015873015873015,
        "acc_stderr,none": 0.03764950879790606
    },
    "mmlu_high_school_european_history": {
        "alias": "  - high_school_european_history",
        "acc,none": 0.2727272727272727,
        "acc_stderr,none": 0.0347769116216366
    },
    "mmlu_high_school_us_history": {
        "alias": "  - high_school_us_history",
        "acc,none": 0.25,
        "acc_stderr,none": 0.03039153369274154
    },
    "mmlu_high_school_world_history": {
        "alias": "  - high_school_world_history",
        "acc,none": 0.22784810126582278,
        "acc_stderr,none": 0.027303484599069422
    },
    "mmlu_international_law": {
        "alias": "  - international_law",
        "acc,none": 0.2727272727272727,
        "acc_stderr,none": 0.04065578140908705
    },
    "mmlu_jurisprudence": {
        "alias": "  - jurisprudence",
        "acc,none": 0.21296296296296297,
        "acc_stderr,none": 0.03957835471980979
    },
    "mmlu_logical_fallacies": {
        "alias": "  - logical_fallacies",
        "acc,none": 0.22699386503067484,
        "acc_stderr,none": 0.03291099578615769
    },
    "mmlu_moral_disputes": {
        "alias": "  - moral_disputes",
        "acc,none": 0.2861271676300578,
        "acc_stderr,none": 0.024332146779134135
    },
    "mmlu_moral_scenarios": {
        "alias": "  - moral_scenarios",
        "acc,none": 0.23575418994413408,
        "acc_stderr,none": 0.014196375686290804
    },
    "mmlu_philosophy": {
        "alias": "  - philosophy",
        "acc,none": 0.24115755627009647,
        "acc_stderr,none": 0.02429659403476343
    },
    "mmlu_prehistory": {
        "alias": "  - prehistory",
        "acc,none": 0.24382716049382716,
        "acc_stderr,none": 0.023891879541959603
    },
    "mmlu_professional_law": {
        "alias": "  - professional_law",
        "acc,none": 0.2503259452411995,
        "acc_stderr,none": 0.01106415102716544
    },
    "mmlu_world_religions": {
        "alias": "  - world_religions",
        "acc,none": 0.30994152046783624,
        "acc_stderr,none": 0.035469769593931624
    },
    "mmlu_other": {
        "acc,none": 0.2639201802381719,
        "acc_stderr,none": 0.007833735758178818,
        "alias": " - other"
    },
    "mmlu_business_ethics": {
        "alias": "  - business_ethics",
        "acc,none": 0.32,
        "acc_stderr,none": 0.04688261722621504
    },
    "mmlu_clinical_knowledge": {
        "alias": "  - clinical_knowledge",
        "acc,none": 0.27547169811320754,
        "acc_stderr,none": 0.027495663683724053
    },
    "mmlu_college_medicine": {
        "alias": "  - college_medicine",
        "acc,none": 0.26011560693641617,
        "acc_stderr,none": 0.03345036916788991
    },
    "mmlu_global_facts": {
        "alias": "  - global_facts",
        "acc,none": 0.17,
        "acc_stderr,none": 0.0377525168068637
    },
    "mmlu_human_aging": {
        "alias": "  - human_aging",
        "acc,none": 0.17040358744394618,
        "acc_stderr,none": 0.02523459344713616
    },
    "mmlu_management": {
        "alias": "  - management",
        "acc,none": 0.1941747572815534,
        "acc_stderr,none": 0.03916667762822585
    },
    "mmlu_marketing": {
        "alias": "  - marketing",
        "acc,none": 0.18376068376068377,
        "acc_stderr,none": 0.02537213967172293
    },
    "mmlu_medical_genetics": {
        "alias": "  - medical_genetics",
        "acc,none": 0.31,
        "acc_stderr,none": 0.04648231987117316
    },
    "mmlu_miscellaneous": {
        "alias": "  - miscellaneous",
        "acc,none": 0.2567049808429119,
        "acc_stderr,none": 0.015620480263064535
    },
    "mmlu_nutrition": {
        "alias": "  - nutrition",
        "acc,none": 0.24509803921568626,
        "acc_stderr,none": 0.024630048979824768
    },
    "mmlu_professional_accounting": {
        "alias": "  - professional_accounting",
        "acc,none": 0.2730496453900709,
        "acc_stderr,none": 0.026577860943307857
    },
    "mmlu_professional_medicine": {
        "alias": "  - professional_medicine",
        "acc,none": 0.4338235294117647,
        "acc_stderr,none": 0.030105636570016636
    },
    "mmlu_virology": {
        "alias": "  - virology",
        "acc,none": 0.30120481927710846,
        "acc_stderr,none": 0.0357160923005348
    },
    "mmlu_social_sciences": {
        "acc,none": 0.2677933051673708,
        "acc_stderr,none": 0.007964667891200027,
        "alias": " - social sciences"
    },
    "mmlu_econometrics": {
        "alias": "  - econometrics",
        "acc,none": 0.20175438596491227,
        "acc_stderr,none": 0.037752050135836386
    },
    "mmlu_high_school_geography": {
        "alias": "  - high_school_geography",
        "acc,none": 0.1717171717171717,
        "acc_stderr,none": 0.026869716187429917
    },
    "mmlu_high_school_government_and_politics": {
        "alias": "  - high_school_government_and_politics",
        "acc,none": 0.24870466321243523,
        "acc_stderr,none": 0.031195840877700293
    },
    "mmlu_high_school_macroeconomics": {
        "alias": "  - high_school_macroeconomics",
        "acc,none": 0.2923076923076923,
        "acc_stderr,none": 0.023060438380857733
    },
    "mmlu_high_school_microeconomics": {
        "alias": "  - high_school_microeconomics",
        "acc,none": 0.2815126050420168,
        "acc_stderr,none": 0.029213549414372153
    },
    "mmlu_high_school_psychology": {
        "alias": "  - high_school_psychology",
        "acc,none": 0.3247706422018349,
        "acc_stderr,none": 0.02007772910931033
    },
    "mmlu_human_sexuality": {
        "alias": "  - human_sexuality",
        "acc,none": 0.26717557251908397,
        "acc_stderr,none": 0.03880848301082396
    },
    "mmlu_professional_psychology": {
        "alias": "  - professional_psychology",
        "acc,none": 0.25980392156862747,
        "acc_stderr,none": 0.01774089950917779
    },
    "mmlu_public_relations": {
        "alias": "  - public_relations",
        "acc,none": 0.2727272727272727,
        "acc_stderr,none": 0.04265792110940589
    },
    "mmlu_security_studies": {
        "alias": "  - security_studies",
        "acc,none": 0.24081632653061225,
        "acc_stderr,none": 0.02737294220178817
    },
    "mmlu_sociology": {
        "alias": "  - sociology",
        "acc,none": 0.23383084577114427,
        "acc_stderr,none": 0.029929415408348398
    },
    "mmlu_us_foreign_policy": {
        "alias": "  - us_foreign_policy",
        "acc,none": 0.31,
        "acc_stderr,none": 0.04648231987117316
    },
    "mmlu_stem": {
        "acc,none": 0.2391373295274342,
        "acc_stderr,none": 0.007586635703860736,
        "alias": " - stem"
    },
    "mmlu_abstract_algebra": {
        "alias": "  - abstract_algebra",
        "acc,none": 0.22,
        "acc_stderr,none": 0.04163331998932269
    },
    "mmlu_anatomy": {
        "alias": "  - anatomy",
        "acc,none": 0.22962962962962963,
        "acc_stderr,none": 0.036333844140734636
    },
    "mmlu_astronomy": {
        "alias": "  - astronomy",
        "acc,none": 0.17105263157894737,
        "acc_stderr,none": 0.03064360707167709
    },
    "mmlu_college_biology": {
        "alias": "  - college_biology",
        "acc,none": 0.2916666666666667,
        "acc_stderr,none": 0.03800968060554858
    },
    "mmlu_college_chemistry": {
        "alias": "  - college_chemistry",
        "acc,none": 0.25,
        "acc_stderr,none": 0.04351941398892446
    },
    "mmlu_college_computer_science": {
        "alias": "  - college_computer_science",
        "acc,none": 0.31,