{
    "winogrande": {
        "alias": "winogrande",
        "acc,none": 0.6140489344909235,
        "acc_stderr,none": 0.013682036993397413
    }
}