{
    "winogrande": {
        "alias": "winogrande",
        "acc,none": 0.6282557221783741,
        "acc_stderr,none": 0.013582306284992884
    }
}