{
    "winogrande": {
        "alias": "winogrande",
        "acc,none": 0.5343330702446725,
        "acc_stderr,none": 0.014019317531542558
    }
}