{
    "winogrande": {
        "alias": "winogrande",
        "acc,none": 0.5359116022099447,
        "acc_stderr,none": 0.01401619343395831
    }
}