{
    "winogrande": {
        "alias": "winogrande",
        "acc,none": 0.5201262825572218,
        "acc_stderr,none": 0.01404109666434433
    }
}