{
    "winogrande": {
        "alias": "winogrande",
        "acc,none": 0.6219415943172849,
        "acc_stderr,none": 0.013628165460523228
    }
}