{
    "winogrande": {
        "alias": "winogrande",
        "acc,none": 0.5043409629044988,
        "acc_stderr,none": 0.014051956064076908
    }
}