{
    "winogrande": {
        "alias": "winogrande",
        "acc,none": 0.5059194948697711,
        "acc_stderr,none": 0.014051500838485807
    }
}