{
    "winogrande": {
        "alias": "winogrande",
        "acc,none": 0.5982636148382005,
        "acc_stderr,none": 0.013778439266649487
    }
}