{
    "winogrande": {
        "alias": "winogrande",
        "acc,none": 0.5098658247829518,
        "acc_stderr,none": 0.014049749833367592
    }
}