{
    "winogrande": {
        "alias": "winogrande",
        "acc,none": 0.5990528808208366,
        "acc_stderr,none": 0.013773974554948025
    }
}