{
    "winogrande": {
        "alias": "winogrande",
        "acc,none": 0.48224151539068666,
        "acc_stderr,none": 0.01404361959617496
    }
}