{
    "winogrande": {
        "alias": "winogrande",
        "acc,none": 0.6148382004735596,
        "acc_stderr,none": 0.013676821287521429
    }
}