{
    "winogrande": {
        "alias": "winogrande",
        "acc,none": 0.7403314917127072,
        "acc_stderr,none": 0.012322700705552669
    }
}