{
    "winogrande": {
        "alias": "winogrande",
        "acc,none": 0.601420678768745,
        "acc_stderr,none": 0.01376035717687384
    }
}