{
    "winogrande": {
        "alias": "winogrande",
        "acc,none": 0.5327545382794001,
        "acc_stderr,none": 0.014022300570434135
    }
}