{
    "winogrande": {
        "alias": "winogrande",
        "acc,none": 0.5359116022099447,
        "acc_stderr,none": 0.014016193433958308
    }
}