{
    "winogrande": {
        "alias": "winogrande",
        "acc,none": 0.7119179163378059,
        "acc_stderr,none": 0.012727884724248115
    }
}