{
    "winogrande": {
        "alias": "winogrande",
        "acc,none": 0.6724546172059984,
        "acc_stderr,none": 0.013190169546797016
    }
}