{
    "winogrande": {
        "alias": "winogrande",
        "acc,none": 0.7561168113654302,
        "acc_stderr,none": 0.012068923278908192
    }
}