{
    "winogrande": {
        "alias": "winogrande",
        "acc,none": 0.5288082083662194,
        "acc_stderr,none": 0.014029141615909612
    }
}