{
    "winogrande": {
        "alias": "winogrande",
        "acc,none": 0.7584846093133386,
        "acc_stderr,none": 0.012028983782011879
    }
}