{
    "winogrande": {
        "alias": "winogrande",
        "acc,none": 0.6637726913970008,
        "acc_stderr,none": 0.013277286593993434
    }
}