{
    "winogrande": {
        "alias": "winogrande",
        "acc,none": 0.531965272296764,
        "acc_stderr,none": 0.01402373922116638
    }
}