{
    "winogrande": {
        "alias": "winogrande",
        "acc,none": 0.7576953433307024,
        "acc_stderr,none": 0.012042352526174792
    }
}