{
    "winogrande": {
        "alias": "winogrande",
        "acc,none": 0.5666929755327546,
        "acc_stderr,none": 0.013926915052757347
    }
}