{
    "mmlu": {
        "acc,none": 0.4010824668850591,
        "acc_stderr,none": 0.004063571903169219,
        "alias": "mmlu"
    },
    "mmlu_humanities": {
        "acc,none": 0.35451647183846974,
        "acc_stderr,none": 0.006831689771088668,
        "alias": " - humanities"
    },
    "mmlu_formal_logic": {
        "alias": "  - formal_logic",
        "acc,none": 0.3253968253968254,
        "acc_stderr,none": 0.041905964388711366
    },
    "mmlu_high_school_european_history": {
        "alias": "  - high_school_european_history",
        "acc,none": 0.5333333333333333,
        "acc_stderr,none": 0.038956580652718446
    },
    "mmlu_high_school_us_history": {
        "alias": "  - high_school_us_history",
        "acc,none": 0.4117647058823529,
        "acc_stderr,none": 0.034542365853806094
    },
    "mmlu_high_school_world_history": {
        "alias": "  - high_school_world_history",
        "acc,none": 0.4092827004219409,
        "acc_stderr,none": 0.03200704183359591
    },
    "mmlu_international_law": {
        "alias": "  - international_law",
        "acc,none": 0.4380165289256198,
        "acc_stderr,none": 0.045291468044357915
    },
    "mmlu_jurisprudence": {
        "alias": "  - jurisprudence",
        "acc,none": 0.39814814814814814,
        "acc_stderr,none": 0.047323326159788154
    },
    "mmlu_logical_fallacies": {
        "alias": "  - logical_fallacies",
        "acc,none": 0.43558282208588955,
        "acc_stderr,none": 0.03895632464138935
    },
    "mmlu_moral_disputes": {
        "alias": "  - moral_disputes",
        "acc,none": 0.4277456647398844,
        "acc_stderr,none": 0.026636539741116082
    },
    "mmlu_moral_scenarios": {
        "alias": "  - moral_scenarios",
        "acc,none": 0.2435754189944134,
        "acc_stderr,none": 0.014355911964767864
    },
    "mmlu_philosophy": {
        "alias": "  - philosophy",
        "acc,none": 0.4437299035369775,
        "acc_stderr,none": 0.02821768355665231
    },
    "mmlu_prehistory": {
        "alias": "  - prehistory",
        "acc,none": 0.4567901234567901,
        "acc_stderr,none": 0.027716661650194038
    },
    "mmlu_professional_law": {
        "alias": "  - professional_law",
        "acc,none": 0.2835723598435463,
        "acc_stderr,none": 0.011511900775968326
    },
    "mmlu_world_religions": {
        "alias": "  - world_religions",
        "acc,none": 0.6081871345029239,
        "acc_stderr,none": 0.037439798259264
    },
    "mmlu_other": {
        "acc,none": 0.4608947537817831,
        "acc_stderr,none": 0.008835643058526294,
        "alias": " - other"
    },
    "mmlu_business_ethics": {
        "alias": "  - business_ethics",
        "acc,none": 0.44,
        "acc_stderr,none": 0.04988876515698589
    },
    "mmlu_clinical_knowledge": {
        "alias": "  - clinical_knowledge",
        "acc,none": 0.43018867924528303,
        "acc_stderr,none": 0.030471445867183235
    },
    "mmlu_college_medicine": {
        "alias": "  - college_medicine",
        "acc,none": 0.3352601156069364,
        "acc_stderr,none": 0.03599586301247077
    },
    "mmlu_global_facts": {
        "alias": "  - global_facts",
        "acc,none": 0.35,
        "acc_stderr,none": 0.0479372485441102
    },
    "mmlu_human_aging": {
        "alias": "  - human_aging",
        "acc,none": 0.4484304932735426,
        "acc_stderr,none": 0.033378837362550984
    },
    "mmlu_management": {
        "alias": "  - management",
        "acc,none": 0.42718446601941745,
        "acc_stderr,none": 0.04897957737781168
    },
    "mmlu_marketing": {
        "alias": "  - marketing",
        "acc,none": 0.6239316239316239,
        "acc_stderr,none": 0.03173393632969482
    },
    "mmlu_medical_genetics": {
        "alias": "  - medical_genetics",
        "acc,none": 0.42,
        "acc_stderr,none": 0.049604496374885836
    },
    "mmlu_miscellaneous": {
        "alias": "  - miscellaneous",
        "acc,none": 0.5261813537675607,
        "acc_stderr,none": 0.017855434554041986
    },
    "mmlu_nutrition": {
        "alias": "  - nutrition",
        "acc,none": 0.477124183006536,
        "acc_stderr,none": 0.028599936776089786
    },
    "mmlu_professional_accounting": {
        "alias": "  - professional_accounting",
        "acc,none": 0.3404255319148936,
        "acc_stderr,none": 0.02826765748265015
    },
    "mmlu_professional_medicine": {
        "alias": "  - professional_medicine",
        "acc,none": 0.5110294117647058,
        "acc_stderr,none": 0.030365446477275675
    },
    "mmlu_virology": {
        "alias": "  - virology",
        "acc,none": 0.3373493975903614,
        "acc_stderr,none": 0.03680783690727581
    },
    "mmlu_social_sciences": {
        "acc,none": 0.4488137796555086,
        "acc_stderr,none": 0.008878322277587681,
        "alias": " - social sciences"
    },
    "mmlu_econometrics": {
        "alias": "  - econometrics",
        "acc,none": 0.24561403508771928,
        "acc_stderr,none": 0.04049339297748141
    },
    "mmlu_high_school_geography": {
        "alias": "  - high_school_geography",
        "acc,none": 0.5050505050505051,
        "acc_stderr,none": 0.035621707606254015
    },
    "mmlu_high_school_government_and_politics": {
        "alias": "  - high_school_government_and_politics",
        "acc,none": 0.5492227979274611,
        "acc_stderr,none": 0.035909109522355244
    },
    "mmlu_high_school_macroeconomics": {
        "alias": "  - high_school_macroeconomics",
        "acc,none": 0.4153846153846154,
        "acc_stderr,none": 0.024985354923102325
    },
    "mmlu_high_school_microeconomics": {
        "alias": "  - high_school_microeconomics",
        "acc,none": 0.4117647058823529,
        "acc_stderr,none": 0.031968769891957786
    },
    "mmlu_high_school_psychology": {
        "alias": "  - high_school_psychology",
        "acc,none": 0.5009174311926605,
        "acc_stderr,none": 0.021437287056051215
    },
    "mmlu_human_sexuality": {
        "alias": "  - human_sexuality",
        "acc,none": 0.48091603053435117,
        "acc_stderr,none": 0.04382094705550988
    },
    "mmlu_professional_psychology": {
        "alias": "  - professional_psychology",
        "acc,none": 0.37254901960784315,
        "acc_stderr,none": 0.019559646809215923
    },
    "mmlu_public_relations": {
        "alias": "  - public_relations",
        "acc,none": 0.44545454545454544,
        "acc_stderr,none": 0.047605488214603246
    },
    "mmlu_security_studies": {
        "alias": "  - security_studies",
        "acc,none": 0.4326530612244898,
        "acc_stderr,none": 0.031717528240626645
    },
    "mmlu_sociology": {
        "alias": "  - sociology",
        "acc,none": 0.5970149253731343,
        "acc_stderr,none": 0.034683432951111266
    },
    "mmlu_us_foreign_policy": {
        "alias": "  - us_foreign_policy",
        "acc,none": 0.48,
        "acc_stderr,none": 0.050211673156867795
    },
    "mmlu_stem": {
        "acc,none": 0.3650491595306058,
        "acc_stderr,none": 0.008527151645447088,
        "alias": " - stem"
    },
    "mmlu_abstract_algebra": {
        "alias": "  - abstract_algebra",
        "acc,none": 0.33,
        "acc_stderr,none": 0.04725815626252605
    },
    "mmlu_anatomy": {
        "alias": "  - anatomy",
        "acc,none": 0.42962962962962964,
        "acc_stderr,none": 0.04276349494376599
    },
    "mmlu_astronomy": {
        "alias": "  - astronomy",
        "acc,none": 0.4473684210526316,
        "acc_stderr,none": 0.040463368839782514
    },
    "mmlu_college_biology": {
        "alias": "  - college_biology",
        "acc,none": 0.4166666666666667,
        "acc_stderr,none": 0.041227287076512825
    },
    "mmlu_college_chemistry": {
        "alias": "  - college_chemistry",
        "acc,none": 0.37,
        "acc_stderr,none": 0.04852365870939099
    },
    "mmlu_college_computer_science": {
        "alias": "  - college_computer_science",
        "acc,none": 0.38,