{
    "mmlu": {
        "acc,none": 0.4668138441817405,
        "acc_stderr,none": 0.004096045183737764,
        "alias": "mmlu"
    },
    "mmlu_humanities": {
        "acc,none": 0.4450584484590861,
        "acc_stderr,none": 0.007055715606197985,
        "alias": " - humanities"
    },
    "mmlu_formal_logic": {
        "alias": "  - formal_logic",
        "acc,none": 0.38095238095238093,
        "acc_stderr,none": 0.043435254289490965
    },
    "mmlu_high_school_european_history": {
        "alias": "  - high_school_european_history",
        "acc,none": 0.6303030303030303,
        "acc_stderr,none": 0.037694303145125674
    },
    "mmlu_high_school_us_history": {
        "alias": "  - high_school_us_history",
        "acc,none": 0.5098039215686274,
        "acc_stderr,none": 0.03508637358630572
    },
    "mmlu_high_school_world_history": {
        "alias": "  - high_school_world_history",
        "acc,none": 0.5907172995780591,
        "acc_stderr,none": 0.03200704183359592
    },
    "mmlu_international_law": {
        "alias": "  - international_law",
        "acc,none": 0.6363636363636364,
        "acc_stderr,none": 0.043913262867240704
    },
    "mmlu_jurisprudence": {
        "alias": "  - jurisprudence",
        "acc,none": 0.5092592592592593,
        "acc_stderr,none": 0.04832853553437055
    },
    "mmlu_logical_fallacies": {
        "alias": "  - logical_fallacies",
        "acc,none": 0.5276073619631901,
        "acc_stderr,none": 0.0392237829061099
    },
    "mmlu_moral_disputes": {
        "alias": "  - moral_disputes",
        "acc,none": 0.5202312138728323,
        "acc_stderr,none": 0.026897049996382875
    },
    "mmlu_moral_scenarios": {
        "alias": "  - moral_scenarios",
        "acc,none": 0.3206703910614525,
        "acc_stderr,none": 0.015609929559348392
    },
    "mmlu_philosophy": {
        "alias": "  - philosophy",
        "acc,none": 0.5852090032154341,
        "acc_stderr,none": 0.02798268045975956
    },
    "mmlu_prehistory": {
        "alias": "  - prehistory",
        "acc,none": 0.49074074074074076,
        "acc_stderr,none": 0.027815973433878014
    },
    "mmlu_professional_law": {
        "alias": "  - professional_law",
        "acc,none": 0.35984354628422427,
        "acc_stderr,none": 0.0122582604836898
    },
    "mmlu_world_religions": {
        "alias": "  - world_religions",
        "acc,none": 0.7017543859649122,
        "acc_stderr,none": 0.03508771929824564
    },
    "mmlu_other": {
        "acc,none": 0.5317026070164146,
        "acc_stderr,none": 0.008775501628400715,
        "alias": " - other"
    },
    "mmlu_business_ethics": {
        "alias": "  - business_ethics",
        "acc,none": 0.5,
        "acc_stderr,none": 0.050251890762960605
    },
    "mmlu_clinical_knowledge": {
        "alias": "  - clinical_knowledge",
        "acc,none": 0.47547169811320755,
        "acc_stderr,none": 0.030735822206205608
    },
    "mmlu_college_medicine": {
        "alias": "  - college_medicine",
        "acc,none": 0.4393063583815029,
        "acc_stderr,none": 0.03784271932887468
    },
    "mmlu_global_facts": {
        "alias": "  - global_facts",
        "acc,none": 0.32,
        "acc_stderr,none": 0.04688261722621505
    },
    "mmlu_human_aging": {
        "alias": "  - human_aging",
        "acc,none": 0.5291479820627802,
        "acc_stderr,none": 0.03350073248773404
    },
    "mmlu_management": {
        "alias": "  - management",
        "acc,none": 0.5631067961165048,
        "acc_stderr,none": 0.04911147107365777
    },
    "mmlu_marketing": {
        "alias": "  - marketing",
        "acc,none": 0.6923076923076923,
        "acc_stderr,none": 0.030236389942173102
    },
    "mmlu_medical_genetics": {
        "alias": "  - medical_genetics",
        "acc,none": 0.53,
        "acc_stderr,none": 0.050161355804659205
    },
    "mmlu_miscellaneous": {
        "alias": "  - miscellaneous",
        "acc,none": 0.644955300127714,
        "acc_stderr,none": 0.01711208577277299
    },
    "mmlu_nutrition": {
        "alias": "  - nutrition",
        "acc,none": 0.5196078431372549,
        "acc_stderr,none": 0.028607893699576066
    },
    "mmlu_professional_accounting": {
        "alias": "  - professional_accounting",
        "acc,none": 0.3617021276595745,
        "acc_stderr,none": 0.028663820147199492
    },
    "mmlu_professional_medicine": {
        "alias": "  - professional_medicine",
        "acc,none": 0.5183823529411765,
        "acc_stderr,none": 0.03035230339535196
    },
    "mmlu_virology": {
        "alias": "  - virology",
        "acc,none": 0.42168674698795183,
        "acc_stderr,none": 0.03844453181770917
    },
    "mmlu_social_sciences": {
        "acc,none": 0.52291192720182,
        "acc_stderr,none": 0.008855262224946238,
        "alias": " - social sciences"
    },
    "mmlu_econometrics": {
        "alias": "  - econometrics",
        "acc,none": 0.2543859649122807,
        "acc_stderr,none": 0.04096985139843672
    },
    "mmlu_high_school_geography": {
        "alias": "  - high_school_geography",
        "acc,none": 0.5404040404040404,
        "acc_stderr,none": 0.035507024651313425
    },
    "mmlu_high_school_government_and_politics": {
        "alias": "  - high_school_government_and_politics",
        "acc,none": 0.6321243523316062,
        "acc_stderr,none": 0.03480175668466036
    },
    "mmlu_high_school_macroeconomics": {
        "alias": "  - high_school_macroeconomics",
        "acc,none": 0.45897435897435895,
        "acc_stderr,none": 0.025265525491284295
    },
    "mmlu_high_school_microeconomics": {
        "alias": "  - high_school_microeconomics",
        "acc,none": 0.4411764705882353,
        "acc_stderr,none": 0.032252942323996406
    },
    "mmlu_high_school_psychology": {
        "alias": "  - high_school_psychology",
        "acc,none": 0.6275229357798165,
        "acc_stderr,none": 0.020728368457638494
    },
    "mmlu_human_sexuality": {
        "alias": "  - human_sexuality",
        "acc,none": 0.5343511450381679,
        "acc_stderr,none": 0.04374928560599738
    },
    "mmlu_professional_psychology": {
        "alias": "  - professional_psychology",
        "acc,none": 0.4444444444444444,
        "acc_stderr,none": 0.02010258389588718
    },
    "mmlu_public_relations": {
        "alias": "  - public_relations",
        "acc,none": 0.5818181818181818,
        "acc_stderr,none": 0.04724577405731572
    },
    "mmlu_security_studies": {
        "alias": "  - security_studies",
        "acc,none": 0.5183673469387755,
        "acc_stderr,none": 0.031987615467631264
    },
    "mmlu_sociology": {
        "alias": "  - sociology",
        "acc,none": 0.6567164179104478,
        "acc_stderr,none": 0.03357379665433431
    },
    "mmlu_us_foreign_policy": {
        "alias": "  - us_foreign_policy",
        "acc,none": 0.6,
        "acc_stderr,none": 0.04923659639173309
    },
    "mmlu_stem": {
        "acc,none": 0.38058991436726924,
        "acc_stderr,none": 0.008511658501002153,
        "alias": " - stem"
    },
    "mmlu_abstract_algebra": {
        "alias": "  - abstract_algebra",
        "acc,none": 0.32,
        "acc_stderr,none": 0.04688261722621504
    },
    "mmlu_anatomy": {
        "alias": "  - anatomy",
        "acc,none": 0.45925925925925926,
        "acc_stderr,none": 0.04304979692464243
    },
    "mmlu_astronomy": {
        "alias": "  - astronomy",
        "acc,none": 0.39473684210526316,
        "acc_stderr,none": 0.039777499346220734
    },
    "mmlu_college_biology": {
        "alias": "  - college_biology",
        "acc,none": 0.4583333333333333,
        "acc_stderr,none": 0.04166666666666665
    },
    "mmlu_college_chemistry": {
        "alias": "  - college_chemistry",
        "acc,none": 0.36,
        "acc_stderr,none": 0.04824181513244218
    },
    "mmlu_college_computer_science": {
        "alias": "  - college_computer_science",
        "acc,none": 0.37,
        "acc_stderr,none": 0.048523658709391
    },