{
    "mmlu": {
        "acc,none": 0.25452214784218774,
        "acc_stderr,none": 0.003665488056207976,
        "alias": "mmlu"
    },
    "mmlu_humanities": {
        "acc,none": 0.24952178533475028,
        "acc_stderr,none": 0.006301369379402896,
        "alias": " - humanities"
    },
    "mmlu_formal_logic": {
        "alias": "  - formal_logic",
        "acc,none": 0.14285714285714285,
        "acc_stderr,none": 0.03129843185743808
    },
    "mmlu_high_school_european_history": {
        "alias": "  - high_school_european_history",
        "acc,none": 0.23030303030303031,
        "acc_stderr,none": 0.032876667586034886
    },
    "mmlu_high_school_us_history": {
        "alias": "  - high_school_us_history",
        "acc,none": 0.24509803921568626,
        "acc_stderr,none": 0.030190282453501964
    },
    "mmlu_high_school_world_history": {
        "alias": "  - high_school_world_history",
        "acc,none": 0.2616033755274262,
        "acc_stderr,none": 0.028609516716994934
    },
    "mmlu_international_law": {
        "alias": "  - international_law",
        "acc,none": 0.256198347107438,
        "acc_stderr,none": 0.03984979653302872
    },
    "mmlu_jurisprudence": {
        "alias": "  - jurisprudence",
        "acc,none": 0.2222222222222222,
        "acc_stderr,none": 0.040191074725573483
    },
    "mmlu_logical_fallacies": {
        "alias": "  - logical_fallacies",
        "acc,none": 0.3128834355828221,
        "acc_stderr,none": 0.03642914578292406
    },
    "mmlu_moral_disputes": {
        "alias": "  - moral_disputes",
        "acc,none": 0.21676300578034682,
        "acc_stderr,none": 0.02218347766841286
    },
    "mmlu_moral_scenarios": {
        "alias": "  - moral_scenarios",
        "acc,none": 0.23798882681564246,
        "acc_stderr,none": 0.014242630070574884
    },
    "mmlu_philosophy": {
        "alias": "  - philosophy",
        "acc,none": 0.3054662379421222,
        "acc_stderr,none": 0.026160584450140478
    },
    "mmlu_prehistory": {
        "alias": "  - prehistory",
        "acc,none": 0.2962962962962963,
        "acc_stderr,none": 0.025407197798890172
    },
    "mmlu_professional_law": {
        "alias": "  - professional_law",
        "acc,none": 0.24837027379400262,
        "acc_stderr,none": 0.011035212598034487
    },
    "mmlu_world_religions": {
        "alias": "  - world_religions",
        "acc,none": 0.23391812865497075,
        "acc_stderr,none": 0.03246721765117825
    },
    "mmlu_other": {
        "acc,none": 0.26102349533311875,
        "acc_stderr,none": 0.007862999282673358,
        "alias": " - other"
    },
    "mmlu_business_ethics": {
        "alias": "  - business_ethics",
        "acc,none": 0.3,
        "acc_stderr,none": 0.046056618647183814
    },
    "mmlu_clinical_knowledge": {
        "alias": "  - clinical_knowledge",
        "acc,none": 0.23773584905660378,
        "acc_stderr,none": 0.02619980880756192
    },
    "mmlu_college_medicine": {
        "alias": "  - college_medicine",
        "acc,none": 0.24277456647398843,
        "acc_stderr,none": 0.0326926380614177
    },
    "mmlu_global_facts": {
        "alias": "  - global_facts",
        "acc,none": 0.33,
        "acc_stderr,none": 0.047258156262526045
    },
    "mmlu_human_aging": {
        "alias": "  - human_aging",
        "acc,none": 0.3452914798206278,
        "acc_stderr,none": 0.031911001928357954
    },
    "mmlu_management": {
        "alias": "  - management",
        "acc,none": 0.1941747572815534,
        "acc_stderr,none": 0.03916667762822584
    },
    "mmlu_marketing": {
        "alias": "  - marketing",
        "acc,none": 0.18376068376068377,
        "acc_stderr,none": 0.025372139671722933
    },
    "mmlu_medical_genetics": {
        "alias": "  - medical_genetics",
        "acc,none": 0.31,
        "acc_stderr,none": 0.04648231987117316
    },
    "mmlu_miscellaneous": {
        "alias": "  - miscellaneous",
        "acc,none": 0.26947637292464877,
        "acc_stderr,none": 0.01586624307321505
    },
    "mmlu_nutrition": {
        "alias": "  - nutrition",
        "acc,none": 0.23529411764705882,
        "acc_stderr,none": 0.0242886194660461
    },
    "mmlu_professional_accounting": {
        "alias": "  - professional_accounting",
        "acc,none": 0.2801418439716312,
        "acc_stderr,none": 0.02678917235114024
    },
    "mmlu_professional_medicine": {
        "alias": "  - professional_medicine",
        "acc,none": 0.2426470588235294,
        "acc_stderr,none": 0.026040662474201264
    },
    "mmlu_virology": {
        "alias": "  - virology",
        "acc,none": 0.26506024096385544,
        "acc_stderr,none": 0.03436024037944967
    },
    "mmlu_social_sciences": {
        "acc,none": 0.23886902827429315,
        "acc_stderr,none": 0.007691420425436963,
        "alias": " - social sciences"
    },
    "mmlu_econometrics": {
        "alias": "  - econometrics",
        "acc,none": 0.24561403508771928,
        "acc_stderr,none": 0.04049339297748141
    },
    "mmlu_high_school_geography": {
        "alias": "  - high_school_geography",
        "acc,none": 0.21717171717171718,
        "acc_stderr,none": 0.029376616484945637
    },
    "mmlu_high_school_government_and_politics": {
        "alias": "  - high_school_government_and_politics",
        "acc,none": 0.22279792746113988,
        "acc_stderr,none": 0.03003114797764154
    },
    "mmlu_high_school_macroeconomics": {
        "alias": "  - high_school_macroeconomics",
        "acc,none": 0.24615384615384617,
        "acc_stderr,none": 0.021840866990423084
    },
    "mmlu_high_school_microeconomics": {
        "alias": "  - high_school_microeconomics",
        "acc,none": 0.23109243697478993,
        "acc_stderr,none": 0.027381406927868966
    },
    "mmlu_high_school_psychology": {
        "alias": "  - high_school_psychology",
        "acc,none": 0.22018348623853212,
        "acc_stderr,none": 0.01776597865232756
    },
    "mmlu_human_sexuality": {
        "alias": "  - human_sexuality",
        "acc,none": 0.2748091603053435,
        "acc_stderr,none": 0.03915345408847834
    },
    "mmlu_professional_psychology": {
        "alias": "  - professional_psychology",
        "acc,none": 0.26143790849673204,
        "acc_stderr,none": 0.017776947157528023
    },
    "mmlu_public_relations": {
        "alias": "  - public_relations",
        "acc,none": 0.19090909090909092,
        "acc_stderr,none": 0.03764425585984927
    },
    "mmlu_security_studies": {
        "alias": "  - security_studies",
        "acc,none": 0.22857142857142856,
        "acc_stderr,none": 0.02688214492230774
    },
    "mmlu_sociology": {
        "alias": "  - sociology",
        "acc,none": 0.23383084577114427,
        "acc_stderr,none": 0.029929415408348377
    },
    "mmlu_us_foreign_policy": {
        "alias": "  - us_foreign_policy",
        "acc,none": 0.3,
        "acc_stderr,none": 0.046056618647183814
    },
    "mmlu_stem": {
        "acc,none": 0.27085315572470664,
        "acc_stderr,none": 0.00785470274658682,
        "alias": " - stem"
    },
    "mmlu_abstract_algebra": {
        "alias": "  - abstract_algebra",
        "acc,none": 0.24,
        "acc_stderr,none": 0.042923469599092816
    },
    "mmlu_anatomy": {
        "alias": "  - anatomy",
        "acc,none": 0.3111111111111111,
        "acc_stderr,none": 0.03999262876617723
    },
    "mmlu_astronomy": {
        "alias": "  - astronomy",
        "acc,none": 0.25,
        "acc_stderr,none": 0.03523807393012047
    },
    "mmlu_college_biology": {
        "alias": "  - college_biology",
        "acc,none": 0.22916666666666666,
        "acc_stderr,none": 0.035146974678623884
    },
    "mmlu_college_chemistry": {
        "alias": "  - college_chemistry",
        "acc,none": 0.17,
        "acc_stderr,none": 0.03775251680686371
    },
    "mmlu_college_computer_science": {
        "alias": "  - college_computer_science",
        "acc,none": 0.2,