{
    "mmlu": {
        "acc,none": 0.2439111237715425,
        "acc_stderr,none": 0.0036165313146677876,
        "alias": "mmlu"
    },
    "mmlu_humanities": {
        "acc,none": 0.23209351753453772,
        "acc_stderr,none": 0.006155627284794684,
        "alias": " - humanities"
    },
    "mmlu_formal_logic": {
        "alias": "  - formal_logic",
        "acc,none": 0.20634920634920634,
        "acc_stderr,none": 0.03619604524124253
    },
    "mmlu_high_school_european_history": {
        "alias": "  - high_school_european_history",
        "acc,none": 0.22424242424242424,
        "acc_stderr,none": 0.03256866661681102
    },
    "mmlu_high_school_us_history": {
        "alias": "  - high_school_us_history",
        "acc,none": 0.25980392156862747,
        "acc_stderr,none": 0.030778554678693254
    },
    "mmlu_high_school_world_history": {
        "alias": "  - high_school_world_history",
        "acc,none": 0.25316455696202533,
        "acc_stderr,none": 0.02830465794303529
    },
    "mmlu_international_law": {
        "alias": "  - international_law",
        "acc,none": 0.19008264462809918,
        "acc_stderr,none": 0.035817969517092825
    },
    "mmlu_jurisprudence": {
        "alias": "  - jurisprudence",
        "acc,none": 0.18518518518518517,
        "acc_stderr,none": 0.03755265865037181
    },
    "mmlu_logical_fallacies": {
        "alias": "  - logical_fallacies",
        "acc,none": 0.24539877300613497,
        "acc_stderr,none": 0.03380939813943354
    },
    "mmlu_moral_disputes": {
        "alias": "  - moral_disputes",
        "acc,none": 0.23699421965317918,
        "acc_stderr,none": 0.02289408248992599
    },
    "mmlu_moral_scenarios": {
        "alias": "  - moral_scenarios",
        "acc,none": 0.23798882681564246,
        "acc_stderr,none": 0.014242630070574885
    },
    "mmlu_philosophy": {
        "alias": "  - philosophy",
        "acc,none": 0.18971061093247588,
        "acc_stderr,none": 0.022268196258783225
    },
    "mmlu_prehistory": {
        "alias": "  - prehistory",
        "acc,none": 0.2037037037037037,
        "acc_stderr,none": 0.02240967454730418
    },
    "mmlu_professional_law": {
        "alias": "  - professional_law",
        "acc,none": 0.2457627118644068,
        "acc_stderr,none": 0.01099615663514269
    },
    "mmlu_world_religions": {
        "alias": "  - world_religions",
        "acc,none": 0.21052631578947367,
        "acc_stderr,none": 0.031267817146631786
    },
    "mmlu_other": {
        "acc,none": 0.24074670099774703,
        "acc_stderr,none": 0.00767255484528372,
        "alias": " - other"
    },
    "mmlu_business_ethics": {
        "alias": "  - business_ethics",
        "acc,none": 0.21,
        "acc_stderr,none": 0.040936018074033256
    },
    "mmlu_clinical_knowledge": {
        "alias": "  - clinical_knowledge",
        "acc,none": 0.22641509433962265,
        "acc_stderr,none": 0.025757559893106734
    },
    "mmlu_college_medicine": {
        "alias": "  - college_medicine",
        "acc,none": 0.21965317919075145,
        "acc_stderr,none": 0.031568093627031744
    },
    "mmlu_global_facts": {
        "alias": "  - global_facts",
        "acc,none": 0.18,
        "acc_stderr,none": 0.038612291966536955
    },
    "mmlu_human_aging": {
        "alias": "  - human_aging",
        "acc,none": 0.27802690582959644,
        "acc_stderr,none": 0.03006958487449405
    },
    "mmlu_management": {
        "alias": "  - management",
        "acc,none": 0.1941747572815534,
        "acc_stderr,none": 0.03916667762822584
    },
    "mmlu_marketing": {
        "alias": "  - marketing",
        "acc,none": 0.21367521367521367,
        "acc_stderr,none": 0.02685345037700914
    },
    "mmlu_medical_genetics": {
        "alias": "  - medical_genetics",
        "acc,none": 0.3,
        "acc_stderr,none": 0.046056618647183814
    },
    "mmlu_miscellaneous": {
        "alias": "  - miscellaneous",
        "acc,none": 0.25798212005108556,
        "acc_stderr,none": 0.01564583018834895
    },
    "mmlu_nutrition": {
        "alias": "  - nutrition",
        "acc,none": 0.22875816993464052,
        "acc_stderr,none": 0.024051029739912255
    },
    "mmlu_professional_accounting": {
        "alias": "  - professional_accounting",
        "acc,none": 0.2553191489361702,
        "acc_stderr,none": 0.026011992930901996
    },
    "mmlu_professional_medicine": {
        "alias": "  - professional_medicine",
        "acc,none": 0.24632352941176472,
        "acc_stderr,none": 0.02617343857052
    },
    "mmlu_virology": {
        "alias": "  - virology",
        "acc,none": 0.2289156626506024,
        "acc_stderr,none": 0.03270745277352477
    },
    "mmlu_social_sciences": {
        "acc,none": 0.2398440038999025,
        "acc_stderr,none": 0.007690668723852333,
        "alias": " - social sciences"
    },
    "mmlu_econometrics": {
        "alias": "  - econometrics",
        "acc,none": 0.2543859649122807,
        "acc_stderr,none": 0.040969851398436716
    },
    "mmlu_high_school_geography": {
        "alias": "  - high_school_geography",
        "acc,none": 0.2777777777777778,
        "acc_stderr,none": 0.031911782267135466
    },
    "mmlu_high_school_government_and_politics": {
        "alias": "  - high_school_government_and_politics",
        "acc,none": 0.23316062176165803,
        "acc_stderr,none": 0.03051611137147601
    },
    "mmlu_high_school_macroeconomics": {
        "alias": "  - high_school_macroeconomics",
        "acc,none": 0.2128205128205128,
        "acc_stderr,none": 0.020752423722128016
    },
    "mmlu_high_school_microeconomics": {
        "alias": "  - high_school_microeconomics",
        "acc,none": 0.29411764705882354,
        "acc_stderr,none": 0.029597329730978093
    },
    "mmlu_high_school_psychology": {
        "alias": "  - high_school_psychology",
        "acc,none": 0.1944954128440367,
        "acc_stderr,none": 0.016970289090458064
    },
    "mmlu_human_sexuality": {
        "alias": "  - human_sexuality",
        "acc,none": 0.26717557251908397,
        "acc_stderr,none": 0.038808483010823965
    },
    "mmlu_professional_psychology": {
        "alias": "  - professional_psychology",
        "acc,none": 0.2549019607843137,
        "acc_stderr,none": 0.017630827375148383
    },
    "mmlu_public_relations": {
        "alias": "  - public_relations",
        "acc,none": 0.19090909090909092,
        "acc_stderr,none": 0.03764425585984925
    },
    "mmlu_security_studies": {
        "alias": "  - security_studies",
        "acc,none": 0.24489795918367346,
        "acc_stderr,none": 0.02752963744017492
    },
    "mmlu_sociology": {
        "alias": "  - sociology",
        "acc,none": 0.24378109452736318,
        "acc_stderr,none": 0.030360490154014652
    },
    "mmlu_us_foreign_policy": {
        "alias": "  - us_foreign_policy",
        "acc,none": 0.29,
        "acc_stderr,none": 0.045604802157206845
    },
    "mmlu_stem": {
        "acc,none": 0.26863304789089754,
        "acc_stderr,none": 0.007845810585684149,
        "alias": " - stem"
    },
    "mmlu_abstract_algebra": {
        "alias": "  - abstract_algebra",
        "acc,none": 0.22,
        "acc_stderr,none": 0.04163331998932269
    },
    "mmlu_anatomy": {
        "alias": "  - anatomy",
        "acc,none": 0.2962962962962963,
        "acc_stderr,none": 0.03944624162501116
    },
    "mmlu_astronomy": {
        "alias": "  - astronomy",
        "acc,none": 0.17763157894736842,
        "acc_stderr,none": 0.031103182383123398
    },
    "mmlu_college_biology": {
        "alias": "  - college_biology",
        "acc,none": 0.2222222222222222,
        "acc_stderr,none": 0.034765901043041336
    },
    "mmlu_college_chemistry": {
        "alias": "  - college_chemistry",
        "acc,none": 0.2,
        "acc_stderr,none": 0.04020151261036846
    },
    "mmlu_college_computer_science": {
        "alias": "  - college_computer_science",
        "acc,none": 0.22,