{
    "mmlu": {
        "acc,none": 0.25858139866115937,
        "acc_stderr,none": 0.003681325619477305,
        "alias": "mmlu"
    },
    "mmlu_humanities": {
        "acc,none": 0.24314558979808715,
        "acc_stderr,none": 0.0062578951208151655,
        "alias": " - humanities"
    },
    "mmlu_formal_logic": {
        "alias": "  - formal_logic",
        "acc,none": 0.23015873015873015,
        "acc_stderr,none": 0.03764950879790605
    },
    "mmlu_high_school_european_history": {
        "alias": "  - high_school_european_history",
        "acc,none": 0.24848484848484848,
        "acc_stderr,none": 0.03374402644139404
    },
    "mmlu_high_school_us_history": {
        "alias": "  - high_school_us_history",
        "acc,none": 0.2549019607843137,
        "acc_stderr,none": 0.030587591351604246
    },
    "mmlu_high_school_world_history": {
        "alias": "  - high_school_world_history",
        "acc,none": 0.21940928270042195,
        "acc_stderr,none": 0.026939106581553945
    },
    "mmlu_international_law": {
        "alias": "  - international_law",
        "acc,none": 0.2066115702479339,
        "acc_stderr,none": 0.036959801280988254
    },
    "mmlu_jurisprudence": {
        "alias": "  - jurisprudence",
        "acc,none": 0.21296296296296297,
        "acc_stderr,none": 0.039578354719809805
    },
    "mmlu_logical_fallacies": {
        "alias": "  - logical_fallacies",
        "acc,none": 0.2331288343558282,
        "acc_stderr,none": 0.03322015795776741
    },
    "mmlu_moral_disputes": {
        "alias": "  - moral_disputes",
        "acc,none": 0.2138728323699422,
        "acc_stderr,none": 0.022075709251757177
    },
    "mmlu_moral_scenarios": {
        "alias": "  - moral_scenarios",
        "acc,none": 0.2536312849162011,
        "acc_stderr,none": 0.01455155365936992
    },
    "mmlu_philosophy": {
        "alias": "  - philosophy",
        "acc,none": 0.27009646302250806,
        "acc_stderr,none": 0.02521804037341062
    },
    "mmlu_prehistory": {
        "alias": "  - prehistory",
        "acc,none": 0.2654320987654321,
        "acc_stderr,none": 0.02456922360046085
    },
    "mmlu_professional_law": {
        "alias": "  - professional_law",
        "acc,none": 0.24445893089960888,
        "acc_stderr,none": 0.010976425013113914
    },
    "mmlu_world_religions": {
        "alias": "  - world_religions",
        "acc,none": 0.2222222222222222,
        "acc_stderr,none": 0.03188578017686398
    },
    "mmlu_other": {
        "acc,none": 0.2645638879948503,
        "acc_stderr,none": 0.0078700462913002,
        "alias": " - other"
    },
    "mmlu_business_ethics": {
        "alias": "  - business_ethics",
        "acc,none": 0.2,
        "acc_stderr,none": 0.04020151261036845
    },
    "mmlu_clinical_knowledge": {
        "alias": "  - clinical_knowledge",
        "acc,none": 0.2188679245283019,
        "acc_stderr,none": 0.025447863825108608
    },
    "mmlu_college_medicine": {
        "alias": "  - college_medicine",
        "acc,none": 0.2543352601156069,
        "acc_stderr,none": 0.0332055644308557
    },
    "mmlu_global_facts": {
        "alias": "  - global_facts",
        "acc,none": 0.31,
        "acc_stderr,none": 0.04648231987117316
    },
    "mmlu_human_aging": {
        "alias": "  - human_aging",
        "acc,none": 0.2062780269058296,
        "acc_stderr,none": 0.02715715047956382
    },
    "mmlu_management": {
        "alias": "  - management",
        "acc,none": 0.23300970873786409,
        "acc_stderr,none": 0.04185832598928315
    },
    "mmlu_marketing": {
        "alias": "  - marketing",
        "acc,none": 0.19658119658119658,
        "acc_stderr,none": 0.02603538609895129
    },
    "mmlu_medical_genetics": {
        "alias": "  - medical_genetics",
        "acc,none": 0.25,
        "acc_stderr,none": 0.04351941398892446
    },
    "mmlu_miscellaneous": {
        "alias": "  - miscellaneous",
        "acc,none": 0.2707535121328225,
        "acc_stderr,none": 0.01588988836256049
    },
    "mmlu_nutrition": {
        "alias": "  - nutrition",
        "acc,none": 0.27450980392156865,
        "acc_stderr,none": 0.02555316999182652
    },
    "mmlu_professional_accounting": {
        "alias": "  - professional_accounting",
        "acc,none": 0.2695035460992908,
        "acc_stderr,none": 0.02646903681859063
    },
    "mmlu_professional_medicine": {
        "alias": "  - professional_medicine",
        "acc,none": 0.4117647058823529,
        "acc_stderr,none": 0.029896163033125478
    },
    "mmlu_virology": {
        "alias": "  - virology",
        "acc,none": 0.26506024096385544,
        "acc_stderr,none": 0.03436024037944967
    },
    "mmlu_social_sciences": {
        "acc,none": 0.24341891452713682,
        "acc_stderr,none": 0.0077119398669393225,
        "alias": " - social sciences"
    },
    "mmlu_econometrics": {
        "alias": "  - econometrics",
        "acc,none": 0.23684210526315788,
        "acc_stderr,none": 0.039994238792813365
    },
    "mmlu_high_school_geography": {
        "alias": "  - high_school_geography",
        "acc,none": 0.3484848484848485,
        "acc_stderr,none": 0.033948539651564025
    },
    "mmlu_high_school_government_and_politics": {
        "alias": "  - high_school_government_and_politics",
        "acc,none": 0.21243523316062177,
        "acc_stderr,none": 0.02951928261681725
    },
    "mmlu_high_school_macroeconomics": {
        "alias": "  - high_school_macroeconomics",
        "acc,none": 0.21025641025641026,
        "acc_stderr,none": 0.020660597485026928
    },
    "mmlu_high_school_microeconomics": {
        "alias": "  - high_school_microeconomics",
        "acc,none": 0.3067226890756303,
        "acc_stderr,none": 0.02995382389188704
    },
    "mmlu_high_school_psychology": {
        "alias": "  - high_school_psychology",
        "acc,none": 0.22385321100917432,
        "acc_stderr,none": 0.01787121776779022
    },
    "mmlu_human_sexuality": {
        "alias": "  - human_sexuality",
        "acc,none": 0.24427480916030533,
        "acc_stderr,none": 0.037683359597287434
    },
    "mmlu_professional_psychology": {
        "alias": "  - professional_psychology",
        "acc,none": 0.21568627450980393,
        "acc_stderr,none": 0.016639319350313264
    },
    "mmlu_public_relations": {
        "alias": "  - public_relations",
        "acc,none": 0.19090909090909092,
        "acc_stderr,none": 0.03764425585984925
    },
    "mmlu_security_studies": {
        "alias": "  - security_studies",
        "acc,none": 0.30612244897959184,
        "acc_stderr,none": 0.029504896454595964
    },
    "mmlu_sociology": {
        "alias": "  - sociology",
        "acc,none": 0.23880597014925373,
        "acc_stderr,none": 0.030147775935409224
    },
    "mmlu_us_foreign_policy": {
        "alias": "  - us_foreign_policy",
        "acc,none": 0.27,
        "acc_stderr,none": 0.044619604333847394
    },
    "mmlu_stem": {
        "acc,none": 0.29051696796701554,
        "acc_stderr,none": 0.008051025184011485,
        "alias": " - stem"
    },
    "mmlu_abstract_algebra": {
        "alias": "  - abstract_algebra",
        "acc,none": 0.23,
        "acc_stderr,none": 0.04229525846816505
    },
    "mmlu_anatomy": {
        "alias": "  - anatomy",
        "acc,none": 0.34814814814814815,
        "acc_stderr,none": 0.041153246103369526
    },
    "mmlu_astronomy": {
        "alias": "  - astronomy",
        "acc,none": 0.29605263157894735,
        "acc_stderr,none": 0.03715062154998904
    },
    "mmlu_college_biology": {
        "alias": "  - college_biology",
        "acc,none": 0.2708333333333333,
        "acc_stderr,none": 0.03716177437566018
    },
    "mmlu_college_chemistry": {
        "alias": "  - college_chemistry",
        "acc,none": 0.24,
        "acc_stderr,none": 0.04292346959909284
    },
    "mmlu_college_computer_science": {
        "alias": "  - college_computer_science",
        "acc,none": 0.29,