{
    "mmlu": {
        "acc,none": 0.2770260646631534,
        "acc_stderr,none": 0.003760466140798929,
        "alias": "mmlu"
    },
    "mmlu_humanities": {
        "acc,none": 0.2563230605738576,
        "acc_stderr,none": 0.0063595907754075,
        "alias": " - humanities"
    },
    "mmlu_formal_logic": {
        "alias": "  - formal_logic",
        "acc,none": 0.20634920634920634,
        "acc_stderr,none": 0.036196045241242536
    },
    "mmlu_high_school_european_history": {
        "alias": "  - high_school_european_history",
        "acc,none": 0.2909090909090909,
        "acc_stderr,none": 0.03546563019624337
    },
    "mmlu_high_school_us_history": {
        "alias": "  - high_school_us_history",
        "acc,none": 0.24019607843137256,
        "acc_stderr,none": 0.02998373305591361
    },
    "mmlu_high_school_world_history": {
        "alias": "  - high_school_world_history",
        "acc,none": 0.25738396624472576,
        "acc_stderr,none": 0.02845882099146031
    },
    "mmlu_international_law": {
        "alias": "  - international_law",
        "acc,none": 0.2727272727272727,
        "acc_stderr,none": 0.04065578140908705
    },
    "mmlu_jurisprudence": {
        "alias": "  - jurisprudence",
        "acc,none": 0.28703703703703703,
        "acc_stderr,none": 0.043733130409147614
    },
    "mmlu_logical_fallacies": {
        "alias": "  - logical_fallacies",
        "acc,none": 0.2883435582822086,
        "acc_stderr,none": 0.035590395316173425
    },
    "mmlu_moral_disputes": {
        "alias": "  - moral_disputes",
        "acc,none": 0.2543352601156069,
        "acc_stderr,none": 0.02344582627654555
    },
    "mmlu_moral_scenarios": {
        "alias": "  - moral_scenarios",
        "acc,none": 0.2424581005586592,
        "acc_stderr,none": 0.014333522059217887
    },
    "mmlu_philosophy": {
        "alias": "  - philosophy",
        "acc,none": 0.33440514469453375,
        "acc_stderr,none": 0.02679542232789394
    },
    "mmlu_prehistory": {
        "alias": "  - prehistory",
        "acc,none": 0.2962962962962963,
        "acc_stderr,none": 0.025407197798890162
    },
    "mmlu_professional_law": {
        "alias": "  - professional_law",
        "acc,none": 0.23728813559322035,
        "acc_stderr,none": 0.010865436690780259
    },
    "mmlu_world_religions": {
        "alias": "  - world_religions",
        "acc,none": 0.24561403508771928,
        "acc_stderr,none": 0.03301405946987251
    },
    "mmlu_other": {
        "acc,none": 0.3202446089475378,
        "acc_stderr,none": 0.008346476835901707,
        "alias": " - other"
    },
    "mmlu_business_ethics": {
        "alias": "  - business_ethics",
        "acc,none": 0.3,
        "acc_stderr,none": 0.046056618647183814
    },
    "mmlu_clinical_knowledge": {
        "alias": "  - clinical_knowledge",
        "acc,none": 0.2792452830188679,
        "acc_stderr,none": 0.027611163402399715
    },
    "mmlu_college_medicine": {
        "alias": "  - college_medicine",
        "acc,none": 0.23121387283236994,
        "acc_stderr,none": 0.03214737302029469
    },
    "mmlu_global_facts": {
        "alias": "  - global_facts",
        "acc,none": 0.31,
        "acc_stderr,none": 0.04648231987117316
    },
    "mmlu_human_aging": {
        "alias": "  - human_aging",
        "acc,none": 0.3811659192825112,
        "acc_stderr,none": 0.03259625118416827
    },
    "mmlu_management": {
        "alias": "  - management",
        "acc,none": 0.3106796116504854,
        "acc_stderr,none": 0.045821241601615506
    },
    "mmlu_marketing": {
        "alias": "  - marketing",
        "acc,none": 0.3162393162393162,
        "acc_stderr,none": 0.030463656747340244
    },
    "mmlu_medical_genetics": {
        "alias": "  - medical_genetics",
        "acc,none": 0.34,
        "acc_stderr,none": 0.04760952285695235
    },
    "mmlu_miscellaneous": {
        "alias": "  - miscellaneous",
        "acc,none": 0.3384418901660281,
        "acc_stderr,none": 0.016920869586210655
    },
    "mmlu_nutrition": {
        "alias": "  - nutrition",
        "acc,none": 0.28104575163398693,
        "acc_stderr,none": 0.02573885479781874
    },
    "mmlu_professional_accounting": {
        "alias": "  - professional_accounting",
        "acc,none": 0.26595744680851063,
        "acc_stderr,none": 0.026358065698880592
    },
    "mmlu_professional_medicine": {
        "alias": "  - professional_medicine",
        "acc,none": 0.4117647058823529,
        "acc_stderr,none": 0.029896163033125478
    },
    "mmlu_virology": {
        "alias": "  - virology",
        "acc,none": 0.3433734939759036,
        "acc_stderr,none": 0.03696584317010601
    },
    "mmlu_social_sciences": {
        "acc,none": 0.2642183945401365,
        "acc_stderr,none": 0.007940291829650207,
        "alias": " - social sciences"
    },
    "mmlu_econometrics": {
        "alias": "  - econometrics",
        "acc,none": 0.2543859649122807,
        "acc_stderr,none": 0.040969851398436716
    },
    "mmlu_high_school_geography": {
        "alias": "  - high_school_geography",
        "acc,none": 0.25252525252525254,
        "acc_stderr,none": 0.030954055470365897
    },
    "mmlu_high_school_government_and_politics": {
        "alias": "  - high_school_government_and_politics",
        "acc,none": 0.25906735751295334,
        "acc_stderr,none": 0.031618779179354094
    },
    "mmlu_high_school_macroeconomics": {
        "alias": "  - high_school_macroeconomics",
        "acc,none": 0.31794871794871793,
        "acc_stderr,none": 0.02361088430892786
    },
    "mmlu_high_school_microeconomics": {
        "alias": "  - high_school_microeconomics",
        "acc,none": 0.24789915966386555,
        "acc_stderr,none": 0.028047967224176896
    },
    "mmlu_high_school_psychology": {
        "alias": "  - high_school_psychology",
        "acc,none": 0.27889908256880735,
        "acc_stderr,none": 0.019227468876463517
    },
    "mmlu_human_sexuality": {
        "alias": "  - human_sexuality",
        "acc,none": 0.25190839694656486,
        "acc_stderr,none": 0.03807387116306086
    },
    "mmlu_professional_psychology": {
        "alias": "  - professional_psychology",
        "acc,none": 0.24183006535947713,
        "acc_stderr,none": 0.017322789207784326
    },
    "mmlu_public_relations": {
        "alias": "  - public_relations",
        "acc,none": 0.3,
        "acc_stderr,none": 0.04389311454644287
    },
    "mmlu_security_studies": {
        "alias": "  - security_studies",
        "acc,none": 0.21224489795918366,
        "acc_stderr,none": 0.026176967197866767
    },
    "mmlu_sociology": {
        "alias": "  - sociology",
        "acc,none": 0.23383084577114427,
        "acc_stderr,none": 0.029929415408348373
    },
    "mmlu_us_foreign_policy": {
        "alias": "  - us_foreign_policy",
        "acc,none": 0.36,
        "acc_stderr,none": 0.048241815132442176
    },
    "mmlu_stem": {
        "acc,none": 0.27783063748810655,
        "acc_stderr,none": 0.007920179611598868,
        "alias": " - stem"
    },
    "mmlu_abstract_algebra": {
        "alias": "  - abstract_algebra",
        "acc,none": 0.25,
        "acc_stderr,none": 0.04351941398892446
    },
    "mmlu_anatomy": {
        "alias": "  - anatomy",
        "acc,none": 0.3037037037037037,
        "acc_stderr,none": 0.03972552884785137
    },
    "mmlu_astronomy": {
        "alias": "  - astronomy",
        "acc,none": 0.19736842105263158,
        "acc_stderr,none": 0.03238981601699397
    },
    "mmlu_college_biology": {
        "alias": "  - college_biology",
        "acc,none": 0.2708333333333333,
        "acc_stderr,none": 0.03716177437566017
    },
    "mmlu_college_chemistry": {
        "alias": "  - college_chemistry",
        "acc,none": 0.21,
        "acc_stderr,none": 0.040936018074033256
    },
    "mmlu_college_computer_science": {
        "alias": "  - college_computer_science",
        "acc,none": 0.21,