{
    "mmlu": {
        "acc,none": 0.24846887907705456,
        "acc_stderr,none": 0.0036414096978230445,
        "alias": "mmlu"
    },
    "mmlu_humanities": {
        "acc,none": 0.24718384697130713,
        "acc_stderr,none": 0.006289856141329148,
        "alias": " - humanities"
    },
    "mmlu_formal_logic": {
        "alias": "  - formal_logic",
        "acc,none": 0.24603174603174602,
        "acc_stderr,none": 0.038522733649243156
    },
    "mmlu_high_school_european_history": {
        "alias": "  - high_school_european_history",
        "acc,none": 0.24848484848484848,
        "acc_stderr,none": 0.033744026441394036
    },
    "mmlu_high_school_us_history": {
        "alias": "  - high_school_us_history",
        "acc,none": 0.23039215686274508,
        "acc_stderr,none": 0.02955429260569508
    },
    "mmlu_high_school_world_history": {
        "alias": "  - high_school_world_history",
        "acc,none": 0.2616033755274262,
        "acc_stderr,none": 0.028609516716994934
    },
    "mmlu_international_law": {
        "alias": "  - international_law",
        "acc,none": 0.2231404958677686,
        "acc_stderr,none": 0.03800754475228733
    },
    "mmlu_jurisprudence": {
        "alias": "  - jurisprudence",
        "acc,none": 0.18518518518518517,
        "acc_stderr,none": 0.03755265865037183
    },
    "mmlu_logical_fallacies": {
        "alias": "  - logical_fallacies",
        "acc,none": 0.2883435582822086,
        "acc_stderr,none": 0.035590395316173425
    },
    "mmlu_moral_disputes": {
        "alias": "  - moral_disputes",
        "acc,none": 0.28034682080924855,
        "acc_stderr,none": 0.024182427496577612
    },
    "mmlu_moral_scenarios": {
        "alias": "  - moral_scenarios",
        "acc,none": 0.23687150837988827,
        "acc_stderr,none": 0.014219570788103984
    },
    "mmlu_philosophy": {
        "alias": "  - philosophy",
        "acc,none": 0.2508038585209003,
        "acc_stderr,none": 0.02461977195669716
    },
    "mmlu_prehistory": {
        "alias": "  - prehistory",
        "acc,none": 0.22839506172839505,
        "acc_stderr,none": 0.023358211840626267
    },
    "mmlu_professional_law": {
        "alias": "  - professional_law",
        "acc,none": 0.2438070404172099,
        "acc_stderr,none": 0.010966507972178475
    },
    "mmlu_world_religions": {
        "alias": "  - world_religions",
        "acc,none": 0.30994152046783624,
        "acc_stderr,none": 0.035469769593931624
    },
    "mmlu_other": {
        "acc,none": 0.2584486643064049,
        "acc_stderr,none": 0.00785703391963376,
        "alias": " - other"
    },
    "mmlu_business_ethics": {
        "alias": "  - business_ethics",
        "acc,none": 0.31,
        "acc_stderr,none": 0.04648231987117316
    },
    "mmlu_clinical_knowledge": {
        "alias": "  - clinical_knowledge",
        "acc,none": 0.24150943396226415,
        "acc_stderr,none": 0.026341480371118352
    },
    "mmlu_college_medicine": {
        "alias": "  - college_medicine",
        "acc,none": 0.23121387283236994,
        "acc_stderr,none": 0.032147373020294696
    },
    "mmlu_global_facts": {
        "alias": "  - global_facts",
        "acc,none": 0.19,
        "acc_stderr,none": 0.039427724440366234
    },
    "mmlu_human_aging": {
        "alias": "  - human_aging",
        "acc,none": 0.22869955156950672,
        "acc_stderr,none": 0.02818824004692919
    },
    "mmlu_management": {
        "alias": "  - management",
        "acc,none": 0.21359223300970873,
        "acc_stderr,none": 0.04058042015646034
    },
    "mmlu_marketing": {
        "alias": "  - marketing",
        "acc,none": 0.25213675213675213,
        "acc_stderr,none": 0.02844796547623102
    },
    "mmlu_medical_genetics": {
        "alias": "  - medical_genetics",
        "acc,none": 0.28,
        "acc_stderr,none": 0.045126085985421276
    },
    "mmlu_miscellaneous": {
        "alias": "  - miscellaneous",
        "acc,none": 0.26436781609195403,
        "acc_stderr,none": 0.01576998484069052
    },
    "mmlu_nutrition": {
        "alias": "  - nutrition",
        "acc,none": 0.25163398692810457,
        "acc_stderr,none": 0.02484801826387519
    },
    "mmlu_professional_accounting": {
        "alias": "  - professional_accounting",
        "acc,none": 0.2730496453900709,
        "acc_stderr,none": 0.026577860943307847
    },
    "mmlu_professional_medicine": {
        "alias": "  - professional_medicine",
        "acc,none": 0.2977941176470588,
        "acc_stderr,none": 0.027778298701545443
    },
    "mmlu_virology": {
        "alias": "  - virology",
        "acc,none": 0.28313253012048195,
        "acc_stderr,none": 0.03507295431370518
    },
    "mmlu_social_sciences": {
        "acc,none": 0.23756906077348067,
        "acc_stderr,none": 0.007662161747026538,
        "alias": " - social sciences"
    },
    "mmlu_econometrics": {
        "alias": "  - econometrics",
        "acc,none": 0.21052631578947367,
        "acc_stderr,none": 0.038351539543994194
    },
    "mmlu_high_school_geography": {
        "alias": "  - high_school_geography",
        "acc,none": 0.17676767676767677,
        "acc_stderr,none": 0.027178752639044915
    },
    "mmlu_high_school_government_and_politics": {
        "alias": "  - high_school_government_and_politics",
        "acc,none": 0.2694300518134715,
        "acc_stderr,none": 0.03201867122877794
    },
    "mmlu_high_school_macroeconomics": {
        "alias": "  - high_school_macroeconomics",
        "acc,none": 0.22564102564102564,
        "acc_stderr,none": 0.02119363252514852
    },
    "mmlu_high_school_microeconomics": {
        "alias": "  - high_school_microeconomics",
        "acc,none": 0.19747899159663865,
        "acc_stderr,none": 0.025859164122051453
    },
    "mmlu_high_school_psychology": {
        "alias": "  - high_school_psychology",
        "acc,none": 0.23669724770642203,
        "acc_stderr,none": 0.018224078117299078
    },
    "mmlu_human_sexuality": {
        "alias": "  - human_sexuality",
        "acc,none": 0.29770992366412213,
        "acc_stderr,none": 0.04010358942462203
    },
    "mmlu_professional_psychology": {
        "alias": "  - professional_psychology",
        "acc,none": 0.2647058823529412,
        "acc_stderr,none": 0.017848089574913226
    },
    "mmlu_public_relations": {
        "alias": "  - public_relations",
        "acc,none": 0.20909090909090908,
        "acc_stderr,none": 0.03895091015724137
    },
    "mmlu_security_studies": {
        "alias": "  - security_studies",
        "acc,none": 0.22040816326530613,
        "acc_stderr,none": 0.026537045312145287
    },
    "mmlu_sociology": {
        "alias": "  - sociology",
        "acc,none": 0.21890547263681592,
        "acc_stderr,none": 0.029239174636647
    },
    "mmlu_us_foreign_policy": {
        "alias": "  - us_foreign_policy",
        "acc,none": 0.34,
        "acc_stderr,none": 0.04760952285695236
    },
    "mmlu_stem": {
        "acc,none": 0.25118934348239774,
        "acc_stderr,none": 0.007683991954718888,
        "alias": " - stem"
    },
    "mmlu_abstract_algebra": {
        "alias": "  - abstract_algebra",
        "acc,none": 0.22,
        "acc_stderr,none": 0.04163331998932269
    },
    "mmlu_anatomy": {
        "alias": "  - anatomy",
        "acc,none": 0.22962962962962963,
        "acc_stderr,none": 0.03633384414073465
    },
    "mmlu_astronomy": {
        "alias": "  - astronomy",
        "acc,none": 0.21710526315789475,
        "acc_stderr,none": 0.03355045304882923
    },
    "mmlu_college_biology": {
        "alias": "  - college_biology",
        "acc,none": 0.22916666666666666,
        "acc_stderr,none": 0.035146974678623884
    },
    "mmlu_college_chemistry": {
        "alias": "  - college_chemistry",
        "acc,none": 0.22,
        "acc_stderr,none": 0.041633319989322695
    },
    "mmlu_college_computer_science": {
        "alias": "  - college_computer_science",
        "acc,none": 0.25,