{
    "mmlu": {
        "acc,none": 0.34161800313345675,
        "acc_stderr,none": 0.003915187850349654,
        "alias": "mmlu"
    },
    "mmlu_humanities": {
        "acc,none": 0.3071200850159405,
        "acc_stderr,none": 0.006624082069722331,
        "alias": " - humanities"
    },
    "mmlu_formal_logic": {
        "alias": "  - formal_logic",
        "acc,none": 0.1984126984126984,
        "acc_stderr,none": 0.03567016675276865
    },
    "mmlu_high_school_european_history": {
        "alias": "  - high_school_european_history",
        "acc,none": 0.30303030303030304,
        "acc_stderr,none": 0.035886248000917095
    },
    "mmlu_high_school_us_history": {
        "alias": "  - high_school_us_history",
        "acc,none": 0.37254901960784315,
        "acc_stderr,none": 0.03393388584958404
    },
    "mmlu_high_school_world_history": {
        "alias": "  - high_school_world_history",
        "acc,none": 0.3291139240506329,
        "acc_stderr,none": 0.030587326294702368
    },
    "mmlu_international_law": {
        "alias": "  - international_law",
        "acc,none": 0.38016528925619836,
        "acc_stderr,none": 0.04431324501968432
    },
    "mmlu_jurisprudence": {
        "alias": "  - jurisprudence",
        "acc,none": 0.4444444444444444,
        "acc_stderr,none": 0.04803752235190192
    },
    "mmlu_logical_fallacies": {
        "alias": "  - logical_fallacies",
        "acc,none": 0.37423312883435583,
        "acc_stderr,none": 0.03802068102899615
    },
    "mmlu_moral_disputes": {
        "alias": "  - moral_disputes",
        "acc,none": 0.3092485549132948,
        "acc_stderr,none": 0.024883140570071755
    },
    "mmlu_moral_scenarios": {
        "alias": "  - moral_scenarios",
        "acc,none": 0.2424581005586592,
        "acc_stderr,none": 0.014333522059217887
    },
    "mmlu_philosophy": {
        "alias": "  - philosophy",
        "acc,none": 0.47266881028938906,
        "acc_stderr,none": 0.028355633568328174
    },
    "mmlu_prehistory": {
        "alias": "  - prehistory",
        "acc,none": 0.404320987654321,
        "acc_stderr,none": 0.02730662529732768
    },
    "mmlu_professional_law": {
        "alias": "  - professional_law",
        "acc,none": 0.24511082138200782,
        "acc_stderr,none": 0.010986307870045536
    },
    "mmlu_world_religions": {
        "alias": "  - world_religions",
        "acc,none": 0.4853801169590643,
        "acc_stderr,none": 0.038331852752130205
    },
    "mmlu_other": {
        "acc,none": 0.4061795944641133,
        "acc_stderr,none": 0.008583950872358618,
        "alias": " - other"
    },
    "mmlu_business_ethics": {
        "alias": "  - business_ethics",
        "acc,none": 0.34,
        "acc_stderr,none": 0.04760952285695235
    },
    "mmlu_clinical_knowledge": {
        "alias": "  - clinical_knowledge",
        "acc,none": 0.3584905660377358,
        "acc_stderr,none": 0.029514703583981755
    },
    "mmlu_college_medicine": {
        "alias": "  - college_medicine",
        "acc,none": 0.2832369942196532,
        "acc_stderr,none": 0.034355680560478746
    },
    "mmlu_global_facts": {
        "alias": "  - global_facts",
        "acc,none": 0.32,
        "acc_stderr,none": 0.04688261722621505
    },
    "mmlu_human_aging": {
        "alias": "  - human_aging",
        "acc,none": 0.5246636771300448,
        "acc_stderr,none": 0.03351695167652628
    },
    "mmlu_management": {
        "alias": "  - management",
        "acc,none": 0.3883495145631068,
        "acc_stderr,none": 0.04825729337356389
    },
    "mmlu_marketing": {
        "alias": "  - marketing",
        "acc,none": 0.5897435897435898,
        "acc_stderr,none": 0.032224140452411065
    },
    "mmlu_medical_genetics": {
        "alias": "  - medical_genetics",
        "acc,none": 0.38,
        "acc_stderr,none": 0.048783173121456316
    },
    "mmlu_miscellaneous": {
        "alias": "  - miscellaneous",
        "acc,none": 0.5261813537675607,
        "acc_stderr,none": 0.017855434554041996
    },
    "mmlu_nutrition": {
        "alias": "  - nutrition",
        "acc,none": 0.34967320261437906,
        "acc_stderr,none": 0.0273053080762747
    },
    "mmlu_professional_accounting": {
        "alias": "  - professional_accounting",
        "acc,none": 0.2801418439716312,
        "acc_stderr,none": 0.02678917235114023
    },
    "mmlu_professional_medicine": {
        "alias": "  - professional_medicine",
        "acc,none": 0.23161764705882354,
        "acc_stderr,none": 0.025626533803777562
    },
    "mmlu_virology": {
        "alias": "  - virology",
        "acc,none": 0.3493975903614458,
        "acc_stderr,none": 0.0371172519074075
    },
    "mmlu_social_sciences": {
        "acc,none": 0.3854403639909002,
        "acc_stderr,none": 0.008650391686039625,
        "alias": " - social sciences"
    },
    "mmlu_econometrics": {
        "alias": "  - econometrics",
        "acc,none": 0.2894736842105263,
        "acc_stderr,none": 0.04266339443159394
    },
    "mmlu_high_school_geography": {
        "alias": "  - high_school_geography",
        "acc,none": 0.37373737373737376,
        "acc_stderr,none": 0.034468977386593325
    },
    "mmlu_high_school_government_and_politics": {
        "alias": "  - high_school_government_and_politics",
        "acc,none": 0.5025906735751295,
        "acc_stderr,none": 0.03608390745384488
    },
    "mmlu_high_school_macroeconomics": {
        "alias": "  - high_school_macroeconomics",
        "acc,none": 0.31794871794871793,
        "acc_stderr,none": 0.023610884308927858
    },
    "mmlu_high_school_microeconomics": {
        "alias": "  - high_school_microeconomics",
        "acc,none": 0.3235294117647059,
        "acc_stderr,none": 0.030388353551886845
    },
    "mmlu_high_school_psychology": {
        "alias": "  - high_school_psychology",
        "acc,none": 0.48990825688073397,
        "acc_stderr,none": 0.021432956203453313
    },
    "mmlu_human_sexuality": {
        "alias": "  - human_sexuality",
        "acc,none": 0.3282442748091603,
        "acc_stderr,none": 0.04118438565806298
    },
    "mmlu_professional_psychology": {
        "alias": "  - professional_psychology",
        "acc,none": 0.3741830065359477,
        "acc_stderr,none": 0.019576953122088847
    },
    "mmlu_public_relations": {
        "alias": "  - public_relations",
        "acc,none": 0.4636363636363636,
        "acc_stderr,none": 0.04776449162396197
    },
    "mmlu_security_studies": {
        "alias": "  - security_studies",
        "acc,none": 0.21224489795918366,
        "acc_stderr,none": 0.026176967197866764
    },
    "mmlu_sociology": {
        "alias": "  - sociology",
        "acc,none": 0.43283582089552236,
        "acc_stderr,none": 0.0350349092367328
    },
    "mmlu_us_foreign_policy": {
        "alias": "  - us_foreign_policy",
        "acc,none": 0.52,
        "acc_stderr,none": 0.050211673156867795
    },
    "mmlu_stem": {
        "acc,none": 0.28671106882334285,
        "acc_stderr,none": 0.007968897692174935,
        "alias": " - stem"
    },
    "mmlu_abstract_algebra": {
        "alias": "  - abstract_algebra",
        "acc,none": 0.26,
        "acc_stderr,none": 0.04408440022768079
    },
    "mmlu_anatomy": {
        "alias": "  - anatomy",
        "acc,none": 0.4222222222222222,
        "acc_stderr,none": 0.04266763404099582
    },
    "mmlu_astronomy": {
        "alias": "  - astronomy",
        "acc,none": 0.3157894736842105,
        "acc_stderr,none": 0.0378272898086547
    },
    "mmlu_college_biology": {
        "alias": "  - college_biology",
        "acc,none": 0.4097222222222222,
        "acc_stderr,none": 0.04112490974670787
    },
    "mmlu_college_chemistry": {
        "alias": "  - college_chemistry",
        "acc,none": 0.22,
        "acc_stderr,none": 0.041633319989322695
    },
    "mmlu_college_computer_science": {
        "alias": "  - college_computer_science",
        "acc,none": 0.16,