{
    "mmlu": {
        "acc,none": 0.24483691781797465,
        "acc_stderr,none": 0.003619898762956938,
        "alias": "mmlu"
    },
    "mmlu_humanities": {
        "acc,none": 0.24378320935175346,
        "acc_stderr,none": 0.006260813845076594,
        "alias": " - humanities"
    },
    "mmlu_formal_logic": {
        "alias": "  - formal_logic",
        "acc,none": 0.23809523809523808,
        "acc_stderr,none": 0.03809523809523811
    },
    "mmlu_high_school_european_history": {
        "alias": "  - high_school_european_history",
        "acc,none": 0.21818181818181817,
        "acc_stderr,none": 0.03225078108306289
    },
    "mmlu_high_school_us_history": {
        "alias": "  - high_school_us_history",
        "acc,none": 0.23529411764705882,
        "acc_stderr,none": 0.029771775228145614
    },
    "mmlu_high_school_world_history": {
        "alias": "  - high_school_world_history",
        "acc,none": 0.270042194092827,
        "acc_stderr,none": 0.028900721906293426
    },
    "mmlu_international_law": {
        "alias": "  - international_law",
        "acc,none": 0.2396694214876033,
        "acc_stderr,none": 0.03896878985070417
    },
    "mmlu_jurisprudence": {
        "alias": "  - jurisprudence",
        "acc,none": 0.25925925925925924,
        "acc_stderr,none": 0.04236511258094634
    },
    "mmlu_logical_fallacies": {
        "alias": "  - logical_fallacies",
        "acc,none": 0.22085889570552147,
        "acc_stderr,none": 0.032591773927421776
    },
    "mmlu_moral_disputes": {
        "alias": "  - moral_disputes",
        "acc,none": 0.24855491329479767,
        "acc_stderr,none": 0.023267528432100174
    },
    "mmlu_moral_scenarios": {
        "alias": "  - moral_scenarios",
        "acc,none": 0.2346368715083799,
        "acc_stderr,none": 0.014173044098303673
    },
    "mmlu_philosophy": {
        "alias": "  - philosophy",
        "acc,none": 0.2057877813504823,
        "acc_stderr,none": 0.022961339906764237
    },
    "mmlu_prehistory": {
        "alias": "  - prehistory",
        "acc,none": 0.25925925925925924,
        "acc_stderr,none": 0.024383665531035447
    },
    "mmlu_professional_law": {
        "alias": "  - professional_law",
        "acc,none": 0.2457627118644068,
        "acc_stderr,none": 0.01099615663514269
    },
    "mmlu_world_religions": {
        "alias": "  - world_religions",
        "acc,none": 0.3216374269005848,
        "acc_stderr,none": 0.03582529442573122
    },
    "mmlu_other": {
        "acc,none": 0.24879304795622786,
        "acc_stderr,none": 0.0077412713316831645,
        "alias": " - other"
    },
    "mmlu_business_ethics": {
        "alias": "  - business_ethics",
        "acc,none": 0.26,
        "acc_stderr,none": 0.0440844002276808
    },
    "mmlu_clinical_knowledge": {
        "alias": "  - clinical_knowledge",
        "acc,none": 0.23773584905660378,
        "acc_stderr,none": 0.026199808807561936
    },
    "mmlu_college_medicine": {
        "alias": "  - college_medicine",
        "acc,none": 0.2138728323699422,
        "acc_stderr,none": 0.03126511206173043
    },
    "mmlu_global_facts": {
        "alias": "  - global_facts",
        "acc,none": 0.19,
        "acc_stderr,none": 0.039427724440366234
    },
    "mmlu_human_aging": {
        "alias": "  - human_aging",
        "acc,none": 0.3004484304932735,
        "acc_stderr,none": 0.030769352008229143
    },
    "mmlu_management": {
        "alias": "  - management",
        "acc,none": 0.20388349514563106,
        "acc_stderr,none": 0.039891398595317706
    },
    "mmlu_marketing": {
        "alias": "  - marketing",
        "acc,none": 0.2692307692307692,
        "acc_stderr,none": 0.029058588303748845
    },
    "mmlu_medical_genetics": {
        "alias": "  - medical_genetics",
        "acc,none": 0.26,
        "acc_stderr,none": 0.0440844002276808
    },
    "mmlu_miscellaneous": {
        "alias": "  - miscellaneous",
        "acc,none": 0.21966794380587484,
        "acc_stderr,none": 0.014805384478371176
    },
    "mmlu_nutrition": {
        "alias": "  - nutrition",
        "acc,none": 0.23529411764705882,
        "acc_stderr,none": 0.024288619466046105
    },
    "mmlu_professional_accounting": {
        "alias": "  - professional_accounting",
        "acc,none": 0.24468085106382978,
        "acc_stderr,none": 0.025645553622266736
    },
    "mmlu_professional_medicine": {
        "alias": "  - professional_medicine",
        "acc,none": 0.29044117647058826,
        "acc_stderr,none": 0.02757646862274052
    },
    "mmlu_virology": {
        "alias": "  - virology",
        "acc,none": 0.35542168674698793,
        "acc_stderr,none": 0.03726214354322415
    },
    "mmlu_social_sciences": {
        "acc,none": 0.2349691257718557,
        "acc_stderr,none": 0.007626197048135588,
        "alias": " - social sciences"
    },
    "mmlu_econometrics": {
        "alias": "  - econometrics",
        "acc,none": 0.20175438596491227,
        "acc_stderr,none": 0.037752050135836386
    },
    "mmlu_high_school_geography": {
        "alias": "  - high_school_geography",
        "acc,none": 0.13636363636363635,
        "acc_stderr,none": 0.024450155973189835
    },
    "mmlu_high_school_government_and_politics": {
        "alias": "  - high_school_government_and_politics",
        "acc,none": 0.24352331606217617,
        "acc_stderr,none": 0.030975436386845436
    },
    "mmlu_high_school_macroeconomics": {
        "alias": "  - high_school_macroeconomics",
        "acc,none": 0.2923076923076923,
        "acc_stderr,none": 0.023060438380857744
    },
    "mmlu_high_school_microeconomics": {
        "alias": "  - high_school_microeconomics",
        "acc,none": 0.22268907563025211,
        "acc_stderr,none": 0.027025433498882378
    },
    "mmlu_high_school_psychology": {
        "alias": "  - high_school_psychology",
        "acc,none": 0.23486238532110093,
        "acc_stderr,none": 0.018175110510343585
    },
    "mmlu_human_sexuality": {
        "alias": "  - human_sexuality",
        "acc,none": 0.26717557251908397,
        "acc_stderr,none": 0.038808483010823965
    },
    "mmlu_professional_psychology": {
        "alias": "  - professional_psychology",
        "acc,none": 0.25,
        "acc_stderr,none": 0.01751781884501444
    },
    "mmlu_public_relations": {
        "alias": "  - public_relations",
        "acc,none": 0.20909090909090908,
        "acc_stderr,none": 0.038950910157241364
    },
    "mmlu_security_studies": {
        "alias": "  - security_studies",
        "acc,none": 0.17959183673469387,
        "acc_stderr,none": 0.024573293589585637
    },
    "mmlu_sociology": {
        "alias": "  - sociology",
        "acc,none": 0.24378109452736318,
        "acc_stderr,none": 0.030360490154014652
    },
    "mmlu_us_foreign_policy": {
        "alias": "  - us_foreign_policy",
        "acc,none": 0.27,
        "acc_stderr,none": 0.0446196043338474
    },
    "mmlu_stem": {
        "acc,none": 0.2521408182683159,
        "acc_stderr,none": 0.0076834444011751836,
        "alias": " - stem"
    },
    "mmlu_abstract_algebra": {
        "alias": "  - abstract_algebra",
        "acc,none": 0.22,
        "acc_stderr,none": 0.04163331998932269
    },
    "mmlu_anatomy": {
        "alias": "  - anatomy",
        "acc,none": 0.2518518518518518,
        "acc_stderr,none": 0.037498507091740206
    },
    "mmlu_astronomy": {
        "alias": "  - astronomy",
        "acc,none": 0.17763157894736842,
        "acc_stderr,none": 0.031103182383123398
    },
    "mmlu_college_biology": {
        "alias": "  - college_biology",
        "acc,none": 0.24305555555555555,
        "acc_stderr,none": 0.0358687928008034
    },
    "mmlu_college_chemistry": {
        "alias": "  - college_chemistry",
        "acc,none": 0.25,
        "acc_stderr,none": 0.04351941398892446
    },
    "mmlu_college_computer_science": {
        "alias": "  - college_computer_science",
        "acc,none": 0.21,