{
    "mmlu": {
        "acc,none": 0.26463466742629255,
        "acc_stderr,none": 0.0037061892300956794,
        "alias": "mmlu"
    },
    "mmlu_humanities": {
        "acc,none": 0.2546227417640808,
        "acc_stderr,none": 0.006350201947279091,
        "alias": " - humanities"
    },
    "mmlu_formal_logic": {
        "alias": "  - formal_logic",
        "acc,none": 0.1746031746031746,
        "acc_stderr,none": 0.03395490020856112
    },
    "mmlu_high_school_european_history": {
        "alias": "  - high_school_european_history",
        "acc,none": 0.24848484848484848,
        "acc_stderr,none": 0.03374402644139404
    },
    "mmlu_high_school_us_history": {
        "alias": "  - high_school_us_history",
        "acc,none": 0.2549019607843137,
        "acc_stderr,none": 0.03058759135160425
    },
    "mmlu_high_school_world_history": {
        "alias": "  - high_school_world_history",
        "acc,none": 0.2742616033755274,
        "acc_stderr,none": 0.029041333510598018
    },
    "mmlu_international_law": {
        "alias": "  - international_law",
        "acc,none": 0.2975206611570248,
        "acc_stderr,none": 0.04173349148083499
    },
    "mmlu_jurisprudence": {
        "alias": "  - jurisprudence",
        "acc,none": 0.24074074074074073,
        "acc_stderr,none": 0.04133119440243839
    },
    "mmlu_logical_fallacies": {
        "alias": "  - logical_fallacies",
        "acc,none": 0.3067484662576687,
        "acc_stderr,none": 0.036230899157241474
    },
    "mmlu_moral_disputes": {
        "alias": "  - moral_disputes",
        "acc,none": 0.2543352601156069,
        "acc_stderr,none": 0.023445826276545543
    },
    "mmlu_moral_scenarios": {
        "alias": "  - moral_scenarios",
        "acc,none": 0.2446927374301676,
        "acc_stderr,none": 0.014378169884098424
    },
    "mmlu_philosophy": {
        "alias": "  - philosophy",
        "acc,none": 0.2797427652733119,
        "acc_stderr,none": 0.025494259350694905
    },
    "mmlu_prehistory": {
        "alias": "  - prehistory",
        "acc,none": 0.2993827160493827,
        "acc_stderr,none": 0.025483115601195462
    },
    "mmlu_professional_law": {
        "alias": "  - professional_law",
        "acc,none": 0.242503259452412,
        "acc_stderr,none": 0.010946570966348802
    },
    "mmlu_world_religions": {
        "alias": "  - world_religions",
        "acc,none": 0.25146198830409355,
        "acc_stderr,none": 0.033275044238468436
    },
    "mmlu_other": {
        "acc,none": 0.2973929835854522,
        "acc_stderr,none": 0.008171527811406423,
        "alias": " - other"
    },
    "mmlu_business_ethics": {
        "alias": "  - business_ethics",
        "acc,none": 0.31,
        "acc_stderr,none": 0.04648231987117316
    },
    "mmlu_clinical_knowledge": {
        "alias": "  - clinical_knowledge",
        "acc,none": 0.2830188679245283,
        "acc_stderr,none": 0.027724236492700904
    },
    "mmlu_college_medicine": {
        "alias": "  - college_medicine",
        "acc,none": 0.23121387283236994,
        "acc_stderr,none": 0.03214737302029468
    },
    "mmlu_global_facts": {
        "alias": "  - global_facts",
        "acc,none": 0.32,
        "acc_stderr,none": 0.04688261722621505
    },
    "mmlu_human_aging": {
        "alias": "  - human_aging",
        "acc,none": 0.34080717488789236,
        "acc_stderr,none": 0.031811497470553604
    },
    "mmlu_management": {
        "alias": "  - management",
        "acc,none": 0.21359223300970873,
        "acc_stderr,none": 0.04058042015646034
    },
    "mmlu_marketing": {
        "alias": "  - marketing",
        "acc,none": 0.27350427350427353,
        "acc_stderr,none": 0.029202540153431183
    },
    "mmlu_medical_genetics": {
        "alias": "  - medical_genetics",
        "acc,none": 0.32,
        "acc_stderr,none": 0.046882617226215034
    },
    "mmlu_miscellaneous": {
        "alias": "  - miscellaneous",
        "acc,none": 0.2962962962962963,
        "acc_stderr,none": 0.016328814422102052
    },
    "mmlu_nutrition": {
        "alias": "  - nutrition",
        "acc,none": 0.24836601307189543,
        "acc_stderr,none": 0.02473998135511359
    },
    "mmlu_professional_accounting": {
        "alias": "  - professional_accounting",
        "acc,none": 0.2801418439716312,
        "acc_stderr,none": 0.02678917235114024
    },
    "mmlu_professional_medicine": {
        "alias": "  - professional_medicine",
        "acc,none": 0.4227941176470588,
        "acc_stderr,none": 0.030008562845003466
    },
    "mmlu_virology": {
        "alias": "  - virology",
        "acc,none": 0.30120481927710846,
        "acc_stderr,none": 0.0357160923005348
    },
    "mmlu_social_sciences": {
        "acc,none": 0.24536886577835554,
        "acc_stderr,none": 0.007758318005897058,
        "alias": " - social sciences"
    },
    "mmlu_econometrics": {
        "alias": "  - econometrics",
        "acc,none": 0.2631578947368421,
        "acc_stderr,none": 0.041424397194893624
    },
    "mmlu_high_school_geography": {
        "alias": "  - high_school_geography",
        "acc,none": 0.20707070707070707,
        "acc_stderr,none": 0.02886977846026705
    },
    "mmlu_high_school_government_and_politics": {
        "alias": "  - high_school_government_and_politics",
        "acc,none": 0.29015544041450775,
        "acc_stderr,none": 0.032752644677915166
    },
    "mmlu_high_school_macroeconomics": {
        "alias": "  - high_school_macroeconomics",
        "acc,none": 0.24615384615384617,
        "acc_stderr,none": 0.02184086699042309
    },
    "mmlu_high_school_microeconomics": {
        "alias": "  - high_school_microeconomics",
        "acc,none": 0.21428571428571427,
        "acc_stderr,none": 0.026653531596715494
    },
    "mmlu_high_school_psychology": {
        "alias": "  - high_school_psychology",
        "acc,none": 0.22568807339449543,
        "acc_stderr,none": 0.01792308766780305
    },
    "mmlu_human_sexuality": {
        "alias": "  - human_sexuality",
        "acc,none": 0.2900763358778626,
        "acc_stderr,none": 0.03980066246467765
    },
    "mmlu_professional_psychology": {
        "alias": "  - professional_psychology",
        "acc,none": 0.26633986928104575,
        "acc_stderr,none": 0.01788318813466719
    },
    "mmlu_public_relations": {
        "alias": "  - public_relations",
        "acc,none": 0.19090909090909092,
        "acc_stderr,none": 0.03764425585984927
    },
    "mmlu_security_studies": {
        "alias": "  - security_studies",
        "acc,none": 0.24081632653061225,
        "acc_stderr,none": 0.027372942201788163
    },
    "mmlu_sociology": {
        "alias": "  - sociology",
        "acc,none": 0.24875621890547264,
        "acc_stderr,none": 0.030567675938916707
    },
    "mmlu_us_foreign_policy": {
        "alias": "  - us_foreign_policy",
        "acc,none": 0.27,
        "acc_stderr,none": 0.044619604333847394
    },
    "mmlu_stem": {
        "acc,none": 0.2660957817951158,
        "acc_stderr,none": 0.007776867757842831,
        "alias": " - stem"
    },
    "mmlu_abstract_algebra": {
        "alias": "  - abstract_algebra",
        "acc,none": 0.25,
        "acc_stderr,none": 0.04351941398892446
    },
    "mmlu_anatomy": {
        "alias": "  - anatomy",
        "acc,none": 0.34814814814814815,
        "acc_stderr,none": 0.041153246103369526
    },
    "mmlu_astronomy": {
        "alias": "  - astronomy",
        "acc,none": 0.17105263157894737,
        "acc_stderr,none": 0.030643607071677088
    },
    "mmlu_college_biology": {
        "alias": "  - college_biology",
        "acc,none": 0.2222222222222222,
        "acc_stderr,none": 0.03476590104304134
    },
    "mmlu_college_chemistry": {
        "alias": "  - college_chemistry",
        "acc,none": 0.2,
        "acc_stderr,none": 0.04020151261036845
    },
    "mmlu_college_computer_science": {
        "alias": "  - college_computer_science",
        "acc,none": 0.19,