{
    "mmlu": {
        "acc,none": 0.42529554194559177,
        "acc_stderr,none": 0.004073096290972065,
        "alias": "mmlu"
    },
    "mmlu_humanities": {
        "acc,none": 0.3982996811902232,
        "acc_stderr,none": 0.00695781431858149,
        "alias": " - humanities"
    },
    "mmlu_formal_logic": {
        "alias": "  - formal_logic",
        "acc,none": 0.25396825396825395,
        "acc_stderr,none": 0.03893259610604674
    },
    "mmlu_high_school_european_history": {
        "alias": "  - high_school_european_history",
        "acc,none": 0.5575757575757576,
        "acc_stderr,none": 0.03878372113711275
    },
    "mmlu_high_school_us_history": {
        "alias": "  - high_school_us_history",
        "acc,none": 0.46568627450980393,
        "acc_stderr,none": 0.03501038327635897
    },
    "mmlu_high_school_world_history": {
        "alias": "  - high_school_world_history",
        "acc,none": 0.5232067510548524,
        "acc_stderr,none": 0.03251215201141018
    },
    "mmlu_international_law": {
        "alias": "  - international_law",
        "acc,none": 0.5867768595041323,
        "acc_stderr,none": 0.04495087843548408
    },
    "mmlu_jurisprudence": {
        "alias": "  - jurisprudence",
        "acc,none": 0.42592592592592593,
        "acc_stderr,none": 0.0478034362693679
    },
    "mmlu_logical_fallacies": {
        "alias": "  - logical_fallacies",
        "acc,none": 0.4601226993865031,
        "acc_stderr,none": 0.03915857291436971
    },
    "mmlu_moral_disputes": {
        "alias": "  - moral_disputes",
        "acc,none": 0.4421965317919075,
        "acc_stderr,none": 0.026738603643807392
    },
    "mmlu_moral_scenarios": {
        "alias": "  - moral_scenarios",
        "acc,none": 0.23128491620111732,
        "acc_stderr,none": 0.014102223623152589
    },
    "mmlu_philosophy": {
        "alias": "  - philosophy",
        "acc,none": 0.5498392282958199,
        "acc_stderr,none": 0.028256660723360187
    },
    "mmlu_prehistory": {
        "alias": "  - prehistory",
        "acc,none": 0.4567901234567901,
        "acc_stderr,none": 0.02771666165019404
    },
    "mmlu_professional_law": {
        "alias": "  - professional_law",
        "acc,none": 0.363754889178618,
        "acc_stderr,none": 0.01228699187990288
    },
    "mmlu_world_religions": {
        "alias": "  - world_religions",
        "acc,none": 0.5964912280701754,
        "acc_stderr,none": 0.037627386999170565
    },
    "mmlu_other": {
        "acc,none": 0.4969423881557773,
        "acc_stderr,none": 0.00879823621413402,
        "alias": " - other"
    },
    "mmlu_business_ethics": {
        "alias": "  - business_ethics",
        "acc,none": 0.52,
        "acc_stderr,none": 0.05021167315686781
    },
    "mmlu_clinical_knowledge": {
        "alias": "  - clinical_knowledge",
        "acc,none": 0.4528301886792453,
        "acc_stderr,none": 0.030635627957961816
    },
    "mmlu_college_medicine": {
        "alias": "  - college_medicine",
        "acc,none": 0.4046242774566474,
        "acc_stderr,none": 0.0374246119388725
    },
    "mmlu_global_facts": {
        "alias": "  - global_facts",
        "acc,none": 0.24,
        "acc_stderr,none": 0.04292346959909283
    },
    "mmlu_human_aging": {
        "alias": "  - human_aging",
        "acc,none": 0.5246636771300448,
        "acc_stderr,none": 0.03351695167652628
    },
    "mmlu_management": {
        "alias": "  - management",
        "acc,none": 0.4368932038834951,
        "acc_stderr,none": 0.049111471073657764
    },
    "mmlu_marketing": {
        "alias": "  - marketing",
        "acc,none": 0.6452991452991453,
        "acc_stderr,none": 0.03134250486245402
    },
    "mmlu_medical_genetics": {
        "alias": "  - medical_genetics",
        "acc,none": 0.51,
        "acc_stderr,none": 0.05024183937956911
    },
    "mmlu_miscellaneous": {
        "alias": "  - miscellaneous",
        "acc,none": 0.6002554278416348,
        "acc_stderr,none": 0.017516847907053282
    },
    "mmlu_nutrition": {
        "alias": "  - nutrition",
        "acc,none": 0.5098039215686274,
        "acc_stderr,none": 0.028624412550167958
    },
    "mmlu_professional_accounting": {
        "alias": "  - professional_accounting",
        "acc,none": 0.32978723404255317,
        "acc_stderr,none": 0.028045946942042408
    },
    "mmlu_professional_medicine": {
        "alias": "  - professional_medicine",
        "acc,none": 0.47794117647058826,
        "acc_stderr,none": 0.030343264224213514
    },
    "mmlu_virology": {
        "alias": "  - virology",
        "acc,none": 0.39156626506024095,
        "acc_stderr,none": 0.03799857454479637
    },
    "mmlu_social_sciences": {
        "acc,none": 0.46896327591810205,
        "acc_stderr,none": 0.008902097903250748,
        "alias": " - social sciences"
    },
    "mmlu_econometrics": {
        "alias": "  - econometrics",
        "acc,none": 0.24561403508771928,
        "acc_stderr,none": 0.04049339297748143
    },
    "mmlu_high_school_geography": {
        "alias": "  - high_school_geography",
        "acc,none": 0.4444444444444444,
        "acc_stderr,none": 0.035402943770953675
    },
    "mmlu_high_school_government_and_politics": {
        "alias": "  - high_school_government_and_politics",
        "acc,none": 0.6321243523316062,
        "acc_stderr,none": 0.034801756684660366
    },
    "mmlu_high_school_macroeconomics": {
        "alias": "  - high_school_macroeconomics",
        "acc,none": 0.4230769230769231,
        "acc_stderr,none": 0.025049197876042338
    },
    "mmlu_high_school_microeconomics": {
        "alias": "  - high_school_microeconomics",
        "acc,none": 0.42436974789915966,
        "acc_stderr,none": 0.032104790510157764
    },
    "mmlu_high_school_psychology": {
        "alias": "  - high_school_psychology",
        "acc,none": 0.5357798165137615,
        "acc_stderr,none": 0.021382364775701913
    },
    "mmlu_human_sexuality": {
        "alias": "  - human_sexuality",
        "acc,none": 0.46564885496183206,
        "acc_stderr,none": 0.04374928560599738
    },
    "mmlu_professional_psychology": {
        "alias": "  - professional_psychology",
        "acc,none": 0.4068627450980392,
        "acc_stderr,none": 0.019873802005061173
    },
    "mmlu_public_relations": {
        "alias": "  - public_relations",
        "acc,none": 0.509090909090909,
        "acc_stderr,none": 0.04788339768702861
    },
    "mmlu_security_studies": {
        "alias": "  - security_studies",
        "acc,none": 0.4816326530612245,
        "acc_stderr,none": 0.031987615467631264
    },
    "mmlu_sociology": {
        "alias": "  - sociology",
        "acc,none": 0.5522388059701493,
        "acc_stderr,none": 0.035161847729521675
    },
    "mmlu_us_foreign_policy": {
        "alias": "  - us_foreign_policy",
        "acc,none": 0.52,
        "acc_stderr,none": 0.050211673156867795
    },
    "mmlu_stem": {
        "acc,none": 0.3523628290516968,
        "acc_stderr,none": 0.008402690190657555,
        "alias": " - stem"
    },
    "mmlu_abstract_algebra": {
        "alias": "  - abstract_algebra",
        "acc,none": 0.36,
        "acc_stderr,none": 0.048241815132442176
    },
    "mmlu_anatomy": {
        "alias": "  - anatomy",
        "acc,none": 0.4740740740740741,
        "acc_stderr,none": 0.04313531696750575
    },
    "mmlu_astronomy": {
        "alias": "  - astronomy",
        "acc,none": 0.3684210526315789,
        "acc_stderr,none": 0.03925523381052932
    },
    "mmlu_college_biology": {
        "alias": "  - college_biology",
        "acc,none": 0.4375,
        "acc_stderr,none": 0.04148415739394154
    },
    "mmlu_college_chemistry": {
        "alias": "  - college_chemistry",
        "acc,none": 0.33,
        "acc_stderr,none": 0.04725815626252604
    },
    "mmlu_college_computer_science": {
        "alias": "  - college_computer_science",
        "acc,none": 0.32,
        "acc_stderr,none": 0.04688261722621505
    },