{
    "mmlu": {
        "acc,none": 0.44829796325309784,
        "acc_stderr,none": 0.0040701707504278515,
        "alias": "mmlu"
    },
    "mmlu_humanities": {
        "acc,none": 0.4210414452709883,
        "acc_stderr,none": 0.006939990936139684,
        "alias": " - humanities"
    },
    "mmlu_formal_logic": {
        "alias": "  - formal_logic",
        "acc,none": 0.2777777777777778,
        "acc_stderr,none": 0.040061680838488774
    },
    "mmlu_high_school_european_history": {
        "alias": "  - high_school_european_history",
        "acc,none": 0.5818181818181818,
        "acc_stderr,none": 0.03851716319398395
    },
    "mmlu_high_school_us_history": {
        "alias": "  - high_school_us_history",
        "acc,none": 0.4852941176470588,
        "acc_stderr,none": 0.03507793834791324
    },
    "mmlu_high_school_world_history": {
        "alias": "  - high_school_world_history",
        "acc,none": 0.6455696202531646,
        "acc_stderr,none": 0.031137304297185805
    },
    "mmlu_international_law": {
        "alias": "  - international_law",
        "acc,none": 0.6033057851239669,
        "acc_stderr,none": 0.04465869780531009
    },
    "mmlu_jurisprudence": {
        "alias": "  - jurisprudence",
        "acc,none": 0.5462962962962963,
        "acc_stderr,none": 0.04812917324536823
    },
    "mmlu_logical_fallacies": {
        "alias": "  - logical_fallacies",
        "acc,none": 0.5030674846625767,
        "acc_stderr,none": 0.03928297078179663
    },
    "mmlu_moral_disputes": {
        "alias": "  - moral_disputes",
        "acc,none": 0.48265895953757226,
        "acc_stderr,none": 0.026902900458666647
    },
    "mmlu_moral_scenarios": {
        "alias": "  - moral_scenarios",
        "acc,none": 0.23910614525139665,
        "acc_stderr,none": 0.014265554192331146
    },
    "mmlu_philosophy": {
        "alias": "  - philosophy",
        "acc,none": 0.5659163987138264,
        "acc_stderr,none": 0.028150232244535594
    },
    "mmlu_prehistory": {
        "alias": "  - prehistory",
        "acc,none": 0.5030864197530864,
        "acc_stderr,none": 0.027820214158594377
    },
    "mmlu_professional_law": {
        "alias": "  - professional_law",
        "acc,none": 0.35723598435462844,
        "acc_stderr,none": 0.012238615750316508
    },
    "mmlu_world_religions": {
        "alias": "  - world_religions",
        "acc,none": 0.6783625730994152,
        "acc_stderr,none": 0.03582529442573122
    },
    "mmlu_other": {
        "acc,none": 0.5191503057611844,
        "acc_stderr,none": 0.008781599256321411,
        "alias": " - other"
    },
    "mmlu_business_ethics": {
        "alias": "  - business_ethics",
        "acc,none": 0.52,
        "acc_stderr,none": 0.050211673156867795
    },
    "mmlu_clinical_knowledge": {
        "alias": "  - clinical_knowledge",
        "acc,none": 0.46037735849056605,
        "acc_stderr,none": 0.030676096599389184
    },
    "mmlu_college_medicine": {
        "alias": "  - college_medicine",
        "acc,none": 0.43352601156069365,
        "acc_stderr,none": 0.03778621079092056
    },
    "mmlu_global_facts": {
        "alias": "  - global_facts",
        "acc,none": 0.34,
        "acc_stderr,none": 0.04760952285695235
    },
    "mmlu_human_aging": {
        "alias": "  - human_aging",
        "acc,none": 0.547085201793722,
        "acc_stderr,none": 0.03340867501923324
    },
    "mmlu_management": {
        "alias": "  - management",
        "acc,none": 0.5242718446601942,
        "acc_stderr,none": 0.049449010929737795
    },
    "mmlu_marketing": {
        "alias": "  - marketing",
        "acc,none": 0.7008547008547008,
        "acc_stderr,none": 0.029996951858349483
    },
    "mmlu_medical_genetics": {
        "alias": "  - medical_genetics",
        "acc,none": 0.47,
        "acc_stderr,none": 0.05016135580465919
    },
    "mmlu_miscellaneous": {
        "alias": "  - miscellaneous",
        "acc,none": 0.6347381864623244,
        "acc_stderr,none": 0.01721853002883864
    },
    "mmlu_nutrition": {
        "alias": "  - nutrition",
        "acc,none": 0.4803921568627451,
        "acc_stderr,none": 0.028607893699576063
    },
    "mmlu_professional_accounting": {
        "alias": "  - professional_accounting",
        "acc,none": 0.3617021276595745,
        "acc_stderr,none": 0.028663820147199485
    },
    "mmlu_professional_medicine": {
        "alias": "  - professional_medicine",
        "acc,none": 0.48161764705882354,
        "acc_stderr,none": 0.030352303395351964
    },
    "mmlu_virology": {
        "alias": "  - virology",
        "acc,none": 0.39759036144578314,
        "acc_stderr,none": 0.038099730845402184
    },
    "mmlu_social_sciences": {
        "acc,none": 0.5011374715632109,
        "acc_stderr,none": 0.008893017565355672,
        "alias": " - social sciences"
    },
    "mmlu_econometrics": {
        "alias": "  - econometrics",
        "acc,none": 0.2631578947368421,
        "acc_stderr,none": 0.04142439719489362
    },
    "mmlu_high_school_geography": {
        "alias": "  - high_school_geography",
        "acc,none": 0.48484848484848486,
        "acc_stderr,none": 0.0356071651653106
    },
    "mmlu_high_school_government_and_politics": {
        "alias": "  - high_school_government_and_politics",
        "acc,none": 0.6476683937823834,
        "acc_stderr,none": 0.03447478286414357
    },
    "mmlu_high_school_macroeconomics": {
        "alias": "  - high_school_macroeconomics",
        "acc,none": 0.44358974358974357,
        "acc_stderr,none": 0.025189149894764194
    },
    "mmlu_high_school_microeconomics": {
        "alias": "  - high_school_microeconomics",
        "acc,none": 0.4495798319327731,
        "acc_stderr,none": 0.03231293497137707
    },
    "mmlu_high_school_psychology": {
        "alias": "  - high_school_psychology",
        "acc,none": 0.5614678899082569,
        "acc_stderr,none": 0.02127471307395456
    },
    "mmlu_human_sexuality": {
        "alias": "  - human_sexuality",
        "acc,none": 0.5954198473282443,
        "acc_stderr,none": 0.043046937953806645
    },
    "mmlu_professional_psychology": {
        "alias": "  - professional_psychology",
        "acc,none": 0.43137254901960786,
        "acc_stderr,none": 0.02003639376835263
    },
    "mmlu_public_relations": {
        "alias": "  - public_relations",
        "acc,none": 0.5363636363636364,
        "acc_stderr,none": 0.04776449162396197
    },
    "mmlu_security_studies": {
        "alias": "  - security_studies",
        "acc,none": 0.4775510204081633,
        "acc_stderr,none": 0.031976941187136725
    },
    "mmlu_sociology": {
        "alias": "  - sociology",
        "acc,none": 0.6318407960199005,
        "acc_stderr,none": 0.03410410565495301
    },
    "mmlu_us_foreign_policy": {
        "alias": "  - us_foreign_policy",
        "acc,none": 0.6,
        "acc_stderr,none": 0.049236596391733084
    },
    "mmlu_stem": {
        "acc,none": 0.36758642562638755,
        "acc_stderr,none": 0.008433498176183132,
        "alias": " - stem"
    },
    "mmlu_abstract_algebra": {
        "alias": "  - abstract_algebra",
        "acc,none": 0.25,
        "acc_stderr,none": 0.04351941398892446
    },
    "mmlu_anatomy": {
        "alias": "  - anatomy",
        "acc,none": 0.4740740740740741,
        "acc_stderr,none": 0.04313531696750575
    },
    "mmlu_astronomy": {
        "alias": "  - astronomy",
        "acc,none": 0.40131578947368424,
        "acc_stderr,none": 0.039889037033362836
    },
    "mmlu_college_biology": {
        "alias": "  - college_biology",
        "acc,none": 0.4513888888888889,
        "acc_stderr,none": 0.041614023984032786
    },
    "mmlu_college_chemistry": {
        "alias": "  - college_chemistry",
        "acc,none": 0.35,
        "acc_stderr,none": 0.0479372485441102
    },
    "mmlu_college_computer_science": {
        "alias": "  - college_computer_science",
        "acc,none": 0.34,