{
    "mmlu": {
        "acc,none": 0.32125053411194987,
        "acc_stderr,none": 0.003908505760224959,
        "alias": "mmlu"
    },
    "mmlu_humanities": {
        "acc,none": 0.3145589798087141,
        "acc_stderr,none": 0.0067050193140118786,
        "alias": " - humanities"
    },
    "mmlu_formal_logic": {
        "alias": "  - formal_logic",
        "acc,none": 0.24603174603174602,
        "acc_stderr,none": 0.03852273364924316
    },
    "mmlu_high_school_european_history": {
        "alias": "  - high_school_european_history",
        "acc,none": 0.296969696969697,
        "acc_stderr,none": 0.035679697722680474
    },
    "mmlu_high_school_us_history": {
        "alias": "  - high_school_us_history",
        "acc,none": 0.47058823529411764,
        "acc_stderr,none": 0.03503235296367992
    },
    "mmlu_high_school_world_history": {
        "alias": "  - high_school_world_history",
        "acc,none": 0.4430379746835443,
        "acc_stderr,none": 0.03233532777533484
    },
    "mmlu_international_law": {
        "alias": "  - international_law",
        "acc,none": 0.4132231404958678,
        "acc_stderr,none": 0.04495087843548408
    },
    "mmlu_jurisprudence": {
        "alias": "  - jurisprudence",
        "acc,none": 0.28703703703703703,
        "acc_stderr,none": 0.043733130409147614
    },
    "mmlu_logical_fallacies": {
        "alias": "  - logical_fallacies",
        "acc,none": 0.3987730061349693,
        "acc_stderr,none": 0.03847021420456024
    },
    "mmlu_moral_disputes": {
        "alias": "  - moral_disputes",
        "acc,none": 0.2832369942196532,
        "acc_stderr,none": 0.02425790170532337
    },
    "mmlu_moral_scenarios": {
        "alias": "  - moral_scenarios",
        "acc,none": 0.24692737430167597,
        "acc_stderr,none": 0.014422292204808838
    },
    "mmlu_philosophy": {
        "alias": "  - philosophy",
        "acc,none": 0.3054662379421222,
        "acc_stderr,none": 0.026160584450140478
    },
    "mmlu_prehistory": {
        "alias": "  - prehistory",
        "acc,none": 0.36419753086419754,
        "acc_stderr,none": 0.026774929899722334
    },
    "mmlu_professional_law": {
        "alias": "  - professional_law",
        "acc,none": 0.288135593220339,
        "acc_stderr,none": 0.011567140661324563
    },
    "mmlu_world_religions": {
        "alias": "  - world_religions",
        "acc,none": 0.4619883040935672,
        "acc_stderr,none": 0.03823727092882307
    },
    "mmlu_other": {
        "acc,none": 0.3495333118764081,
        "acc_stderr,none": 0.00848961802454102,
        "alias": " - other"
    },
    "mmlu_business_ethics": {
        "alias": "  - business_ethics",
        "acc,none": 0.42,
        "acc_stderr,none": 0.049604496374885836
    },
    "mmlu_clinical_knowledge": {
        "alias": "  - clinical_knowledge",
        "acc,none": 0.29056603773584905,
        "acc_stderr,none": 0.027943219989337145
    },
    "mmlu_college_medicine": {
        "alias": "  - college_medicine",
        "acc,none": 0.2774566473988439,
        "acc_stderr,none": 0.03414014007044036
    },
    "mmlu_global_facts": {
        "alias": "  - global_facts",
        "acc,none": 0.32,
        "acc_stderr,none": 0.04688261722621505
    },
    "mmlu_human_aging": {
        "alias": "  - human_aging",
        "acc,none": 0.47085201793721976,
        "acc_stderr,none": 0.03350073248773404
    },
    "mmlu_management": {
        "alias": "  - management",
        "acc,none": 0.3106796116504854,
        "acc_stderr,none": 0.045821241601615506
    },
    "mmlu_marketing": {
        "alias": "  - marketing",
        "acc,none": 0.39316239316239315,
        "acc_stderr,none": 0.03199957924651047
    },
    "mmlu_medical_genetics": {
        "alias": "  - medical_genetics",
        "acc,none": 0.33,
        "acc_stderr,none": 0.04725815626252604
    },
    "mmlu_miscellaneous": {
        "alias": "  - miscellaneous",
        "acc,none": 0.41379310344827586,
        "acc_stderr,none": 0.01761220408466377
    },
    "mmlu_nutrition": {
        "alias": "  - nutrition",
        "acc,none": 0.3333333333333333,
        "acc_stderr,none": 0.02699254433929724
    },
    "mmlu_professional_accounting": {
        "alias": "  - professional_accounting",
        "acc,none": 0.2801418439716312,
        "acc_stderr,none": 0.026789172351140245
    },
    "mmlu_professional_medicine": {
        "alias": "  - professional_medicine",
        "acc,none": 0.2647058823529412,
        "acc_stderr,none": 0.026799562024887685
    },
    "mmlu_virology": {
        "alias": "  - virology",
        "acc,none": 0.2891566265060241,
        "acc_stderr,none": 0.03529486801511115
    },
    "mmlu_social_sciences": {
        "acc,none": 0.3295417614559636,
        "acc_stderr,none": 0.00841937114890185,
        "alias": " - social sciences"
    },
    "mmlu_econometrics": {
        "alias": "  - econometrics",
        "acc,none": 0.24561403508771928,
        "acc_stderr,none": 0.04049339297748141
    },
    "mmlu_high_school_geography": {
        "alias": "  - high_school_geography",
        "acc,none": 0.3333333333333333,
        "acc_stderr,none": 0.033586181457325226
    },
    "mmlu_high_school_government_and_politics": {
        "alias": "  - high_school_government_and_politics",
        "acc,none": 0.39378238341968913,
        "acc_stderr,none": 0.03526077095548237
    },
    "mmlu_high_school_macroeconomics": {
        "alias": "  - high_school_macroeconomics",
        "acc,none": 0.2641025641025641,
        "acc_stderr,none": 0.022352193737453268
    },
    "mmlu_high_school_microeconomics": {
        "alias": "  - high_school_microeconomics",
        "acc,none": 0.3025210084033613,
        "acc_stderr,none": 0.02983796238829193
    },
    "mmlu_high_school_psychology": {
        "alias": "  - high_school_psychology",
        "acc,none": 0.3229357798165138,
        "acc_stderr,none": 0.020048115923415325
    },
    "mmlu_human_sexuality": {
        "alias": "  - human_sexuality",
        "acc,none": 0.37404580152671757,
        "acc_stderr,none": 0.04243869242230524
    },
    "mmlu_professional_psychology": {
        "alias": "  - professional_psychology",
        "acc,none": 0.380718954248366,
        "acc_stderr,none": 0.0196438015579248
    },
    "mmlu_public_relations": {
        "alias": "  - public_relations",
        "acc,none": 0.2818181818181818,
        "acc_stderr,none": 0.043091187099464585
    },
    "mmlu_security_studies": {
        "alias": "  - security_studies",
        "acc,none": 0.24081632653061225,
        "acc_stderr,none": 0.02737294220178817
    },
    "mmlu_sociology": {
        "alias": "  - sociology",
        "acc,none": 0.4626865671641791,
        "acc_stderr,none": 0.03525675167467974
    },
    "mmlu_us_foreign_policy": {
        "alias": "  - us_foreign_policy",
        "acc,none": 0.28,
        "acc_stderr,none": 0.045126085985421276
    },
    "mmlu_stem": {
        "acc,none": 0.2952743418966064,
        "acc_stderr,none": 0.008086084571013922,
        "alias": " - stem"
    },
    "mmlu_abstract_algebra": {
        "alias": "  - abstract_algebra",
        "acc,none": 0.28,
        "acc_stderr,none": 0.04512608598542128
    },
    "mmlu_anatomy": {
        "alias": "  - anatomy",
        "acc,none": 0.37037037037037035,
        "acc_stderr,none": 0.04171654161354543
    },
    "mmlu_astronomy": {
        "alias": "  - astronomy",
        "acc,none": 0.2565789473684211,
        "acc_stderr,none": 0.0355418036802569
    },
    "mmlu_college_biology": {
        "alias": "  - college_biology",
        "acc,none": 0.3055555555555556,
        "acc_stderr,none": 0.03852084696008534
    },
    "mmlu_college_chemistry": {
        "alias": "  - college_chemistry",
        "acc,none": 0.22,
        "acc_stderr,none": 0.04163331998932268
    },
    "mmlu_college_computer_science": {
        "alias": "  - college_computer_science",
        "acc,none": 0.2,