{
    "mmlu": {
        "acc,none": 0.24761429995727105,
        "acc_stderr,none": 0.003637999839740816,
        "alias": "mmlu"
    },
    "mmlu_humanities": {
        "acc,none": 0.24697130712008503,
        "acc_stderr,none": 0.0062897218965335165,
        "alias": " - humanities"
    },
    "mmlu_formal_logic": {
        "alias": "  - formal_logic",
        "acc,none": 0.24603174603174602,
        "acc_stderr,none": 0.03852273364924316
    },
    "mmlu_high_school_european_history": {
        "alias": "  - high_school_european_history",
        "acc,none": 0.2606060606060606,
        "acc_stderr,none": 0.03427743175816524
    },
    "mmlu_high_school_us_history": {
        "alias": "  - high_school_us_history",
        "acc,none": 0.3137254901960784,
        "acc_stderr,none": 0.032566854844603886
    },
    "mmlu_high_school_world_history": {
        "alias": "  - high_school_world_history",
        "acc,none": 0.270042194092827,
        "acc_stderr,none": 0.028900721906293426
    },
    "mmlu_international_law": {
        "alias": "  - international_law",
        "acc,none": 0.2396694214876033,
        "acc_stderr,none": 0.03896878985070417
    },
    "mmlu_jurisprudence": {
        "alias": "  - jurisprudence",
        "acc,none": 0.2777777777777778,
        "acc_stderr,none": 0.043300437496507437
    },
    "mmlu_logical_fallacies": {
        "alias": "  - logical_fallacies",
        "acc,none": 0.24539877300613497,
        "acc_stderr,none": 0.03380939813943354
    },
    "mmlu_moral_disputes": {
        "alias": "  - moral_disputes",
        "acc,none": 0.2514450867052023,
        "acc_stderr,none": 0.023357365785874037
    },
    "mmlu_moral_scenarios": {
        "alias": "  - moral_scenarios",
        "acc,none": 0.23128491620111732,
        "acc_stderr,none": 0.014102223623152587
    },
    "mmlu_philosophy": {
        "alias": "  - philosophy",
        "acc,none": 0.21864951768488747,
        "acc_stderr,none": 0.0234755814178611
    },
    "mmlu_prehistory": {
        "alias": "  - prehistory",
        "acc,none": 0.24074074074074073,
        "acc_stderr,none": 0.023788583551658533
    },
    "mmlu_professional_law": {
        "alias": "  - professional_law",
        "acc,none": 0.2457627118644068,
        "acc_stderr,none": 0.01099615663514269
    },
    "mmlu_world_religions": {
        "alias": "  - world_religions",
        "acc,none": 0.2573099415204678,
        "acc_stderr,none": 0.03352799844161865
    },
    "mmlu_other": {
        "acc,none": 0.2661731573865465,
        "acc_stderr,none": 0.007892597968831558,
        "alias": " - other"
    },
    "mmlu_business_ethics": {
        "alias": "  - business_ethics",
        "acc,none": 0.27,
        "acc_stderr,none": 0.044619604333847394
    },
    "mmlu_clinical_knowledge": {
        "alias": "  - clinical_knowledge",
        "acc,none": 0.2188679245283019,
        "acc_stderr,none": 0.025447863825108604
    },
    "mmlu_college_medicine": {
        "alias": "  - college_medicine",
        "acc,none": 0.2138728323699422,
        "acc_stderr,none": 0.03126511206173043
    },
    "mmlu_global_facts": {
        "alias": "  - global_facts",
        "acc,none": 0.18,
        "acc_stderr,none": 0.038612291966536955
    },
    "mmlu_human_aging": {
        "alias": "  - human_aging",
        "acc,none": 0.32286995515695066,
        "acc_stderr,none": 0.03138147637575499
    },
    "mmlu_management": {
        "alias": "  - management",
        "acc,none": 0.20388349514563106,
        "acc_stderr,none": 0.039891398595317706
    },
    "mmlu_marketing": {
        "alias": "  - marketing",
        "acc,none": 0.3076923076923077,
        "acc_stderr,none": 0.03023638994217308
    },
    "mmlu_medical_genetics": {
        "alias": "  - medical_genetics",
        "acc,none": 0.31,
        "acc_stderr,none": 0.04648231987117316
    },
    "mmlu_miscellaneous": {
        "alias": "  - miscellaneous",
        "acc,none": 0.2720306513409962,
        "acc_stderr,none": 0.015913367447500503
    },
    "mmlu_nutrition": {
        "alias": "  - nutrition",
        "acc,none": 0.20588235294117646,
        "acc_stderr,none": 0.023152722439402303
    },
    "mmlu_professional_accounting": {
        "alias": "  - professional_accounting",
        "acc,none": 0.23404255319148937,
        "acc_stderr,none": 0.025257861359432407
    },
    "mmlu_professional_medicine": {
        "alias": "  - professional_medicine",
        "acc,none": 0.3713235294117647,
        "acc_stderr,none": 0.02934980313976587
    },
    "mmlu_virology": {
        "alias": "  - virology",
        "acc,none": 0.2891566265060241,
        "acc_stderr,none": 0.03529486801511115
    },
    "mmlu_social_sciences": {
        "acc,none": 0.24211894702632433,
        "acc_stderr,none": 0.007729457734941637,
        "alias": " - social sciences"
    },
    "mmlu_econometrics": {
        "alias": "  - econometrics",
        "acc,none": 0.2543859649122807,
        "acc_stderr,none": 0.040969851398436695
    },
    "mmlu_high_school_geography": {
        "alias": "  - high_school_geography",
        "acc,none": 0.1919191919191919,
        "acc_stderr,none": 0.028057791672989017
    },
    "mmlu_high_school_government_and_politics": {
        "alias": "  - high_school_government_and_politics",
        "acc,none": 0.24352331606217617,
        "acc_stderr,none": 0.03097543638684543
    },
    "mmlu_high_school_macroeconomics": {
        "alias": "  - high_school_macroeconomics",
        "acc,none": 0.23333333333333334,
        "acc_stderr,none": 0.021444547301560476
    },
    "mmlu_high_school_microeconomics": {
        "alias": "  - high_school_microeconomics",
        "acc,none": 0.24789915966386555,
        "acc_stderr,none": 0.028047967224176892
    },
    "mmlu_high_school_psychology": {
        "alias": "  - high_school_psychology",
        "acc,none": 0.24403669724770644,
        "acc_stderr,none": 0.018415286351416395
    },
    "mmlu_human_sexuality": {
        "alias": "  - human_sexuality",
        "acc,none": 0.25190839694656486,
        "acc_stderr,none": 0.038073871163060866
    },
    "mmlu_professional_psychology": {
        "alias": "  - professional_psychology",
        "acc,none": 0.24673202614379086,
        "acc_stderr,none": 0.0174408203674025
    },
    "mmlu_public_relations": {
        "alias": "  - public_relations",
        "acc,none": 0.2636363636363636,
        "acc_stderr,none": 0.04220224692971987
    },
    "mmlu_security_studies": {
        "alias": "  - security_studies",
        "acc,none": 0.22448979591836735,
        "acc_stderr,none": 0.026711430555538408
    },
    "mmlu_sociology": {
        "alias": "  - sociology",
        "acc,none": 0.24378109452736318,
        "acc_stderr,none": 0.030360490154014652
    },
    "mmlu_us_foreign_policy": {
        "alias": "  - us_foreign_policy",
        "acc,none": 0.31,
        "acc_stderr,none": 0.04648231987117316
    },
    "mmlu_stem": {
        "acc,none": 0.2356485886457342,
        "acc_stderr,none": 0.007551207847620591,
        "alias": " - stem"
    },
    "mmlu_abstract_algebra": {
        "alias": "  - abstract_algebra",
        "acc,none": 0.2,
        "acc_stderr,none": 0.04020151261036846
    },
    "mmlu_anatomy": {
        "alias": "  - anatomy",
        "acc,none": 0.3333333333333333,
        "acc_stderr,none": 0.04072314811876837
    },
    "mmlu_astronomy": {
        "alias": "  - astronomy",
        "acc,none": 0.19078947368421054,
        "acc_stderr,none": 0.031975658210325
    },
    "mmlu_college_biology": {
        "alias": "  - college_biology",
        "acc,none": 0.2013888888888889,
        "acc_stderr,none": 0.0335364746971384
    },
    "mmlu_college_chemistry": {
        "alias": "  - college_chemistry",
        "acc,none": 0.18,
        "acc_stderr,none": 0.03861229196653695
    },
    "mmlu_college_computer_science": {
        "alias": "  - college_computer_science",
        "acc,none": 0.27,