{
    "mmlu": {
        "acc,none": 0.5779091297535963,
        "acc_stderr,none": 0.00391580291436768,
        "alias": "mmlu"
    },
    "mmlu_humanities": {
        "acc,none": 0.526461211477152,
        "acc_stderr,none": 0.006753347126632449,
        "alias": " - humanities"
    },
    "mmlu_formal_logic": {
        "alias": "  - formal_logic",
        "acc,none": 0.3333333333333333,
        "acc_stderr,none": 0.04216370213557836
    },
    "mmlu_high_school_european_history": {
        "alias": "  - high_school_european_history",
        "acc,none": 0.7090909090909091,
        "acc_stderr,none": 0.03546563019624336
    },
    "mmlu_high_school_us_history": {
        "alias": "  - high_school_us_history",
        "acc,none": 0.7598039215686274,
        "acc_stderr,none": 0.02998373305591361
    },
    "mmlu_high_school_world_history": {
        "alias": "  - high_school_world_history",
        "acc,none": 0.7510548523206751,
        "acc_stderr,none": 0.028146970599422644
    },
    "mmlu_international_law": {
        "alias": "  - international_law",
        "acc,none": 0.743801652892562,
        "acc_stderr,none": 0.03984979653302872
    },
    "mmlu_jurisprudence": {
        "alias": "  - jurisprudence",
        "acc,none": 0.7129629629629629,
        "acc_stderr,none": 0.04373313040914761
    },
    "mmlu_logical_fallacies": {
        "alias": "  - logical_fallacies",
        "acc,none": 0.7730061349693251,
        "acc_stderr,none": 0.03291099578615771
    },
    "mmlu_moral_disputes": {
        "alias": "  - moral_disputes",
        "acc,none": 0.684971098265896,
        "acc_stderr,none": 0.0250093137900697
    },
    "mmlu_moral_scenarios": {
        "alias": "  - moral_scenarios",
        "acc,none": 0.26033519553072626,
        "acc_stderr,none": 0.014676252009319476
    },
    "mmlu_philosophy": {
        "alias": "  - philosophy",
        "acc,none": 0.6688102893890675,
        "acc_stderr,none": 0.026730620728004917
    },
    "mmlu_prehistory": {
        "alias": "  - prehistory",
        "acc,none": 0.691358024691358,
        "acc_stderr,none": 0.02570264026060377
    },
    "mmlu_professional_law": {
        "alias": "  - professional_law",
        "acc,none": 0.4276401564537158,
        "acc_stderr,none": 0.012635799922765848
    },
    "mmlu_world_religions": {
        "alias": "  - world_religions",
        "acc,none": 0.783625730994152,
        "acc_stderr,none": 0.03158149539338733
    },
    "mmlu_other": {
        "acc,none": 0.6540070807853234,
        "acc_stderr,none": 0.008216912999962264,
        "alias": " - other"
    },
    "mmlu_business_ethics": {
        "alias": "  - business_ethics",
        "acc,none": 0.59,
        "acc_stderr,none": 0.04943110704237102
    },
    "mmlu_clinical_knowledge": {
        "alias": "  - clinical_knowledge",
        "acc,none": 0.6377358490566037,
        "acc_stderr,none": 0.0295822451283843
    },
    "mmlu_college_medicine": {
        "alias": "  - college_medicine",
        "acc,none": 0.5317919075144508,
        "acc_stderr,none": 0.03804749744364764
    },
    "mmlu_global_facts": {
        "alias": "  - global_facts",
        "acc,none": 0.38,
        "acc_stderr,none": 0.04878317312145633
    },
    "mmlu_human_aging": {
        "alias": "  - human_aging",
        "acc,none": 0.7174887892376681,
        "acc_stderr,none": 0.030216831011508752
    },
    "mmlu_management": {
        "alias": "  - management",
        "acc,none": 0.7281553398058253,
        "acc_stderr,none": 0.044052680241409216
    },
    "mmlu_marketing": {
        "alias": "  - marketing",
        "acc,none": 0.8418803418803419,
        "acc_stderr,none": 0.02390232554956041
    },
    "mmlu_medical_genetics": {
        "alias": "  - medical_genetics",
        "acc,none": 0.66,
        "acc_stderr,none": 0.04760952285695238
    },
    "mmlu_miscellaneous": {
        "alias": "  - miscellaneous",
        "acc,none": 0.7841634738186463,
        "acc_stderr,none": 0.014711684386139956
    },
    "mmlu_nutrition": {
        "alias": "  - nutrition",
        "acc,none": 0.6797385620915033,
        "acc_stderr,none": 0.026716118380156834
    },
    "mmlu_professional_accounting": {
        "alias": "  - professional_accounting",
        "acc,none": 0.4397163120567376,
        "acc_stderr,none": 0.02960991207559411
    },
    "mmlu_professional_medicine": {
        "alias": "  - professional_medicine",
        "acc,none": 0.5294117647058824,
        "acc_stderr,none": 0.03032024326500413
    },
    "mmlu_virology": {
        "alias": "  - virology",
        "acc,none": 0.5180722891566265,
        "acc_stderr,none": 0.03889951252827217
    },
    "mmlu_social_sciences": {
        "acc,none": 0.6815079623009425,
        "acc_stderr,none": 0.008241546001182197,
        "alias": " - social sciences"
    },
    "mmlu_econometrics": {
        "alias": "  - econometrics",
        "acc,none": 0.4824561403508772,
        "acc_stderr,none": 0.04700708033551038
    },
    "mmlu_high_school_geography": {
        "alias": "  - high_school_geography",
        "acc,none": 0.7424242424242424,
        "acc_stderr,none": 0.031156269519646836
    },
    "mmlu_high_school_government_and_politics": {
        "alias": "  - high_school_government_and_politics",
        "acc,none": 0.8082901554404145,
        "acc_stderr,none": 0.02840895362624526
    },
    "mmlu_high_school_macroeconomics": {
        "alias": "  - high_school_macroeconomics",
        "acc,none": 0.5435897435897435,
        "acc_stderr,none": 0.0252544854247996
    },
    "mmlu_high_school_microeconomics": {
        "alias": "  - high_school_microeconomics",
        "acc,none": 0.6008403361344538,
        "acc_stderr,none": 0.031811100324139266
    },
    "mmlu_high_school_psychology": {
        "alias": "  - high_school_psychology",
        "acc,none": 0.7706422018348624,
        "acc_stderr,none": 0.01802534972461868
    },
    "mmlu_human_sexuality": {
        "alias": "  - human_sexuality",
        "acc,none": 0.732824427480916,
        "acc_stderr,none": 0.03880848301082395
    },
    "mmlu_professional_psychology": {
        "alias": "  - professional_psychology",
        "acc,none": 0.6421568627450981,
        "acc_stderr,none": 0.019393058402355435
    },
    "mmlu_public_relations": {
        "alias": "  - public_relations",
        "acc,none": 0.6545454545454545,
        "acc_stderr,none": 0.04554619617541054
    },
    "mmlu_security_studies": {
        "alias": "  - security_studies",
        "acc,none": 0.6816326530612244,
        "acc_stderr,none": 0.02982253379398205
    },
    "mmlu_sociology": {
        "alias": "  - sociology",
        "acc,none": 0.7412935323383084,
        "acc_stderr,none": 0.030965903123573026
    },
    "mmlu_us_foreign_policy": {
        "alias": "  - us_foreign_policy",
        "acc,none": 0.87,
        "acc_stderr,none": 0.03379976689896309
    },
    "mmlu_stem": {
        "acc,none": 0.4785918173168411,
        "acc_stderr,none": 0.008504481954218773,
        "alias": " - stem"
    },
    "mmlu_abstract_algebra": {
        "alias": "  - abstract_algebra",
        "acc,none": 0.26,
        "acc_stderr,none": 0.04408440022768077
    },
    "mmlu_anatomy": {
        "alias": "  - anatomy",
        "acc,none": 0.5703703703703704,
        "acc_stderr,none": 0.042763494943765995
    },
    "mmlu_astronomy": {
        "alias": "  - astronomy",
        "acc,none": 0.631578947368421,
        "acc_stderr,none": 0.039255233810529325
    },
    "mmlu_college_biology": {
        "alias": "  - college_biology",
        "acc,none": 0.7083333333333334,
        "acc_stderr,none": 0.03800968060554858
    },
    "mmlu_college_chemistry": {
        "alias": "  - college_chemistry",
        "acc,none": 0.38,
        "acc_stderr,none": 0.04878317312145632
    },
    "mmlu_college_computer_science": {
        "alias": "  - college_computer_science",
        "acc,none": 0.39,
        "acc_stderr,none": 0.04902071300001975
    },