{
    "mmlu": {
        "acc,none": 0.6201395812562313,
        "acc_stderr,none": 0.0038558601450209614,
        "alias": "mmlu"
    },
    "mmlu_humanities": {
        "acc,none": 0.5657810839532412,
        "acc_stderr,none": 0.006774788703055421,
        "alias": " - humanities"
    },
    "mmlu_formal_logic": {
        "alias": "  - formal_logic",
        "acc,none": 0.38095238095238093,
        "acc_stderr,none": 0.043435254289490965
    },
    "mmlu_high_school_european_history": {
        "alias": "  - high_school_european_history",
        "acc,none": 0.7454545454545455,
        "acc_stderr,none": 0.03401506715249039
    },
    "mmlu_high_school_us_history": {
        "alias": "  - high_school_us_history",
        "acc,none": 0.7892156862745098,
        "acc_stderr,none": 0.028626547912437406
    },
    "mmlu_high_school_world_history": {
        "alias": "  - high_school_world_history",
        "acc,none": 0.7763713080168776,
        "acc_stderr,none": 0.027123298205229966
    },
    "mmlu_international_law": {
        "alias": "  - international_law",
        "acc,none": 0.768595041322314,
        "acc_stderr,none": 0.038498560987940904
    },
    "mmlu_jurisprudence": {
        "alias": "  - jurisprudence",
        "acc,none": 0.75,
        "acc_stderr,none": 0.04186091791394607
    },
    "mmlu_logical_fallacies": {
        "alias": "  - logical_fallacies",
        "acc,none": 0.7975460122699386,
        "acc_stderr,none": 0.03157065078911899
    },
    "mmlu_moral_disputes": {
        "alias": "  - moral_disputes",
        "acc,none": 0.6878612716763006,
        "acc_stderr,none": 0.02494679222527231
    },
    "mmlu_moral_scenarios": {
        "alias": "  - moral_scenarios",
        "acc,none": 0.34301675977653634,
        "acc_stderr,none": 0.015876912673057735
    },
    "mmlu_philosophy": {
        "alias": "  - philosophy",
        "acc,none": 0.7009646302250804,
        "acc_stderr,none": 0.026003301117885135
    },
    "mmlu_prehistory": {
        "alias": "  - prehistory",
        "acc,none": 0.7253086419753086,
        "acc_stderr,none": 0.024836057868294677
    },
    "mmlu_professional_law": {
        "alias": "  - professional_law",
        "acc,none": 0.45632333767926986,
        "acc_stderr,none": 0.012721420501462547
    },
    "mmlu_world_religions": {
        "alias": "  - world_religions",
        "acc,none": 0.8421052631578947,
        "acc_stderr,none": 0.027966785859160886
    },
    "mmlu_other": {
        "acc,none": 0.6977792082394593,
        "acc_stderr,none": 0.007924830585326495,
        "alias": " - other"
    },
    "mmlu_business_ethics": {
        "alias": "  - business_ethics",
        "acc,none": 0.54,
        "acc_stderr,none": 0.05009082659620332
    },
    "mmlu_clinical_knowledge": {
        "alias": "  - clinical_knowledge",
        "acc,none": 0.6679245283018868,
        "acc_stderr,none": 0.028985455652334395
    },
    "mmlu_college_medicine": {
        "alias": "  - college_medicine",
        "acc,none": 0.6127167630057804,
        "acc_stderr,none": 0.03714325906302065
    },
    "mmlu_global_facts": {
        "alias": "  - global_facts",
        "acc,none": 0.33,
        "acc_stderr,none": 0.047258156262526045
    },
    "mmlu_human_aging": {
        "alias": "  - human_aging",
        "acc,none": 0.6995515695067265,
        "acc_stderr,none": 0.030769352008229136
    },
    "mmlu_management": {
        "alias": "  - management",
        "acc,none": 0.8058252427184466,
        "acc_stderr,none": 0.03916667762822586
    },
    "mmlu_marketing": {
        "alias": "  - marketing",
        "acc,none": 0.8632478632478633,
        "acc_stderr,none": 0.02250903393707781
    },
    "mmlu_medical_genetics": {
        "alias": "  - medical_genetics",
        "acc,none": 0.72,
        "acc_stderr,none": 0.04512608598542127
    },
    "mmlu_miscellaneous": {
        "alias": "  - miscellaneous",
        "acc,none": 0.8109833971902938,
        "acc_stderr,none": 0.014000791294406999
    },
    "mmlu_nutrition": {
        "alias": "  - nutrition",
        "acc,none": 0.7581699346405228,
        "acc_stderr,none": 0.024518195641879334
    },
    "mmlu_professional_accounting": {
        "alias": "  - professional_accounting",
        "acc,none": 0.49645390070921985,
        "acc_stderr,none": 0.02982674915328092
    },
    "mmlu_professional_medicine": {
        "alias": "  - professional_medicine",
        "acc,none": 0.6875,
        "acc_stderr,none": 0.02815637344037142
    },
    "mmlu_virology": {
        "alias": "  - virology",
        "acc,none": 0.5481927710843374,
        "acc_stderr,none": 0.03874371556587953
    },
    "mmlu_social_sciences": {
        "acc,none": 0.7270068248293793,
        "acc_stderr,none": 0.00786945382168535,
        "alias": " - social sciences"
    },
    "mmlu_econometrics": {
        "alias": "  - econometrics",
        "acc,none": 0.5,
        "acc_stderr,none": 0.047036043419179864
    },
    "mmlu_high_school_geography": {
        "alias": "  - high_school_geography",
        "acc,none": 0.7777777777777778,
        "acc_stderr,none": 0.02962022787479047
    },
    "mmlu_high_school_government_and_politics": {
        "alias": "  - high_school_government_and_politics",
        "acc,none": 0.8652849740932642,
        "acc_stderr,none": 0.024639789097709443
    },
    "mmlu_high_school_macroeconomics": {
        "alias": "  - high_school_macroeconomics",
        "acc,none": 0.6282051282051282,
        "acc_stderr,none": 0.02450347255711093
    },
    "mmlu_high_school_microeconomics": {
        "alias": "  - high_school_microeconomics",
        "acc,none": 0.6638655462184874,
        "acc_stderr,none": 0.030684737115135377
    },
    "mmlu_high_school_psychology": {
        "alias": "  - high_school_psychology",
        "acc,none": 0.8165137614678899,
        "acc_stderr,none": 0.01659525971039933
    },
    "mmlu_human_sexuality": {
        "alias": "  - human_sexuality",
        "acc,none": 0.7633587786259542,
        "acc_stderr,none": 0.03727673575596914
    },
    "mmlu_professional_psychology": {
        "alias": "  - professional_psychology",
        "acc,none": 0.6633986928104575,
        "acc_stderr,none": 0.019117213911495155
    },
    "mmlu_public_relations": {
        "alias": "  - public_relations",
        "acc,none": 0.6545454545454545,
        "acc_stderr,none": 0.04554619617541054
    },
    "mmlu_security_studies": {
        "alias": "  - security_studies",
        "acc,none": 0.7306122448979592,
        "acc_stderr,none": 0.02840125202902294
    },
    "mmlu_sociology": {
        "alias": "  - sociology",
        "acc,none": 0.8308457711442786,
        "acc_stderr,none": 0.026508590656233247
    },
    "mmlu_us_foreign_policy": {
        "alias": "  - us_foreign_policy",
        "acc,none": 0.87,
        "acc_stderr,none": 0.03379976689896309
    },
    "mmlu_stem": {
        "acc,none": 0.5204567078972407,
        "acc_stderr,none": 0.00852808661516635,
        "alias": " - stem"
    },
    "mmlu_abstract_algebra": {
        "alias": "  - abstract_algebra",
        "acc,none": 0.27,
        "acc_stderr,none": 0.0446196043338474
    },
    "mmlu_anatomy": {
        "alias": "  - anatomy",
        "acc,none": 0.6074074074074074,
        "acc_stderr,none": 0.04218506215368879
    },
    "mmlu_astronomy": {
        "alias": "  - astronomy",
        "acc,none": 0.6578947368421053,
        "acc_stderr,none": 0.03860731599316091
    },
    "mmlu_college_biology": {
        "alias": "  - college_biology",
        "acc,none": 0.7222222222222222,
        "acc_stderr,none": 0.037455547914624576
    },
    "mmlu_college_chemistry": {
        "alias": "  - college_chemistry",
        "acc,none": 0.47,
        "acc_stderr,none": 0.050161355804659205
    },
    "mmlu_college_computer_science": {
        "alias": "  - college_computer_science",
        "acc,none": 0.49,
        "acc_stderr,none": 0.05024183937956911
    },