{
    "mmlu": {
        "acc,none": 0.26940606751175045,
        "acc_stderr,none": 0.003727682797443872,
        "alias": "mmlu"
    },
    "mmlu_humanities": {
        "acc,none": 0.2554729011689692,
        "acc_stderr,none": 0.006347730691760122,
        "alias": " - humanities"
    },
    "mmlu_formal_logic": {
        "alias": "  - formal_logic",
        "acc,none": 0.24603174603174602,
        "acc_stderr,none": 0.03852273364924316
    },
    "mmlu_high_school_european_history": {
        "alias": "  - high_school_european_history",
        "acc,none": 0.21212121212121213,
        "acc_stderr,none": 0.03192271569548299
    },
    "mmlu_high_school_us_history": {
        "alias": "  - high_school_us_history",
        "acc,none": 0.24019607843137256,
        "acc_stderr,none": 0.02998373305591361
    },
    "mmlu_high_school_world_history": {
        "alias": "  - high_school_world_history",
        "acc,none": 0.23628691983122363,
        "acc_stderr,none": 0.027652153144159256
    },
    "mmlu_international_law": {
        "alias": "  - international_law",
        "acc,none": 0.23140495867768596,
        "acc_stderr,none": 0.03849856098794088
    },
    "mmlu_jurisprudence": {
        "alias": "  - jurisprudence",
        "acc,none": 0.2037037037037037,
        "acc_stderr,none": 0.03893542518824847
    },
    "mmlu_logical_fallacies": {
        "alias": "  - logical_fallacies",
        "acc,none": 0.25766871165644173,
        "acc_stderr,none": 0.03436150827846917
    },
    "mmlu_moral_disputes": {
        "alias": "  - moral_disputes",
        "acc,none": 0.25722543352601157,
        "acc_stderr,none": 0.023532925431044287
    },
    "mmlu_moral_scenarios": {
        "alias": "  - moral_scenarios",
        "acc,none": 0.2424581005586592,
        "acc_stderr,none": 0.014333522059217887
    },
    "mmlu_philosophy": {
        "alias": "  - philosophy",
        "acc,none": 0.3311897106109325,
        "acc_stderr,none": 0.026730620728004913
    },
    "mmlu_prehistory": {
        "alias": "  - prehistory",
        "acc,none": 0.3148148148148148,
        "acc_stderr,none": 0.02584224870090217
    },
    "mmlu_professional_law": {
        "alias": "  - professional_law",
        "acc,none": 0.24119947848761408,
        "acc_stderr,none": 0.010926496102034961
    },
    "mmlu_world_religions": {
        "alias": "  - world_religions",
        "acc,none": 0.3391812865497076,
        "acc_stderr,none": 0.03631053496488904
    },
    "mmlu_other": {
        "acc,none": 0.2661731573865465,
        "acc_stderr,none": 0.007863027472202735,
        "alias": " - other"
    },
    "mmlu_business_ethics": {
        "alias": "  - business_ethics",
        "acc,none": 0.27,
        "acc_stderr,none": 0.044619604333847394
    },
    "mmlu_clinical_knowledge": {
        "alias": "  - clinical_knowledge",
        "acc,none": 0.22641509433962265,
        "acc_stderr,none": 0.025757559893106734
    },
    "mmlu_college_medicine": {
        "alias": "  - college_medicine",
        "acc,none": 0.23121387283236994,
        "acc_stderr,none": 0.03214737302029471
    },
    "mmlu_global_facts": {
        "alias": "  - global_facts",
        "acc,none": 0.31,
        "acc_stderr,none": 0.04648231987117316
    },
    "mmlu_human_aging": {
        "alias": "  - human_aging",
        "acc,none": 0.13004484304932734,
        "acc_stderr,none": 0.02257451942417488
    },
    "mmlu_management": {
        "alias": "  - management",
        "acc,none": 0.17475728155339806,
        "acc_stderr,none": 0.03760178006026621
    },
    "mmlu_marketing": {
        "alias": "  - marketing",
        "acc,none": 0.2606837606837607,
        "acc_stderr,none": 0.02876034895652341
    },
    "mmlu_medical_genetics": {
        "alias": "  - medical_genetics",
        "acc,none": 0.27,
        "acc_stderr,none": 0.0446196043338474
    },
    "mmlu_miscellaneous": {
        "alias": "  - miscellaneous",
        "acc,none": 0.27458492975734355,
        "acc_stderr,none": 0.01595982993308403
    },
    "mmlu_nutrition": {
        "alias": "  - nutrition",
        "acc,none": 0.29411764705882354,
        "acc_stderr,none": 0.02609016250427904
    },
    "mmlu_professional_accounting": {
        "alias": "  - professional_accounting",
        "acc,none": 0.25886524822695034,
        "acc_stderr,none": 0.02612957252718085
    },
    "mmlu_professional_medicine": {
        "alias": "  - professional_medicine",
        "acc,none": 0.41911764705882354,
        "acc_stderr,none": 0.02997280717046463
    },
    "mmlu_virology": {
        "alias": "  - virology",
        "acc,none": 0.25301204819277107,
        "acc_stderr,none": 0.03384429155233136
    },
    "mmlu_social_sciences": {
        "acc,none": 0.29054273643158923,
        "acc_stderr,none": 0.00816490474836067,
        "alias": " - social sciences"
    },
    "mmlu_econometrics": {
        "alias": "  - econometrics",
        "acc,none": 0.22807017543859648,
        "acc_stderr,none": 0.03947152782669415
    },
    "mmlu_high_school_geography": {
        "alias": "  - high_school_geography",
        "acc,none": 0.2727272727272727,
        "acc_stderr,none": 0.03173071239071724
    },
    "mmlu_high_school_government_and_politics": {
        "alias": "  - high_school_government_and_politics",
        "acc,none": 0.31088082901554404,
        "acc_stderr,none": 0.03340361906276586
    },
    "mmlu_high_school_macroeconomics": {
        "alias": "  - high_school_macroeconomics",
        "acc,none": 0.32051282051282054,
        "acc_stderr,none": 0.02366129639396428
    },
    "mmlu_high_school_microeconomics": {
        "alias": "  - high_school_microeconomics",
        "acc,none": 0.3487394957983193,
        "acc_stderr,none": 0.03095663632856655
    },
    "mmlu_high_school_psychology": {
        "alias": "  - high_school_psychology",
        "acc,none": 0.28256880733944956,
        "acc_stderr,none": 0.01930424349770715
    },
    "mmlu_human_sexuality": {
        "alias": "  - human_sexuality",
        "acc,none": 0.29770992366412213,
        "acc_stderr,none": 0.04010358942462203
    },
    "mmlu_professional_psychology": {
        "alias": "  - professional_psychology",
        "acc,none": 0.2434640522875817,
        "acc_stderr,none": 0.017362473762146637
    },
    "mmlu_public_relations": {
        "alias": "  - public_relations",
        "acc,none": 0.20909090909090908,
        "acc_stderr,none": 0.038950910157241364
    },
    "mmlu_security_studies": {
        "alias": "  - security_studies",
        "acc,none": 0.363265306122449,
        "acc_stderr,none": 0.030789051139030806
    },
    "mmlu_sociology": {
        "alias": "  - sociology",
        "acc,none": 0.2835820895522388,
        "acc_stderr,none": 0.03187187537919796
    },
    "mmlu_us_foreign_policy": {
        "alias": "  - us_foreign_policy",
        "acc,none": 0.35,
        "acc_stderr,none": 0.04793724854411019
    },
    "mmlu_stem": {
        "acc,none": 0.272756105296543,
        "acc_stderr,none": 0.007896733419419457,
        "alias": " - stem"
    },
    "mmlu_abstract_algebra": {
        "alias": "  - abstract_algebra",
        "acc,none": 0.24,
        "acc_stderr,none": 0.04292346959909282
    },
    "mmlu_anatomy": {
        "alias": "  - anatomy",
        "acc,none": 0.2962962962962963,
        "acc_stderr,none": 0.03944624162501116
    },
    "mmlu_astronomy": {
        "alias": "  - astronomy",
        "acc,none": 0.19736842105263158,
        "acc_stderr,none": 0.03238981601699397
    },
    "mmlu_college_biology": {
        "alias": "  - college_biology",
        "acc,none": 0.2569444444444444,
        "acc_stderr,none": 0.03653946969442099
    },
    "mmlu_college_chemistry": {
        "alias": "  - college_chemistry",
        "acc,none": 0.25,
        "acc_stderr,none": 0.04351941398892446
    },
    "mmlu_college_computer_science": {
        "alias": "  - college_computer_science",
        "acc,none": 0.25,