{
    "mmlu": {
        "acc,none": 0.26598775103261646,
        "acc_stderr,none": 0.0037098515665416817,
        "alias": "mmlu"
    },
    "mmlu_humanities": {
        "acc,none": 0.24845908607863976,
        "acc_stderr,none": 0.00629756728095077,
        "alias": " - humanities"
    },
    "mmlu_formal_logic": {
        "alias": "  - formal_logic",
        "acc,none": 0.1984126984126984,
        "acc_stderr,none": 0.03567016675276861
    },
    "mmlu_high_school_european_history": {
        "alias": "  - high_school_european_history",
        "acc,none": 0.26666666666666666,
        "acc_stderr,none": 0.034531318018854146
    },
    "mmlu_high_school_us_history": {
        "alias": "  - high_school_us_history",
        "acc,none": 0.2647058823529412,
        "acc_stderr,none": 0.030964517926923403
    },
    "mmlu_high_school_world_history": {
        "alias": "  - high_school_world_history",
        "acc,none": 0.270042194092827,
        "acc_stderr,none": 0.028900721906293426
    },
    "mmlu_international_law": {
        "alias": "  - international_law",
        "acc,none": 0.2809917355371901,
        "acc_stderr,none": 0.04103203830514511
    },
    "mmlu_jurisprudence": {
        "alias": "  - jurisprudence",
        "acc,none": 0.2222222222222222,
        "acc_stderr,none": 0.040191074725573483
    },
    "mmlu_logical_fallacies": {
        "alias": "  - logical_fallacies",
        "acc,none": 0.2331288343558282,
        "acc_stderr,none": 0.0332201579577674
    },
    "mmlu_moral_disputes": {
        "alias": "  - moral_disputes",
        "acc,none": 0.20520231213872833,
        "acc_stderr,none": 0.02174251983527628
    },
    "mmlu_moral_scenarios": {
        "alias": "  - moral_scenarios",
        "acc,none": 0.24692737430167597,
        "acc_stderr,none": 0.014422292204808838
    },
    "mmlu_philosophy": {
        "alias": "  - philosophy",
        "acc,none": 0.2347266881028939,
        "acc_stderr,none": 0.024071805887677048
    },
    "mmlu_prehistory": {
        "alias": "  - prehistory",
        "acc,none": 0.2993827160493827,
        "acc_stderr,none": 0.025483115601195462
    },
    "mmlu_professional_law": {
        "alias": "  - professional_law",
        "acc,none": 0.24185136897001303,
        "acc_stderr,none": 0.01093655081382708
    },
    "mmlu_world_religions": {
        "alias": "  - world_religions",
        "acc,none": 0.30994152046783624,
        "acc_stderr,none": 0.03546976959393162
    },
    "mmlu_other": {
        "acc,none": 0.2587705181847441,
        "acc_stderr,none": 0.007804712301732272,
        "alias": " - other"
    },
    "mmlu_business_ethics": {
        "alias": "  - business_ethics",
        "acc,none": 0.18,
        "acc_stderr,none": 0.038612291966536955
    },
    "mmlu_clinical_knowledge": {
        "alias": "  - clinical_knowledge",
        "acc,none": 0.24150943396226415,
        "acc_stderr,none": 0.026341480371118352
    },
    "mmlu_college_medicine": {
        "alias": "  - college_medicine",
        "acc,none": 0.28901734104046245,
        "acc_stderr,none": 0.03456425745086999
    },
    "mmlu_global_facts": {
        "alias": "  - global_facts",
        "acc,none": 0.18,
        "acc_stderr,none": 0.038612291966536955
    },
    "mmlu_human_aging": {
        "alias": "  - human_aging",
        "acc,none": 0.24663677130044842,
        "acc_stderr,none": 0.028930413120910874
    },
    "mmlu_management": {
        "alias": "  - management",
        "acc,none": 0.13592233009708737,
        "acc_stderr,none": 0.03393295729761012
    },
    "mmlu_marketing": {
        "alias": "  - marketing",
        "acc,none": 0.19658119658119658,
        "acc_stderr,none": 0.02603538609895129
    },
    "mmlu_medical_genetics": {
        "alias": "  - medical_genetics",
        "acc,none": 0.3,
        "acc_stderr,none": 0.046056618647183814
    },
    "mmlu_miscellaneous": {
        "alias": "  - miscellaneous",
        "acc,none": 0.26947637292464877,
        "acc_stderr,none": 0.01586624307321505
    },
    "mmlu_nutrition": {
        "alias": "  - nutrition",
        "acc,none": 0.26143790849673204,
        "acc_stderr,none": 0.025160998214292456
    },
    "mmlu_professional_accounting": {
        "alias": "  - professional_accounting",
        "acc,none": 0.25886524822695034,
        "acc_stderr,none": 0.026129572527180844
    },
    "mmlu_professional_medicine": {
        "alias": "  - professional_medicine",
        "acc,none": 0.40441176470588236,
        "acc_stderr,none": 0.029812630701569753
    },
    "mmlu_virology": {
        "alias": "  - virology",
        "acc,none": 0.21084337349397592,
        "acc_stderr,none": 0.03175554786629919
    },
    "mmlu_social_sciences": {
        "acc,none": 0.27916802079948,
        "acc_stderr,none": 0.008051511755127581,
        "alias": " - social sciences"
    },
    "mmlu_econometrics": {
        "alias": "  - econometrics",
        "acc,none": 0.21929824561403508,
        "acc_stderr,none": 0.038924311065187525
    },
    "mmlu_high_school_geography": {
        "alias": "  - high_school_geography",
        "acc,none": 0.35353535353535354,
        "acc_stderr,none": 0.03406086723547153
    },
    "mmlu_high_school_government_and_politics": {
        "alias": "  - high_school_government_and_politics",
        "acc,none": 0.29015544041450775,
        "acc_stderr,none": 0.03275264467791516
    },
    "mmlu_high_school_macroeconomics": {
        "alias": "  - high_school_macroeconomics",
        "acc,none": 0.35128205128205126,
        "acc_stderr,none": 0.024203665177902796
    },
    "mmlu_high_school_microeconomics": {
        "alias": "  - high_school_microeconomics",
        "acc,none": 0.3487394957983193,
        "acc_stderr,none": 0.030956636328566548
    },
    "mmlu_high_school_psychology": {
        "alias": "  - high_school_psychology",
        "acc,none": 0.25871559633027524,
        "acc_stderr,none": 0.01877605231961962
    },
    "mmlu_human_sexuality": {
        "alias": "  - human_sexuality",
        "acc,none": 0.2366412213740458,
        "acc_stderr,none": 0.037276735755969174
    },
    "mmlu_professional_psychology": {
        "alias": "  - professional_psychology",
        "acc,none": 0.22875816993464052,
        "acc_stderr,none": 0.016992723465466226
    },
    "mmlu_public_relations": {
        "alias": "  - public_relations",
        "acc,none": 0.22727272727272727,
        "acc_stderr,none": 0.04013964554072775
    },
    "mmlu_security_studies": {
        "alias": "  - security_studies",
        "acc,none": 0.3183673469387755,
        "acc_stderr,none": 0.029822533793982055
    },
    "mmlu_sociology": {
        "alias": "  - sociology",
        "acc,none": 0.23880597014925373,
        "acc_stderr,none": 0.030147775935409217
    },
    "mmlu_us_foreign_policy": {
        "alias": "  - us_foreign_policy",
        "acc,none": 0.25,
        "acc_stderr,none": 0.04351941398892446
    },
    "mmlu_stem": {
        "acc,none": 0.28639391056137015,
        "acc_stderr,none": 0.00798647472527992,
        "alias": " - stem"
    },
    "mmlu_abstract_algebra": {
        "alias": "  - abstract_algebra",
        "acc,none": 0.2,
        "acc_stderr,none": 0.04020151261036845
    },
    "mmlu_anatomy": {
        "alias": "  - anatomy",
        "acc,none": 0.28888888888888886,
        "acc_stderr,none": 0.0391545063041425
    },
    "mmlu_astronomy": {
        "alias": "  - astronomy",
        "acc,none": 0.20394736842105263,
        "acc_stderr,none": 0.0327900040631005
    },
    "mmlu_college_biology": {
        "alias": "  - college_biology",
        "acc,none": 0.2638888888888889,
        "acc_stderr,none": 0.03685651095897532
    },
    "mmlu_college_chemistry": {
        "alias": "  - college_chemistry",
        "acc,none": 0.34,
        "acc_stderr,none": 0.047609522856952365
    },
    "mmlu_college_computer_science": {
        "alias": "  - college_computer_science",
        "acc,none": 0.33,