{
    "mmlu": {
        "acc,none": 0.2625694345534824,
        "acc_stderr,none": 0.0036946067816211385,
        "alias": "mmlu"
    },
    "mmlu_humanities": {
        "acc,none": 0.2541976620616366,
        "acc_stderr,none": 0.006347221776943727,
        "alias": " - humanities"
    },
    "mmlu_formal_logic": {
        "alias": "  - formal_logic",
        "acc,none": 0.23015873015873015,
        "acc_stderr,none": 0.03764950879790606
    },
    "mmlu_high_school_european_history": {
        "alias": "  - high_school_european_history",
        "acc,none": 0.22424242424242424,
        "acc_stderr,none": 0.03256866661681102
    },
    "mmlu_high_school_us_history": {
        "alias": "  - high_school_us_history",
        "acc,none": 0.27941176470588236,
        "acc_stderr,none": 0.031493281045079556
    },
    "mmlu_high_school_world_history": {
        "alias": "  - high_school_world_history",
        "acc,none": 0.2616033755274262,
        "acc_stderr,none": 0.028609516716994934
    },
    "mmlu_international_law": {
        "alias": "  - international_law",
        "acc,none": 0.24793388429752067,
        "acc_stderr,none": 0.03941897526516302
    },
    "mmlu_jurisprudence": {
        "alias": "  - jurisprudence",
        "acc,none": 0.21296296296296297,
        "acc_stderr,none": 0.03957835471980981
    },
    "mmlu_logical_fallacies": {
        "alias": "  - logical_fallacies",
        "acc,none": 0.3006134969325153,
        "acc_stderr,none": 0.03602511318806771
    },
    "mmlu_moral_disputes": {
        "alias": "  - moral_disputes",
        "acc,none": 0.24855491329479767,
        "acc_stderr,none": 0.023267528432100174
    },
    "mmlu_moral_scenarios": {
        "alias": "  - moral_scenarios",
        "acc,none": 0.2737430167597765,
        "acc_stderr,none": 0.014912413096372432
    },
    "mmlu_philosophy": {
        "alias": "  - philosophy",
        "acc,none": 0.2990353697749196,
        "acc_stderr,none": 0.02600330111788514
    },
    "mmlu_prehistory": {
        "alias": "  - prehistory",
        "acc,none": 0.22530864197530864,
        "acc_stderr,none": 0.023246202647819753
    },
    "mmlu_professional_law": {
        "alias": "  - professional_law",
        "acc,none": 0.24511082138200782,
        "acc_stderr,none": 0.010986307870045522
    },
    "mmlu_world_religions": {
        "alias": "  - world_religions",
        "acc,none": 0.21052631578947367,
        "acc_stderr,none": 0.031267817146631786
    },
    "mmlu_other": {
        "acc,none": 0.2780817508850982,
        "acc_stderr,none": 0.00797443005735064,
        "alias": " - other"
    },
    "mmlu_business_ethics": {
        "alias": "  - business_ethics",
        "acc,none": 0.24,
        "acc_stderr,none": 0.04292346959909282
    },
    "mmlu_clinical_knowledge": {
        "alias": "  - clinical_knowledge",
        "acc,none": 0.22264150943396227,
        "acc_stderr,none": 0.025604233470899095
    },
    "mmlu_college_medicine": {
        "alias": "  - college_medicine",
        "acc,none": 0.24855491329479767,
        "acc_stderr,none": 0.03295304696818318
    },
    "mmlu_global_facts": {
        "alias": "  - global_facts",
        "acc,none": 0.31,
        "acc_stderr,none": 0.04648231987117316
    },
    "mmlu_human_aging": {
        "alias": "  - human_aging",
        "acc,none": 0.3004484304932735,
        "acc_stderr,none": 0.03076935200822914
    },
    "mmlu_management": {
        "alias": "  - management",
        "acc,none": 0.17475728155339806,
        "acc_stderr,none": 0.03760178006026621
    },
    "mmlu_marketing": {
        "alias": "  - marketing",
        "acc,none": 0.19658119658119658,
        "acc_stderr,none": 0.02603538609895129
    },
    "mmlu_medical_genetics": {
        "alias": "  - medical_genetics",
        "acc,none": 0.3,
        "acc_stderr,none": 0.046056618647183814
    },
    "mmlu_miscellaneous": {
        "alias": "  - miscellaneous",
        "acc,none": 0.27586206896551724,
        "acc_stderr,none": 0.01598281477469563
    },
    "mmlu_nutrition": {
        "alias": "  - nutrition",
        "acc,none": 0.25163398692810457,
        "acc_stderr,none": 0.0248480182638752
    },
    "mmlu_professional_accounting": {
        "alias": "  - professional_accounting",
        "acc,none": 0.2765957446808511,
        "acc_stderr,none": 0.026684564340460983
    },
    "mmlu_professional_medicine": {
        "alias": "  - professional_medicine",
        "acc,none": 0.4485294117647059,
        "acc_stderr,none": 0.030211479609121593
    },
    "mmlu_virology": {
        "alias": "  - virology",
        "acc,none": 0.3192771084337349,
        "acc_stderr,none": 0.03629335329947859
    },
    "mmlu_social_sciences": {
        "acc,none": 0.24699382515437113,
        "acc_stderr,none": 0.0077431246510932025,
        "alias": " - social sciences"
    },
    "mmlu_econometrics": {
        "alias": "  - econometrics",
        "acc,none": 0.2543859649122807,
        "acc_stderr,none": 0.040969851398436716
    },
    "mmlu_high_school_geography": {
        "alias": "  - high_school_geography",
        "acc,none": 0.21717171717171718,
        "acc_stderr,none": 0.029376616484945637
    },
    "mmlu_high_school_government_and_politics": {
        "alias": "  - high_school_government_and_politics",
        "acc,none": 0.3005181347150259,
        "acc_stderr,none": 0.0330881859441575
    },
    "mmlu_high_school_macroeconomics": {
        "alias": "  - high_school_macroeconomics",
        "acc,none": 0.34102564102564104,
        "acc_stderr,none": 0.024035489676335068
    },
    "mmlu_high_school_microeconomics": {
        "alias": "  - high_school_microeconomics",
        "acc,none": 0.2815126050420168,
        "acc_stderr,none": 0.029213549414372156
    },
    "mmlu_high_school_psychology": {
        "alias": "  - high_school_psychology",
        "acc,none": 0.23669724770642203,
        "acc_stderr,none": 0.01822407811729907
    },
    "mmlu_human_sexuality": {
        "alias": "  - human_sexuality",
        "acc,none": 0.20610687022900764,
        "acc_stderr,none": 0.03547771004159463
    },
    "mmlu_professional_psychology": {
        "alias": "  - professional_psychology",
        "acc,none": 0.2173202614379085,
        "acc_stderr,none": 0.016684820929148594
    },
    "mmlu_public_relations": {
        "alias": "  - public_relations",
        "acc,none": 0.21818181818181817,
        "acc_stderr,none": 0.03955932861795833
    },
    "mmlu_security_studies": {
        "alias": "  - security_studies",
        "acc,none": 0.17142857142857143,
        "acc_stderr,none": 0.02412746346265016
    },
    "mmlu_sociology": {
        "alias": "  - sociology",
        "acc,none": 0.23880597014925373,
        "acc_stderr,none": 0.030147775935409217
    },
    "mmlu_us_foreign_policy": {
        "alias": "  - us_foreign_policy",
        "acc,none": 0.27,
        "acc_stderr,none": 0.044619604333847394
    },
    "mmlu_stem": {
        "acc,none": 0.27497621313035203,
        "acc_stderr,none": 0.007885515280041005,
        "alias": " - stem"
    },
    "mmlu_abstract_algebra": {
        "alias": "  - abstract_algebra",
        "acc,none": 0.26,
        "acc_stderr,none": 0.04408440022768079
    },
    "mmlu_anatomy": {
        "alias": "  - anatomy",
        "acc,none": 0.32592592592592595,
        "acc_stderr,none": 0.040491220417025055
    },
    "mmlu_astronomy": {
        "alias": "  - astronomy",
        "acc,none": 0.17763157894736842,
        "acc_stderr,none": 0.031103182383123398
    },
    "mmlu_college_biology": {
        "alias": "  - college_biology",
        "acc,none": 0.2361111111111111,
        "acc_stderr,none": 0.03551446610810826
    },
    "mmlu_college_chemistry": {
        "alias": "  - college_chemistry",
        "acc,none": 0.18,
        "acc_stderr,none": 0.038612291966536955
    },
    "mmlu_college_computer_science": {
        "alias": "  - college_computer_science",
        "acc,none": 0.19,