{
    "mmlu": {
        "acc,none": 0.5976356644352656,
        "acc_stderr,none": 0.0038784293503815533,
        "alias": "mmlu"
    },
    "mmlu_humanities": {
        "acc,none": 0.5404888416578109,
        "acc_stderr,none": 0.006760511068294861,
        "alias": " - humanities"
    },
    "mmlu_formal_logic": {
        "alias": "  - formal_logic",
        "acc,none": 0.3888888888888889,
        "acc_stderr,none": 0.0436031486007746
    },
    "mmlu_high_school_european_history": {
        "alias": "  - high_school_european_history",
        "acc,none": 0.7696969696969697,
        "acc_stderr,none": 0.0328766675860349
    },
    "mmlu_high_school_us_history": {
        "alias": "  - high_school_us_history",
        "acc,none": 0.7745098039215687,
        "acc_stderr,none": 0.02933116229425173
    },
    "mmlu_high_school_world_history": {
        "alias": "  - high_school_world_history",
        "acc,none": 0.7257383966244726,
        "acc_stderr,none": 0.029041333510598035
    },
    "mmlu_international_law": {
        "alias": "  - international_law",
        "acc,none": 0.7851239669421488,
        "acc_stderr,none": 0.03749492448709696
    },
    "mmlu_jurisprudence": {
        "alias": "  - jurisprudence",
        "acc,none": 0.7222222222222222,
        "acc_stderr,none": 0.043300437496507416
    },
    "mmlu_logical_fallacies": {
        "alias": "  - logical_fallacies",
        "acc,none": 0.754601226993865,
        "acc_stderr,none": 0.03380939813943354
    },
    "mmlu_moral_disputes": {
        "alias": "  - moral_disputes",
        "acc,none": 0.6734104046242775,
        "acc_stderr,none": 0.025248264774242826
    },
    "mmlu_moral_scenarios": {
        "alias": "  - moral_scenarios",
        "acc,none": 0.3106145251396648,
        "acc_stderr,none": 0.015476515438005566
    },
    "mmlu_philosophy": {
        "alias": "  - philosophy",
        "acc,none": 0.7009646302250804,
        "acc_stderr,none": 0.02600330111788514
    },
    "mmlu_prehistory": {
        "alias": "  - prehistory",
        "acc,none": 0.7160493827160493,
        "acc_stderr,none": 0.02508947852376513
    },
    "mmlu_professional_law": {
        "alias": "  - professional_law",
        "acc,none": 0.4152542372881356,
        "acc_stderr,none": 0.012585471793400659
    },
    "mmlu_world_religions": {
        "alias": "  - world_religions",
        "acc,none": 0.8362573099415205,
        "acc_stderr,none": 0.028380919596145866
    },
    "mmlu_other": {
        "acc,none": 0.6729964596073382,
        "acc_stderr,none": 0.008010214762259445,
        "alias": " - other"
    },
    "mmlu_business_ethics": {
        "alias": "  - business_ethics",
        "acc,none": 0.59,
        "acc_stderr,none": 0.04943110704237102
    },
    "mmlu_clinical_knowledge": {
        "alias": "  - clinical_knowledge",
        "acc,none": 0.6641509433962264,
        "acc_stderr,none": 0.029067220146644826
    },
    "mmlu_college_medicine": {
        "alias": "  - college_medicine",
        "acc,none": 0.6011560693641619,
        "acc_stderr,none": 0.037336266553835096
    },
    "mmlu_global_facts": {
        "alias": "  - global_facts",
        "acc,none": 0.21,
        "acc_stderr,none": 0.04093601807403326
    },
    "mmlu_human_aging": {
        "alias": "  - human_aging",
        "acc,none": 0.6547085201793722,
        "acc_stderr,none": 0.031911001928357934
    },
    "mmlu_management": {
        "alias": "  - management",
        "acc,none": 0.8058252427184466,
        "acc_stderr,none": 0.039166677628225836
    },
    "mmlu_marketing": {
        "alias": "  - marketing",
        "acc,none": 0.8504273504273504,
        "acc_stderr,none": 0.023365051491753712
    },
    "mmlu_medical_genetics": {
        "alias": "  - medical_genetics",
        "acc,none": 0.7,
        "acc_stderr,none": 0.046056618647183814
    },
    "mmlu_miscellaneous": {
        "alias": "  - miscellaneous",
        "acc,none": 0.8007662835249042,
        "acc_stderr,none": 0.014283378044296417
    },
    "mmlu_nutrition": {
        "alias": "  - nutrition",
        "acc,none": 0.7352941176470589,
        "acc_stderr,none": 0.02526169121972949
    },
    "mmlu_professional_accounting": {
        "alias": "  - professional_accounting",
        "acc,none": 0.42907801418439717,
        "acc_stderr,none": 0.02952591430255856
    },
    "mmlu_professional_medicine": {
        "alias": "  - professional_medicine",
        "acc,none": 0.6323529411764706,
        "acc_stderr,none": 0.029289413409403192
    },
    "mmlu_virology": {
        "alias": "  - virology",
        "acc,none": 0.5301204819277109,
        "acc_stderr,none": 0.03885425420866767
    },
    "mmlu_social_sciences": {
        "acc,none": 0.709782255443614,
        "acc_stderr,none": 0.008027798951536087,
        "alias": " - social sciences"
    },
    "mmlu_econometrics": {
        "alias": "  - econometrics",
        "acc,none": 0.45614035087719296,
        "acc_stderr,none": 0.04685473041907789
    },
    "mmlu_high_school_geography": {
        "alias": "  - high_school_geography",
        "acc,none": 0.7575757575757576,
        "acc_stderr,none": 0.030532892233932036
    },
    "mmlu_high_school_government_and_politics": {
        "alias": "  - high_school_government_and_politics",
        "acc,none": 0.8497409326424871,
        "acc_stderr,none": 0.02578772318072388
    },
    "mmlu_high_school_macroeconomics": {
        "alias": "  - high_school_macroeconomics",
        "acc,none": 0.6358974358974359,
        "acc_stderr,none": 0.02439667298509476
    },
    "mmlu_high_school_microeconomics": {
        "alias": "  - high_school_microeconomics",
        "acc,none": 0.6638655462184874,
        "acc_stderr,none": 0.03068473711513536
    },
    "mmlu_high_school_psychology": {
        "alias": "  - high_school_psychology",
        "acc,none": 0.7944954128440367,
        "acc_stderr,none": 0.017324352325016
    },
    "mmlu_human_sexuality": {
        "alias": "  - human_sexuality",
        "acc,none": 0.732824427480916,
        "acc_stderr,none": 0.038808483010823944
    },
    "mmlu_professional_psychology": {
        "alias": "  - professional_psychology",
        "acc,none": 0.6470588235294118,
        "acc_stderr,none": 0.019333142020797164
    },
    "mmlu_public_relations": {
        "alias": "  - public_relations",
        "acc,none": 0.6090909090909091,
        "acc_stderr,none": 0.046737523336702384
    },
    "mmlu_security_studies": {
        "alias": "  - security_studies",
        "acc,none": 0.6979591836734694,
        "acc_stderr,none": 0.0293936093198798
    },
    "mmlu_sociology": {
        "alias": "  - sociology",
        "acc,none": 0.8109452736318408,
        "acc_stderr,none": 0.027686913588013035
    },
    "mmlu_us_foreign_policy": {
        "alias": "  - us_foreign_policy",
        "acc,none": 0.86,
        "acc_stderr,none": 0.03487350880197768
    },
    "mmlu_stem": {
        "acc,none": 0.4992071043450682,
        "acc_stderr,none": 0.008538318066054346,
        "alias": " - stem"
    },
    "mmlu_abstract_algebra": {
        "alias": "  - abstract_algebra",
        "acc,none": 0.34,
        "acc_stderr,none": 0.04760952285695236
    },
    "mmlu_anatomy": {
        "alias": "  - anatomy",
        "acc,none": 0.6148148148148148,
        "acc_stderr,none": 0.042039210401562783
    },
    "mmlu_astronomy": {
        "alias": "  - astronomy",
        "acc,none": 0.5789473684210527,
        "acc_stderr,none": 0.04017901275981749
    },
    "mmlu_college_biology": {
        "alias": "  - college_biology",
        "acc,none": 0.7083333333333334,
        "acc_stderr,none": 0.03800968060554857
    },
    "mmlu_college_chemistry": {
        "alias": "  - college_chemistry",
        "acc,none": 0.45,
        "acc_stderr,none": 0.05
    },
    "mmlu_college_computer_science": {
        "alias": "  - college_computer_science",
        "acc,none": 0.53,
        "acc_stderr,none": 0.05016135580465919
    },