{
    "mmlu": {
        "acc,none": 0.24035037743911125,
        "acc_stderr,none": 0.003602294729293971,
        "alias": "mmlu"
    },
    "mmlu_humanities": {
        "acc,none": 0.24909670563230607,
        "acc_stderr,none": 0.006303551442312534,
        "alias": " - humanities"
    },
    "mmlu_formal_logic": {
        "alias": "  - formal_logic",
        "acc,none": 0.30952380952380953,
        "acc_stderr,none": 0.04134913018303316
    },
    "mmlu_high_school_european_history": {
        "alias": "  - high_school_european_history",
        "acc,none": 0.21212121212121213,
        "acc_stderr,none": 0.03192271569548301
    },
    "mmlu_high_school_us_history": {
        "alias": "  - high_school_us_history",
        "acc,none": 0.2549019607843137,
        "acc_stderr,none": 0.030587591351604246
    },
    "mmlu_high_school_world_history": {
        "alias": "  - high_school_world_history",
        "acc,none": 0.2742616033755274,
        "acc_stderr,none": 0.029041333510598042
    },
    "mmlu_international_law": {
        "alias": "  - international_law",
        "acc,none": 0.30578512396694213,
        "acc_stderr,none": 0.04205953933884124
    },
    "mmlu_jurisprudence": {
        "alias": "  - jurisprudence",
        "acc,none": 0.25925925925925924,
        "acc_stderr,none": 0.042365112580946336
    },
    "mmlu_logical_fallacies": {
        "alias": "  - logical_fallacies",
        "acc,none": 0.2331288343558282,
        "acc_stderr,none": 0.03322015795776741
    },
    "mmlu_moral_disputes": {
        "alias": "  - moral_disputes",
        "acc,none": 0.24855491329479767,
        "acc_stderr,none": 0.023267528432100174
    },
    "mmlu_moral_scenarios": {
        "alias": "  - moral_scenarios",
        "acc,none": 0.25139664804469275,
        "acc_stderr,none": 0.014508979453553988
    },
    "mmlu_philosophy": {
        "alias": "  - philosophy",
        "acc,none": 0.19614147909967847,
        "acc_stderr,none": 0.02255244778047803
    },
    "mmlu_prehistory": {
        "alias": "  - prehistory",
        "acc,none": 0.2345679012345679,
        "acc_stderr,none": 0.023576881744005723
    },
    "mmlu_professional_law": {
        "alias": "  - professional_law",
        "acc,none": 0.2457627118644068,
        "acc_stderr,none": 0.01099615663514269
    },
    "mmlu_world_religions": {
        "alias": "  - world_religions",
        "acc,none": 0.30994152046783624,
        "acc_stderr,none": 0.03546976959393161
    },
    "mmlu_other": {
        "acc,none": 0.25490827164467333,
        "acc_stderr,none": 0.007811748183624946,
        "alias": " - other"
    },
    "mmlu_business_ethics": {
        "alias": "  - business_ethics",
        "acc,none": 0.23,
        "acc_stderr,none": 0.04229525846816506
    },
    "mmlu_clinical_knowledge": {
        "alias": "  - clinical_knowledge",
        "acc,none": 0.27547169811320754,
        "acc_stderr,none": 0.02749566368372405
    },
    "mmlu_college_medicine": {
        "alias": "  - college_medicine",
        "acc,none": 0.21965317919075145,
        "acc_stderr,none": 0.03156809362703174
    },
    "mmlu_global_facts": {
        "alias": "  - global_facts",
        "acc,none": 0.25,
        "acc_stderr,none": 0.04351941398892446
    },
    "mmlu_human_aging": {
        "alias": "  - human_aging",
        "acc,none": 0.336322869955157,
        "acc_stderr,none": 0.031708824268455
    },
    "mmlu_management": {
        "alias": "  - management",
        "acc,none": 0.17475728155339806,
        "acc_stderr,none": 0.03760178006026621
    },
    "mmlu_marketing": {
        "alias": "  - marketing",
        "acc,none": 0.23076923076923078,
        "acc_stderr,none": 0.027601921381417593
    },
    "mmlu_medical_genetics": {
        "alias": "  - medical_genetics",
        "acc,none": 0.3,
        "acc_stderr,none": 0.046056618647183814
    },
    "mmlu_miscellaneous": {
        "alias": "  - miscellaneous",
        "acc,none": 0.26309067688378035,
        "acc_stderr,none": 0.015745497169049043
    },
    "mmlu_nutrition": {
        "alias": "  - nutrition",
        "acc,none": 0.24183006535947713,
        "acc_stderr,none": 0.024518195641879334
    },
    "mmlu_professional_accounting": {
        "alias": "  - professional_accounting",
        "acc,none": 0.23404255319148937,
        "acc_stderr,none": 0.025257861359432407
    },
    "mmlu_professional_medicine": {
        "alias": "  - professional_medicine",
        "acc,none": 0.22794117647058823,
        "acc_stderr,none": 0.025483081468029804
    },
    "mmlu_virology": {
        "alias": "  - virology",
        "acc,none": 0.2891566265060241,
        "acc_stderr,none": 0.03529486801511115
    },
    "mmlu_social_sciences": {
        "acc,none": 0.22781930451738708,
        "acc_stderr,none": 0.007564455329453854,
        "alias": " - social sciences"
    },
    "mmlu_econometrics": {
        "alias": "  - econometrics",
        "acc,none": 0.2631578947368421,
        "acc_stderr,none": 0.04142439719489362
    },
    "mmlu_high_school_geography": {
        "alias": "  - high_school_geography",
        "acc,none": 0.18181818181818182,
        "acc_stderr,none": 0.027479603010538787
    },
    "mmlu_high_school_government_and_politics": {
        "alias": "  - high_school_government_and_politics",
        "acc,none": 0.19170984455958548,
        "acc_stderr,none": 0.02840895362624527
    },
    "mmlu_high_school_macroeconomics": {
        "alias": "  - high_school_macroeconomics",
        "acc,none": 0.23846153846153847,
        "acc_stderr,none": 0.02160629449464773
    },
    "mmlu_high_school_microeconomics": {
        "alias": "  - high_school_microeconomics",
        "acc,none": 0.226890756302521,
        "acc_stderr,none": 0.027205371538279472
    },
    "mmlu_high_school_psychology": {
        "alias": "  - high_school_psychology",
        "acc,none": 0.21651376146788992,
        "acc_stderr,none": 0.01765871059444313
    },
    "mmlu_human_sexuality": {
        "alias": "  - human_sexuality",
        "acc,none": 0.2748091603053435,
        "acc_stderr,none": 0.03915345408847835
    },
    "mmlu_professional_psychology": {
        "alias": "  - professional_psychology",
        "acc,none": 0.24509803921568626,
        "acc_stderr,none": 0.017401816711427657
    },
    "mmlu_public_relations": {
        "alias": "  - public_relations",
        "acc,none": 0.19090909090909092,
        "acc_stderr,none": 0.03764425585984926
    },
    "mmlu_security_studies": {
        "alias": "  - security_studies",
        "acc,none": 0.2163265306122449,
        "acc_stderr,none": 0.026358916334904017
    },
    "mmlu_sociology": {
        "alias": "  - sociology",
        "acc,none": 0.24378109452736318,
        "acc_stderr,none": 0.030360490154014652
    },
    "mmlu_us_foreign_policy": {
        "alias": "  - us_foreign_policy",
        "acc,none": 0.24,
        "acc_stderr,none": 0.042923469599092816
    },
    "mmlu_stem": {
        "acc,none": 0.22518236600063432,
        "acc_stderr,none": 0.007425483435725495,
        "alias": " - stem"
    },
    "mmlu_abstract_algebra": {
        "alias": "  - abstract_algebra",
        "acc,none": 0.24,
        "acc_stderr,none": 0.042923469599092816
    },
    "mmlu_anatomy": {
        "alias": "  - anatomy",
        "acc,none": 0.23703703703703705,
        "acc_stderr,none": 0.03673731683969506
    },
    "mmlu_astronomy": {
        "alias": "  - astronomy",
        "acc,none": 0.17763157894736842,
        "acc_stderr,none": 0.031103182383123398
    },
    "mmlu_college_biology": {
        "alias": "  - college_biology",
        "acc,none": 0.22916666666666666,
        "acc_stderr,none": 0.03514697467862388
    },
    "mmlu_college_chemistry": {
        "alias": "  - college_chemistry",
        "acc,none": 0.18,
        "acc_stderr,none": 0.038612291966536955
    },
    "mmlu_college_computer_science": {
        "alias": "  - college_computer_science",
        "acc,none": 0.23,