{
    "mmlu": {
        "acc,none": 0.3078621279020083,
        "acc_stderr,none": 0.003871156533699217,
        "alias": "mmlu"
    },
    "mmlu_humanities": {
        "acc,none": 0.28905419766206164,
        "acc_stderr,none": 0.006571674901200098,
        "alias": " - humanities"
    },
    "mmlu_formal_logic": {
        "alias": "  - formal_logic",
        "acc,none": 0.2698412698412698,
        "acc_stderr,none": 0.03970158273235172
    },
    "mmlu_high_school_european_history": {
        "alias": "  - high_school_european_history",
        "acc,none": 0.40606060606060607,
        "acc_stderr,none": 0.03834816355401181
    },
    "mmlu_high_school_us_history": {
        "alias": "  - high_school_us_history",
        "acc,none": 0.3627450980392157,
        "acc_stderr,none": 0.033744993563193555
    },
    "mmlu_high_school_world_history": {
        "alias": "  - high_school_world_history",
        "acc,none": 0.35864978902953587,
        "acc_stderr,none": 0.031219569445301847
    },
    "mmlu_international_law": {
        "alias": "  - international_law",
        "acc,none": 0.36363636363636365,
        "acc_stderr,none": 0.043913262867240704
    },
    "mmlu_jurisprudence": {
        "alias": "  - jurisprudence",
        "acc,none": 0.28703703703703703,
        "acc_stderr,none": 0.043733130409147614
    },
    "mmlu_logical_fallacies": {
        "alias": "  - logical_fallacies",
        "acc,none": 0.3312883435582822,
        "acc_stderr,none": 0.03697983910025588
    },
    "mmlu_moral_disputes": {
        "alias": "  - moral_disputes",
        "acc,none": 0.28901734104046245,
        "acc_stderr,none": 0.024405173935783234
    },
    "mmlu_moral_scenarios": {
        "alias": "  - moral_scenarios",
        "acc,none": 0.2346368715083799,
        "acc_stderr,none": 0.01417304409830366
    },
    "mmlu_philosophy": {
        "alias": "  - philosophy",
        "acc,none": 0.35691318327974275,
        "acc_stderr,none": 0.027210420375934016
    },
    "mmlu_prehistory": {
        "alias": "  - prehistory",
        "acc,none": 0.31790123456790126,
        "acc_stderr,none": 0.02591006352824086
    },
    "mmlu_professional_law": {
        "alias": "  - professional_law",
        "acc,none": 0.24967405475880053,
        "acc_stderr,none": 0.011054538377832317
    },
    "mmlu_world_religions": {
        "alias": "  - world_religions",
        "acc,none": 0.3742690058479532,
        "acc_stderr,none": 0.03711601185389481
    },
    "mmlu_other": {
        "acc,none": 0.3183134856775024,
        "acc_stderr,none": 0.008296635760145256,
        "alias": " - other"
    },
    "mmlu_business_ethics": {
        "alias": "  - business_ethics",
        "acc,none": 0.3,
        "acc_stderr,none": 0.046056618647183814
    },
    "mmlu_clinical_knowledge": {
        "alias": "  - clinical_knowledge",
        "acc,none": 0.2528301886792453,
        "acc_stderr,none": 0.026749899771241235
    },
    "mmlu_college_medicine": {
        "alias": "  - college_medicine",
        "acc,none": 0.36416184971098264,
        "acc_stderr,none": 0.03669072477416907
    },
    "mmlu_global_facts": {
        "alias": "  - global_facts",
        "acc,none": 0.22,
        "acc_stderr,none": 0.04163331998932269
    },
    "mmlu_human_aging": {
        "alias": "  - human_aging",
        "acc,none": 0.2825112107623318,
        "acc_stderr,none": 0.030216831011508787
    },
    "mmlu_management": {
        "alias": "  - management",
        "acc,none": 0.3300970873786408,
        "acc_stderr,none": 0.0465614711001235
    },
    "mmlu_marketing": {
        "alias": "  - marketing",
        "acc,none": 0.2606837606837607,
        "acc_stderr,none": 0.028760348956523414
    },
    "mmlu_medical_genetics": {
        "alias": "  - medical_genetics",
        "acc,none": 0.37,
        "acc_stderr,none": 0.048523658709391
    },
    "mmlu_miscellaneous": {
        "alias": "  - miscellaneous",
        "acc,none": 0.41379310344827586,
        "acc_stderr,none": 0.017612204084663765
    },
    "mmlu_nutrition": {
        "alias": "  - nutrition",
        "acc,none": 0.27450980392156865,
        "acc_stderr,none": 0.025553169991826514
    },
    "mmlu_professional_accounting": {
        "alias": "  - professional_accounting",
        "acc,none": 0.2801418439716312,
        "acc_stderr,none": 0.026789172351140242
    },
    "mmlu_professional_medicine": {
        "alias": "  - professional_medicine",
        "acc,none": 0.27941176470588236,
        "acc_stderr,none": 0.027257202606114944
    },
    "mmlu_virology": {
        "alias": "  - virology",
        "acc,none": 0.29518072289156627,
        "acc_stderr,none": 0.035509201856896294
    },
    "mmlu_social_sciences": {
        "acc,none": 0.3298667533311667,
        "acc_stderr,none": 0.00844721874592804,
        "alias": " - social sciences"
    },
    "mmlu_econometrics": {
        "alias": "  - econometrics",
        "acc,none": 0.2543859649122807,
        "acc_stderr,none": 0.040969851398436716
    },
    "mmlu_high_school_geography": {
        "alias": "  - high_school_geography",
        "acc,none": 0.3484848484848485,
        "acc_stderr,none": 0.03394853965156402
    },
    "mmlu_high_school_government_and_politics": {
        "alias": "  - high_school_government_and_politics",
        "acc,none": 0.38341968911917096,
        "acc_stderr,none": 0.03508984236295342
    },
    "mmlu_high_school_macroeconomics": {
        "alias": "  - high_school_macroeconomics",
        "acc,none": 0.3282051282051282,
        "acc_stderr,none": 0.023807633198657262
    },
    "mmlu_high_school_microeconomics": {
        "alias": "  - high_school_microeconomics",
        "acc,none": 0.3739495798319328,
        "acc_stderr,none": 0.031429466378837076
    },
    "mmlu_high_school_psychology": {
        "alias": "  - high_school_psychology",
        "acc,none": 0.4,
        "acc_stderr,none": 0.021004201260420078
    },
    "mmlu_human_sexuality": {
        "alias": "  - human_sexuality",
        "acc,none": 0.33587786259541985,
        "acc_stderr,none": 0.041423137719966634
    },
    "mmlu_professional_psychology": {
        "alias": "  - professional_psychology",
        "acc,none": 0.29248366013071897,
        "acc_stderr,none": 0.018403415710109797
    },
    "mmlu_public_relations": {
        "alias": "  - public_relations",
        "acc,none": 0.2909090909090909,
        "acc_stderr,none": 0.04350271442923243
    },
    "mmlu_security_studies": {
        "alias": "  - security_studies",
        "acc,none": 0.2530612244897959,
        "acc_stderr,none": 0.027833023871399694
    },
    "mmlu_sociology": {
        "alias": "  - sociology",
        "acc,none": 0.2885572139303483,
        "acc_stderr,none": 0.0320384104021332
    },
    "mmlu_us_foreign_policy": {
        "alias": "  - us_foreign_policy",
        "acc,none": 0.33,
        "acc_stderr,none": 0.047258156262526045
    },
    "mmlu_stem": {
        "acc,none": 0.3041547732318427,
        "acc_stderr,none": 0.00814055241315078,
        "alias": " - stem"
    },
    "mmlu_abstract_algebra": {
        "alias": "  - abstract_algebra",
        "acc,none": 0.23,
        "acc_stderr,none": 0.042295258468165065
    },
    "mmlu_anatomy": {
        "alias": "  - anatomy",
        "acc,none": 0.35555555555555557,
        "acc_stderr,none": 0.04135176749720386
    },
    "mmlu_astronomy": {
        "alias": "  - astronomy",
        "acc,none": 0.3092105263157895,
        "acc_stderr,none": 0.03761070869867479
    },
    "mmlu_college_biology": {
        "alias": "  - college_biology",
        "acc,none": 0.3194444444444444,
        "acc_stderr,none": 0.038990736873573344
    },
    "mmlu_college_chemistry": {
        "alias": "  - college_chemistry",
        "acc,none": 0.27,
        "acc_stderr,none": 0.044619604333847394
    },
    "mmlu_college_computer_science": {
        "alias": "  - college_computer_science",
        "acc,none": 0.36,