{
    "mmlu": {
        "acc,none": 0.6105255661586668,
        "acc_stderr,none": 0.0038466498368561123,
        "alias": "mmlu"
    },
    "mmlu_humanities": {
        "acc,none": 0.5547290116896918,
        "acc_stderr,none": 0.006674054922207638,
        "alias": " - humanities"
    },
    "mmlu_formal_logic": {
        "alias": "  - formal_logic",
        "acc,none": 0.3968253968253968,
        "acc_stderr,none": 0.04375888492727062
    },
    "mmlu_high_school_european_history": {
        "alias": "  - high_school_european_history",
        "acc,none": 0.7515151515151515,
        "acc_stderr,none": 0.03374402644139404
    },
    "mmlu_high_school_us_history": {
        "alias": "  - high_school_us_history",
        "acc,none": 0.7843137254901961,
        "acc_stderr,none": 0.028867431449849303
    },
    "mmlu_high_school_world_history": {
        "alias": "  - high_school_world_history",
        "acc,none": 0.759493670886076,
        "acc_stderr,none": 0.027820781981149678
    },
    "mmlu_international_law": {
        "alias": "  - international_law",
        "acc,none": 0.7768595041322314,
        "acc_stderr,none": 0.03800754475228733
    },
    "mmlu_jurisprudence": {
        "alias": "  - jurisprudence",
        "acc,none": 0.75,
        "acc_stderr,none": 0.04186091791394607
    },
    "mmlu_logical_fallacies": {
        "alias": "  - logical_fallacies",
        "acc,none": 0.7791411042944786,
        "acc_stderr,none": 0.03259177392742178
    },
    "mmlu_moral_disputes": {
        "alias": "  - moral_disputes",
        "acc,none": 0.7167630057803468,
        "acc_stderr,none": 0.02425790170532337
    },
    "mmlu_moral_scenarios": {
        "alias": "  - moral_scenarios",
        "acc,none": 0.2636871508379888,
        "acc_stderr,none": 0.01473692638376197
    },
    "mmlu_philosophy": {
        "alias": "  - philosophy",
        "acc,none": 0.7041800643086816,
        "acc_stderr,none": 0.025922371788818788
    },
    "mmlu_prehistory": {
        "alias": "  - prehistory",
        "acc,none": 0.7469135802469136,
        "acc_stderr,none": 0.024191808600713002
    },
    "mmlu_professional_law": {
        "alias": "  - professional_law",
        "acc,none": 0.46088657105606257,
        "acc_stderr,none": 0.012731102790504519
    },
    "mmlu_world_religions": {
        "alias": "  - world_religions",
        "acc,none": 0.8304093567251462,
        "acc_stderr,none": 0.02878210810540171
    },
    "mmlu_other": {
        "acc,none": 0.6890891535243,
        "acc_stderr,none": 0.007979100525677088,
        "alias": " - other"
    },
    "mmlu_business_ethics": {
        "alias": "  - business_ethics",
        "acc,none": 0.53,
        "acc_stderr,none": 0.05016135580465919
    },
    "mmlu_clinical_knowledge": {
        "alias": "  - clinical_knowledge",
        "acc,none": 0.6716981132075471,
        "acc_stderr,none": 0.02890159361241178
    },
    "mmlu_college_medicine": {
        "alias": "  - college_medicine",
        "acc,none": 0.6069364161849711,
        "acc_stderr,none": 0.0372424959581773
    },
    "mmlu_global_facts": {
        "alias": "  - global_facts",
        "acc,none": 0.33,
        "acc_stderr,none": 0.047258156262526045
    },
    "mmlu_human_aging": {
        "alias": "  - human_aging",
        "acc,none": 0.7130044843049327,
        "acc_stderr,none": 0.030360379710291964
    },
    "mmlu_management": {
        "alias": "  - management",
        "acc,none": 0.8058252427184466,
        "acc_stderr,none": 0.03916667762822584
    },
    "mmlu_marketing": {
        "alias": "  - marketing",
        "acc,none": 0.8547008547008547,
        "acc_stderr,none": 0.023086635086841407
    },
    "mmlu_medical_genetics": {
        "alias": "  - medical_genetics",
        "acc,none": 0.73,
        "acc_stderr,none": 0.0446196043338474
    },
    "mmlu_miscellaneous": {
        "alias": "  - miscellaneous",
        "acc,none": 0.8045977011494253,
        "acc_stderr,none": 0.014179171373424384
    },
    "mmlu_nutrition": {
        "alias": "  - nutrition",
        "acc,none": 0.738562091503268,
        "acc_stderr,none": 0.025160998214292456
    },
    "mmlu_professional_accounting": {
        "alias": "  - professional_accounting",
        "acc,none": 0.4574468085106383,
        "acc_stderr,none": 0.029719281272236844
    },
    "mmlu_professional_medicine": {
        "alias": "  - professional_medicine",
        "acc,none": 0.6470588235294118,
        "acc_stderr,none": 0.029029422815681407
    },
    "mmlu_virology": {
        "alias": "  - virology",
        "acc,none": 0.5783132530120482,
        "acc_stderr,none": 0.03844453181770917
    },
    "mmlu_social_sciences": {
        "acc,none": 0.7195320116997075,
        "acc_stderr,none": 0.00792865280632125,
        "alias": " - social sciences"
    },
    "mmlu_econometrics": {
        "alias": "  - econometrics",
        "acc,none": 0.47368421052631576,
        "acc_stderr,none": 0.046970851366478626
    },
    "mmlu_high_school_geography": {
        "alias": "  - high_school_geography",
        "acc,none": 0.7727272727272727,
        "acc_stderr,none": 0.029857515673386396
    },
    "mmlu_high_school_government_and_politics": {
        "alias": "  - high_school_government_and_politics",
        "acc,none": 0.8704663212435233,
        "acc_stderr,none": 0.024233532297758716
    },
    "mmlu_high_school_macroeconomics": {
        "alias": "  - high_school_macroeconomics",
        "acc,none": 0.6333333333333333,
        "acc_stderr,none": 0.024433016466052455
    },
    "mmlu_high_school_microeconomics": {
        "alias": "  - high_school_microeconomics",
        "acc,none": 0.6596638655462185,
        "acc_stderr,none": 0.030778057422931673
    },
    "mmlu_high_school_psychology": {
        "alias": "  - high_school_psychology",
        "acc,none": 0.8073394495412844,
        "acc_stderr,none": 0.016909276884936115
    },
    "mmlu_human_sexuality": {
        "alias": "  - human_sexuality",
        "acc,none": 0.7862595419847328,
        "acc_stderr,none": 0.0359546161177469
    },
    "mmlu_professional_psychology": {
        "alias": "  - professional_psychology",
        "acc,none": 0.6535947712418301,
        "acc_stderr,none": 0.019249785691717203
    },
    "mmlu_public_relations": {
        "alias": "  - public_relations",
        "acc,none": 0.6181818181818182,
        "acc_stderr,none": 0.046534298079135075
    },
    "mmlu_security_studies": {
        "alias": "  - security_studies",
        "acc,none": 0.7142857142857143,
        "acc_stderr,none": 0.02892058322067558
    },
    "mmlu_sociology": {
        "alias": "  - sociology",
        "acc,none": 0.8009950248756219,
        "acc_stderr,none": 0.028231365092758406
    },
    "mmlu_us_foreign_policy": {
        "alias": "  - us_foreign_policy",
        "acc,none": 0.88,
        "acc_stderr,none": 0.03265986323710906
    },
    "mmlu_stem": {
        "acc,none": 0.5099904852521409,
        "acc_stderr,none": 0.008521311527880356,
        "alias": " - stem"
    },
    "mmlu_abstract_algebra": {
        "alias": "  - abstract_algebra",
        "acc,none": 0.33,
        "acc_stderr,none": 0.047258156262526045
    },
    "mmlu_anatomy": {
        "alias": "  - anatomy",
        "acc,none": 0.6074074074074074,
        "acc_stderr,none": 0.042185062153688786
    },
    "mmlu_astronomy": {
        "alias": "  - astronomy",
        "acc,none": 0.6644736842105263,
        "acc_stderr,none": 0.03842498559395268
    },
    "mmlu_college_biology": {
        "alias": "  - college_biology",
        "acc,none": 0.7152777777777778,
        "acc_stderr,none": 0.03773809990686935
    },
    "mmlu_college_chemistry": {
        "alias": "  - college_chemistry",
        "acc,none": 0.47,
        "acc_stderr,none": 0.05016135580465919
    },
    "mmlu_college_computer_science": {
        "alias": "  - college_computer_science",
        "acc,none": 0.46,
        "acc_stderr,none": 0.05009082659620333
    },