{
    "mmlu": {
        "acc,none": 0.25872382851445663,
        "acc_stderr,none": 0.0036762296887158396,
        "alias": "mmlu"
    },
    "mmlu_humanities": {
        "acc,none": 0.24654622741764082,
        "acc_stderr,none": 0.006277457388187073,
        "alias": " - humanities"
    },
    "mmlu_formal_logic": {
        "alias": "  - formal_logic",
        "acc,none": 0.1746031746031746,
        "acc_stderr,none": 0.03395490020856113
    },
    "mmlu_high_school_european_history": {
        "alias": "  - high_school_european_history",
        "acc,none": 0.30303030303030304,
        "acc_stderr,none": 0.03588624800091707
    },
    "mmlu_high_school_us_history": {
        "alias": "  - high_school_us_history",
        "acc,none": 0.2696078431372549,
        "acc_stderr,none": 0.031145570659486782
    },
    "mmlu_high_school_world_history": {
        "alias": "  - high_school_world_history",
        "acc,none": 0.22362869198312235,
        "acc_stderr,none": 0.027123298205229972
    },
    "mmlu_international_law": {
        "alias": "  - international_law",
        "acc,none": 0.21487603305785125,
        "acc_stderr,none": 0.03749492448709697
    },
    "mmlu_jurisprudence": {
        "alias": "  - jurisprudence",
        "acc,none": 0.2037037037037037,
        "acc_stderr,none": 0.03893542518824847
    },
    "mmlu_logical_fallacies": {
        "alias": "  - logical_fallacies",
        "acc,none": 0.31901840490797545,
        "acc_stderr,none": 0.03661997551073836
    },
    "mmlu_moral_disputes": {
        "alias": "  - moral_disputes",
        "acc,none": 0.26011560693641617,
        "acc_stderr,none": 0.023618678310069356
    },
    "mmlu_moral_scenarios": {
        "alias": "  - moral_scenarios",
        "acc,none": 0.2346368715083799,
        "acc_stderr,none": 0.014173044098303665
    },
    "mmlu_philosophy": {
        "alias": "  - philosophy",
        "acc,none": 0.2990353697749196,
        "acc_stderr,none": 0.026003301117885135
    },
    "mmlu_prehistory": {
        "alias": "  - prehistory",
        "acc,none": 0.24691358024691357,
        "acc_stderr,none": 0.02399350170904213
    },
    "mmlu_professional_law": {
        "alias": "  - professional_law",
        "acc,none": 0.23402868318122555,
        "acc_stderr,none": 0.010813585552659688
    },
    "mmlu_world_religions": {
        "alias": "  - world_religions",
        "acc,none": 0.2807017543859649,
        "acc_stderr,none": 0.034462962170884265
    },
    "mmlu_other": {
        "acc,none": 0.2500804634695848,
        "acc_stderr,none": 0.007686346640962527,
        "alias": " - other"
    },
    "mmlu_business_ethics": {
        "alias": "  - business_ethics",
        "acc,none": 0.23,
        "acc_stderr,none": 0.04229525846816506
    },
    "mmlu_clinical_knowledge": {
        "alias": "  - clinical_knowledge",
        "acc,none": 0.26037735849056604,
        "acc_stderr,none": 0.02700876609070809
    },
    "mmlu_college_medicine": {
        "alias": "  - college_medicine",
        "acc,none": 0.2138728323699422,
        "acc_stderr,none": 0.031265112061730424
    },
    "mmlu_global_facts": {
        "alias": "  - global_facts",
        "acc,none": 0.27,
        "acc_stderr,none": 0.04461960433384739
    },
    "mmlu_human_aging": {
        "alias": "  - human_aging",
        "acc,none": 0.17937219730941703,
        "acc_stderr,none": 0.025749819569192794
    },
    "mmlu_management": {
        "alias": "  - management",
        "acc,none": 0.22330097087378642,
        "acc_stderr,none": 0.04123553189891431
    },
    "mmlu_marketing": {
        "alias": "  - marketing",
        "acc,none": 0.1794871794871795,
        "acc_stderr,none": 0.025140935950335445
    },
    "mmlu_medical_genetics": {
        "alias": "  - medical_genetics",
        "acc,none": 0.29,
        "acc_stderr,none": 0.04560480215720683
    },
    "mmlu_miscellaneous": {
        "alias": "  - miscellaneous",
        "acc,none": 0.22349936143039592,
        "acc_stderr,none": 0.014897235229450708
    },
    "mmlu_nutrition": {
        "alias": "  - nutrition",
        "acc,none": 0.28104575163398693,
        "acc_stderr,none": 0.025738854797818726
    },
    "mmlu_professional_accounting": {
        "alias": "  - professional_accounting",
        "acc,none": 0.24822695035460993,
        "acc_stderr,none": 0.025770015644290392
    },
    "mmlu_professional_medicine": {
        "alias": "  - professional_medicine",
        "acc,none": 0.4485294117647059,
        "acc_stderr,none": 0.030211479609121593
    },
    "mmlu_virology": {
        "alias": "  - virology",
        "acc,none": 0.20481927710843373,
        "acc_stderr,none": 0.03141784291663926
    },
    "mmlu_social_sciences": {
        "acc,none": 0.28599285017874554,
        "acc_stderr,none": 0.00810936884132533,
        "alias": " - social sciences"
    },
    "mmlu_econometrics": {
        "alias": "  - econometrics",
        "acc,none": 0.2543859649122807,
        "acc_stderr,none": 0.040969851398436716
    },
    "mmlu_high_school_geography": {
        "alias": "  - high_school_geography",
        "acc,none": 0.26262626262626265,
        "acc_stderr,none": 0.03135305009533088
    },
    "mmlu_high_school_government_and_politics": {
        "alias": "  - high_school_government_and_politics",
        "acc,none": 0.31088082901554404,
        "acc_stderr,none": 0.033403619062765864
    },
    "mmlu_high_school_macroeconomics": {
        "alias": "  - high_school_macroeconomics",
        "acc,none": 0.2794871794871795,
        "acc_stderr,none": 0.022752388839776826
    },
    "mmlu_high_school_microeconomics": {
        "alias": "  - high_school_microeconomics",
        "acc,none": 0.18487394957983194,
        "acc_stderr,none": 0.025215992877954202
    },
    "mmlu_high_school_psychology": {
        "alias": "  - high_school_psychology",
        "acc,none": 0.30825688073394497,
        "acc_stderr,none": 0.019798366698367254
    },
    "mmlu_human_sexuality": {
        "alias": "  - human_sexuality",
        "acc,none": 0.32061068702290074,
        "acc_stderr,none": 0.04093329229834278
    },
    "mmlu_professional_psychology": {
        "alias": "  - professional_psychology",
        "acc,none": 0.26143790849673204,
        "acc_stderr,none": 0.01777694715752803
    },
    "mmlu_public_relations": {
        "alias": "  - public_relations",
        "acc,none": 0.21818181818181817,
        "acc_stderr,none": 0.039559328617958335
    },
    "mmlu_security_studies": {
        "alias": "  - security_studies",
        "acc,none": 0.4122448979591837,
        "acc_stderr,none": 0.031512360446742806
    },
    "mmlu_sociology": {
        "alias": "  - sociology",
        "acc,none": 0.2935323383084577,
        "acc_stderr,none": 0.032200241045342054
    },
    "mmlu_us_foreign_policy": {
        "alias": "  - us_foreign_policy",
        "acc,none": 0.32,
        "acc_stderr,none": 0.046882617226215034
    },
    "mmlu_stem": {
        "acc,none": 0.2588011417697431,
        "acc_stderr,none": 0.00776562544485349,
        "alias": " - stem"
    },
    "mmlu_abstract_algebra": {
        "alias": "  - abstract_algebra",
        "acc,none": 0.27,
        "acc_stderr,none": 0.044619604333847394
    },
    "mmlu_anatomy": {
        "alias": "  - anatomy",
        "acc,none": 0.25925925925925924,
        "acc_stderr,none": 0.03785714465066653
    },
    "mmlu_astronomy": {
        "alias": "  - astronomy",
        "acc,none": 0.25,
        "acc_stderr,none": 0.03523807393012047
    },
    "mmlu_college_biology": {
        "alias": "  - college_biology",
        "acc,none": 0.2916666666666667,
        "acc_stderr,none": 0.03800968060554857
    },
    "mmlu_college_chemistry": {
        "alias": "  - college_chemistry",
        "acc,none": 0.21,
        "acc_stderr,none": 0.040936018074033256
    },
    "mmlu_college_computer_science": {
        "alias": "  - college_computer_science",
        "acc,none": 0.22,