{
    "mmlu": {
        "acc,none": 0.22831505483549352,
        "acc_stderr,none": 0.0035184355046547736,
        "alias": "mmlu"
    },
    "mmlu_humanities": {
        "acc,none": 0.20913921360255047,
        "acc_stderr,none": 0.005864313066929909,
        "alias": " - humanities"
    },
    "mmlu_formal_logic": {
        "alias": "  - formal_logic",
        "acc,none": 0.25396825396825395,
        "acc_stderr,none": 0.03893259610604674
    },
    "mmlu_high_school_european_history": {
        "alias": "  - high_school_european_history",
        "acc,none": 0.17575757575757575,
        "acc_stderr,none": 0.02972094300622445
    },
    "mmlu_high_school_us_history": {
        "alias": "  - high_school_us_history",
        "acc,none": 0.25980392156862747,
        "acc_stderr,none": 0.030778554678693247
    },
    "mmlu_high_school_world_history": {
        "alias": "  - high_school_world_history",
        "acc,none": 0.2489451476793249,
        "acc_stderr,none": 0.028146970599422644
    },
    "mmlu_international_law": {
        "alias": "  - international_law",
        "acc,none": 0.2066115702479339,
        "acc_stderr,none": 0.036959801280988254
    },
    "mmlu_jurisprudence": {
        "alias": "  - jurisprudence",
        "acc,none": 0.26851851851851855,
        "acc_stderr,none": 0.04284467968052192
    },
    "mmlu_logical_fallacies": {
        "alias": "  - logical_fallacies",
        "acc,none": 0.2392638036809816,
        "acc_stderr,none": 0.033519538795212696
    },
    "mmlu_moral_disputes": {
        "alias": "  - moral_disputes",
        "acc,none": 0.17630057803468208,
        "acc_stderr,none": 0.020516425672490724
    },
    "mmlu_moral_scenarios": {
        "alias": "  - moral_scenarios",
        "acc,none": 0.10614525139664804,
        "acc_stderr,none": 0.010301844766629882
    },
    "mmlu_philosophy": {
        "alias": "  - philosophy",
        "acc,none": 0.22186495176848875,
        "acc_stderr,none": 0.02359885829286305
    },
    "mmlu_prehistory": {
        "alias": "  - prehistory",
        "acc,none": 0.24382716049382716,
        "acc_stderr,none": 0.023891879541959607
    },
    "mmlu_professional_law": {
        "alias": "  - professional_law",
        "acc,none": 0.22490221642764016,
        "acc_stderr,none": 0.010663604709948298
    },
    "mmlu_world_religions": {
        "alias": "  - world_religions",
        "acc,none": 0.40350877192982454,
        "acc_stderr,none": 0.03762738699917056
    },
    "mmlu_other": {
        "acc,none": 0.24879304795622786,
        "acc_stderr,none": 0.0077273193211657605,
        "alias": " - other"
    },
    "mmlu_business_ethics": {
        "alias": "  - business_ethics",
        "acc,none": 0.28,
        "acc_stderr,none": 0.04512608598542127
    },
    "mmlu_clinical_knowledge": {
        "alias": "  - clinical_knowledge",
        "acc,none": 0.24150943396226415,
        "acc_stderr,none": 0.026341480371118362
    },
    "mmlu_college_medicine": {
        "alias": "  - college_medicine",
        "acc,none": 0.2023121387283237,
        "acc_stderr,none": 0.030631145539198813
    },
    "mmlu_global_facts": {
        "alias": "  - global_facts",
        "acc,none": 0.16,
        "acc_stderr,none": 0.03684529491774707
    },
    "mmlu_human_aging": {
        "alias": "  - human_aging",
        "acc,none": 0.30493273542600896,
        "acc_stderr,none": 0.030898610882477515
    },
    "mmlu_management": {
        "alias": "  - management",
        "acc,none": 0.33980582524271846,
        "acc_stderr,none": 0.04689765937278135
    },
    "mmlu_marketing": {
        "alias": "  - marketing",
        "acc,none": 0.29914529914529914,
        "acc_stderr,none": 0.02999695185834948
    },
    "mmlu_medical_genetics": {
        "alias": "  - medical_genetics",
        "acc,none": 0.35,
        "acc_stderr,none": 0.04793724854411019
    },
    "mmlu_miscellaneous": {
        "alias": "  - miscellaneous",
        "acc,none": 0.25925925925925924,
        "acc_stderr,none": 0.015671006009339586
    },
    "mmlu_nutrition": {
        "alias": "  - nutrition",
        "acc,none": 0.23202614379084968,
        "acc_stderr,none": 0.024170840879341023
    },
    "mmlu_professional_accounting": {
        "alias": "  - professional_accounting",
        "acc,none": 0.20212765957446807,
        "acc_stderr,none": 0.023956668237850243
    },
    "mmlu_professional_medicine": {
        "alias": "  - professional_medicine",
        "acc,none": 0.17647058823529413,
        "acc_stderr,none": 0.023157468308559345
    },
    "mmlu_virology": {
        "alias": "  - virology",
        "acc,none": 0.25903614457831325,
        "acc_stderr,none": 0.03410646614071856
    },
    "mmlu_social_sciences": {
        "acc,none": 0.2567435814104647,
        "acc_stderr,none": 0.007843933072009087,
        "alias": " - social sciences"
    },
    "mmlu_econometrics": {
        "alias": "  - econometrics",
        "acc,none": 0.2543859649122807,
        "acc_stderr,none": 0.040969851398436695
    },
    "mmlu_high_school_geography": {
        "alias": "  - high_school_geography",
        "acc,none": 0.23737373737373738,
        "acc_stderr,none": 0.03031371053819889
    },
    "mmlu_high_school_government_and_politics": {
        "alias": "  - high_school_government_and_politics",
        "acc,none": 0.31088082901554404,
        "acc_stderr,none": 0.03340361906276585
    },
    "mmlu_high_school_macroeconomics": {
        "alias": "  - high_school_macroeconomics",
        "acc,none": 0.26666666666666666,
        "acc_stderr,none": 0.02242127361292371
    },
    "mmlu_high_school_microeconomics": {
        "alias": "  - high_school_microeconomics",
        "acc,none": 0.3235294117647059,
        "acc_stderr,none": 0.030388353551886838
    },
    "mmlu_high_school_psychology": {
        "alias": "  - high_school_psychology",
        "acc,none": 0.27889908256880735,
        "acc_stderr,none": 0.01922746887646351
    },
    "mmlu_human_sexuality": {
        "alias": "  - human_sexuality",
        "acc,none": 0.22137404580152673,
        "acc_stderr,none": 0.03641297081313728
    },
    "mmlu_professional_psychology": {
        "alias": "  - professional_psychology",
        "acc,none": 0.20751633986928106,
        "acc_stderr,none": 0.016405924270103234
    },
    "mmlu_public_relations": {
        "alias": "  - public_relations",
        "acc,none": 0.18181818181818182,
        "acc_stderr,none": 0.036942843353378
    },
    "mmlu_security_studies": {
        "alias": "  - security_studies",
        "acc,none": 0.19183673469387755,
        "acc_stderr,none": 0.025206963154225392
    },
    "mmlu_sociology": {
        "alias": "  - sociology",
        "acc,none": 0.30845771144278605,
        "acc_stderr,none": 0.03265819588512698
    },
    "mmlu_us_foreign_policy": {
        "alias": "  - us_foreign_policy",
        "acc,none": 0.36,
        "acc_stderr,none": 0.04824181513244218
    },
    "mmlu_stem": {
        "acc,none": 0.20900729464002538,
        "acc_stderr,none": 0.007237208660631357,
        "alias": " - stem"
    },
    "mmlu_abstract_algebra": {
        "alias": "  - abstract_algebra",
        "acc,none": 0.24,
        "acc_stderr,none": 0.04292346959909283
    },
    "mmlu_anatomy": {
        "alias": "  - anatomy",
        "acc,none": 0.2,
        "acc_stderr,none": 0.03455473702325437
    },
    "mmlu_astronomy": {
        "alias": "  - astronomy",
        "acc,none": 0.21710526315789475,
        "acc_stderr,none": 0.03355045304882924
    },
    "mmlu_college_biology": {
        "alias": "  - college_biology",
        "acc,none": 0.2916666666666667,
        "acc_stderr,none": 0.03800968060554858
    },
    "mmlu_college_chemistry": {
        "alias": "  - college_chemistry",
        "acc,none": 0.23,
        "acc_stderr,none": 0.04229525846816506
    },
    "mmlu_college_computer_science": {
        "alias": "  - college_computer_science",
        "acc,none": 0.21,