{
    "mmlu": {
        "acc,none": 0.44779945876655747,
        "acc_stderr,none": 0.004085071699329041,
        "alias": "mmlu"
    },
    "mmlu_humanities": {
        "acc,none": 0.42231668437832093,
        "acc_stderr,none": 0.0069731920654703995,
        "alias": " - humanities"
    },
    "mmlu_formal_logic": {
        "alias": "  - formal_logic",
        "acc,none": 0.30952380952380953,
        "acc_stderr,none": 0.04134913018303316
    },
    "mmlu_high_school_european_history": {
        "alias": "  - high_school_european_history",
        "acc,none": 0.6787878787878788,
        "acc_stderr,none": 0.03646204963253813
    },
    "mmlu_high_school_us_history": {
        "alias": "  - high_school_us_history",
        "acc,none": 0.6323529411764706,
        "acc_stderr,none": 0.03384132045674119
    },
    "mmlu_high_school_world_history": {
        "alias": "  - high_school_world_history",
        "acc,none": 0.620253164556962,
        "acc_stderr,none": 0.031591887529658504
    },
    "mmlu_international_law": {
        "alias": "  - international_law",
        "acc,none": 0.5041322314049587,
        "acc_stderr,none": 0.04564198767432754
    },
    "mmlu_jurisprudence": {
        "alias": "  - jurisprudence",
        "acc,none": 0.4444444444444444,
        "acc_stderr,none": 0.04803752235190193
    },
    "mmlu_logical_fallacies": {
        "alias": "  - logical_fallacies",
        "acc,none": 0.5398773006134969,
        "acc_stderr,none": 0.03915857291436971
    },
    "mmlu_moral_disputes": {
        "alias": "  - moral_disputes",
        "acc,none": 0.4884393063583815,
        "acc_stderr,none": 0.02691189868637792
    },
    "mmlu_moral_scenarios": {
        "alias": "  - moral_scenarios",
        "acc,none": 0.3318435754189944,
        "acc_stderr,none": 0.015748421208187306
    },
    "mmlu_philosophy": {
        "alias": "  - philosophy",
        "acc,none": 0.4790996784565916,
        "acc_stderr,none": 0.028373270961069414
    },
    "mmlu_prehistory": {
        "alias": "  - prehistory",
        "acc,none": 0.4660493827160494,
        "acc_stderr,none": 0.027756535257347666
    },
    "mmlu_professional_law": {
        "alias": "  - professional_law",
        "acc,none": 0.31290743155149936,
        "acc_stderr,none": 0.011842529823062995
    },
    "mmlu_world_religions": {
        "alias": "  - world_religions",
        "acc,none": 0.6842105263157895,
        "acc_stderr,none": 0.03565079670708311
    },
    "mmlu_other": {
        "acc,none": 0.47473447055037016,
        "acc_stderr,none": 0.008786440677610934,
        "alias": " - other"
    },
    "mmlu_business_ethics": {
        "alias": "  - business_ethics",
        "acc,none": 0.47,
        "acc_stderr,none": 0.05016135580465919
    },
    "mmlu_clinical_knowledge": {
        "alias": "  - clinical_knowledge",
        "acc,none": 0.42641509433962266,
        "acc_stderr,none": 0.030437794342983045
    },
    "mmlu_college_medicine": {
        "alias": "  - college_medicine",
        "acc,none": 0.4277456647398844,
        "acc_stderr,none": 0.03772446857518026
    },
    "mmlu_global_facts": {
        "alias": "  - global_facts",
        "acc,none": 0.28,
        "acc_stderr,none": 0.04512608598542127
    },
    "mmlu_human_aging": {
        "alias": "  - human_aging",
        "acc,none": 0.40358744394618834,
        "acc_stderr,none": 0.03292802819330313
    },
    "mmlu_management": {
        "alias": "  - management",
        "acc,none": 0.5631067961165048,
        "acc_stderr,none": 0.04911147107365777
    },
    "mmlu_marketing": {
        "alias": "  - marketing",
        "acc,none": 0.6709401709401709,
        "acc_stderr,none": 0.03078232157768817
    },
    "mmlu_medical_genetics": {
        "alias": "  - medical_genetics",
        "acc,none": 0.57,
        "acc_stderr,none": 0.049756985195624284
    },
    "mmlu_miscellaneous": {
        "alias": "  - miscellaneous",
        "acc,none": 0.565772669220945,
        "acc_stderr,none": 0.017724589389677785
    },
    "mmlu_nutrition": {
        "alias": "  - nutrition",
        "acc,none": 0.47058823529411764,
        "acc_stderr,none": 0.028580341065138296
    },
    "mmlu_professional_accounting": {
        "alias": "  - professional_accounting",
        "acc,none": 0.34397163120567376,
        "acc_stderr,none": 0.028338017428611337
    },
    "mmlu_professional_medicine": {
        "alias": "  - professional_medicine",
        "acc,none": 0.41544117647058826,
        "acc_stderr,none": 0.029935342707877746
    },
    "mmlu_virology": {
        "alias": "  - virology",
        "acc,none": 0.3253012048192771,
        "acc_stderr,none": 0.03647168523683227
    },
    "mmlu_social_sciences": {
        "acc,none": 0.5251868703282417,
        "acc_stderr,none": 0.008893667350764033,
        "alias": " - social sciences"
    },
    "mmlu_econometrics": {
        "alias": "  - econometrics",
        "acc,none": 0.35964912280701755,
        "acc_stderr,none": 0.04514496132873633
    },
    "mmlu_high_school_geography": {
        "alias": "  - high_school_geography",
        "acc,none": 0.5555555555555556,
        "acc_stderr,none": 0.03540294377095368
    },
    "mmlu_high_school_government_and_politics": {
        "alias": "  - high_school_government_and_politics",
        "acc,none": 0.6632124352331606,
        "acc_stderr,none": 0.03410780251836183
    },
    "mmlu_high_school_macroeconomics": {
        "alias": "  - high_school_macroeconomics",
        "acc,none": 0.4282051282051282,
        "acc_stderr,none": 0.02508830145469483
    },
    "mmlu_high_school_microeconomics": {
        "alias": "  - high_school_microeconomics",
        "acc,none": 0.4579831932773109,
        "acc_stderr,none": 0.03236361111951941
    },
    "mmlu_high_school_psychology": {
        "alias": "  - high_school_psychology",
        "acc,none": 0.5853211009174312,
        "acc_stderr,none": 0.02112290320860259
    },
    "mmlu_human_sexuality": {
        "alias": "  - human_sexuality",
        "acc,none": 0.5114503816793893,
        "acc_stderr,none": 0.043841400240780176
    },
    "mmlu_professional_psychology": {
        "alias": "  - professional_psychology",
        "acc,none": 0.47058823529411764,
        "acc_stderr,none": 0.020192808271433788
    },
    "mmlu_public_relations": {
        "alias": "  - public_relations",
        "acc,none": 0.4636363636363636,
        "acc_stderr,none": 0.047764491623961985
    },
    "mmlu_security_studies": {
        "alias": "  - security_studies",
        "acc,none": 0.5714285714285714,
        "acc_stderr,none": 0.031680911612338825
    },
    "mmlu_sociology": {
        "alias": "  - sociology",
        "acc,none": 0.6616915422885572,
        "acc_stderr,none": 0.033455630703391914
    },
    "mmlu_us_foreign_policy": {
        "alias": "  - us_foreign_policy",
        "acc,none": 0.63,
        "acc_stderr,none": 0.048523658709391
    },
    "mmlu_stem": {
        "acc,none": 0.3837614969869965,
        "acc_stderr,none": 0.008509591212344517,
        "alias": " - stem"
    },
    "mmlu_abstract_algebra": {
        "alias": "  - abstract_algebra",
        "acc,none": 0.28,
        "acc_stderr,none": 0.045126085985421296
    },
    "mmlu_anatomy": {
        "alias": "  - anatomy",
        "acc,none": 0.45925925925925926,
        "acc_stderr,none": 0.04304979692464243
    },
    "mmlu_astronomy": {
        "alias": "  - astronomy",
        "acc,none": 0.5526315789473685,
        "acc_stderr,none": 0.04046336883978249
    },
    "mmlu_college_biology": {
        "alias": "  - college_biology",
        "acc,none": 0.5416666666666666,
        "acc_stderr,none": 0.04166666666666666
    },
    "mmlu_college_chemistry": {
        "alias": "  - college_chemistry",
        "acc,none": 0.34,
        "acc_stderr,none": 0.04760952285695236
    },
    "mmlu_college_computer_science": {
        "alias": "  - college_computer_science",
        "acc,none": 0.47,