{
    "mmlu": {
        "acc,none": 0.6142287423443954,
        "acc_stderr,none": 0.003839222011562322,
        "alias": "mmlu"
    },
    "mmlu_humanities": {
        "acc,none": 0.5574920297555792,
        "acc_stderr,none": 0.006706744425999164,
        "alias": " - humanities"
    },
    "mmlu_formal_logic": {
        "alias": "  - formal_logic",
        "acc,none": 0.3412698412698413,
        "acc_stderr,none": 0.04240799327574926
    },
    "mmlu_high_school_european_history": {
        "alias": "  - high_school_european_history",
        "acc,none": 0.7575757575757576,
        "acc_stderr,none": 0.03346409881055953
    },
    "mmlu_high_school_us_history": {
        "alias": "  - high_school_us_history",
        "acc,none": 0.803921568627451,
        "acc_stderr,none": 0.02786594228663933
    },
    "mmlu_high_school_world_history": {
        "alias": "  - high_school_world_history",
        "acc,none": 0.759493670886076,
        "acc_stderr,none": 0.027820781981149678
    },
    "mmlu_international_law": {
        "alias": "  - international_law",
        "acc,none": 0.8099173553719008,
        "acc_stderr,none": 0.035817969517092825
    },
    "mmlu_jurisprudence": {
        "alias": "  - jurisprudence",
        "acc,none": 0.7407407407407407,
        "acc_stderr,none": 0.04236511258094632
    },
    "mmlu_logical_fallacies": {
        "alias": "  - logical_fallacies",
        "acc,none": 0.7730061349693251,
        "acc_stderr,none": 0.03291099578615771
    },
    "mmlu_moral_disputes": {
        "alias": "  - moral_disputes",
        "acc,none": 0.7109826589595376,
        "acc_stderr,none": 0.024405173935783234
    },
    "mmlu_moral_scenarios": {
        "alias": "  - moral_scenarios",
        "acc,none": 0.2927374301675978,
        "acc_stderr,none": 0.015218109544410188
    },
    "mmlu_philosophy": {
        "alias": "  - philosophy",
        "acc,none": 0.6913183279742765,
        "acc_stderr,none": 0.026236965881153252
    },
    "mmlu_prehistory": {
        "alias": "  - prehistory",
        "acc,none": 0.7345679012345679,
        "acc_stderr,none": 0.024569223600460852
    },
    "mmlu_professional_law": {
        "alias": "  - professional_law",
        "acc,none": 0.4589308996088657,
        "acc_stderr,none": 0.012727084826799802
    },
    "mmlu_world_religions": {
        "alias": "  - world_religions",
        "acc,none": 0.8304093567251462,
        "acc_stderr,none": 0.02878210810540171
    },
    "mmlu_other": {
        "acc,none": 0.6993884776311554,
        "acc_stderr,none": 0.007899795004678413,
        "alias": " - other"
    },
    "mmlu_business_ethics": {
        "alias": "  - business_ethics",
        "acc,none": 0.57,
        "acc_stderr,none": 0.04975698519562428
    },
    "mmlu_clinical_knowledge": {
        "alias": "  - clinical_knowledge",
        "acc,none": 0.6792452830188679,
        "acc_stderr,none": 0.02872750295788026
    },
    "mmlu_college_medicine": {
        "alias": "  - college_medicine",
        "acc,none": 0.5953757225433526,
        "acc_stderr,none": 0.03742461193887248
    },
    "mmlu_global_facts": {
        "alias": "  - global_facts",
        "acc,none": 0.36,
        "acc_stderr,none": 0.04824181513244218
    },
    "mmlu_human_aging": {
        "alias": "  - human_aging",
        "acc,none": 0.695067264573991,
        "acc_stderr,none": 0.030898610882477518
    },
    "mmlu_management": {
        "alias": "  - management",
        "acc,none": 0.8349514563106796,
        "acc_stderr,none": 0.036756688322331886
    },
    "mmlu_marketing": {
        "alias": "  - marketing",
        "acc,none": 0.8803418803418803,
        "acc_stderr,none": 0.021262719400406957
    },
    "mmlu_medical_genetics": {
        "alias": "  - medical_genetics",
        "acc,none": 0.72,
        "acc_stderr,none": 0.04512608598542127
    },
    "mmlu_miscellaneous": {
        "alias": "  - miscellaneous",
        "acc,none": 0.8109833971902938,
        "acc_stderr,none": 0.014000791294407
    },
    "mmlu_nutrition": {
        "alias": "  - nutrition",
        "acc,none": 0.7647058823529411,
        "acc_stderr,none": 0.024288619466046112
    },
    "mmlu_professional_accounting": {
        "alias": "  - professional_accounting",
        "acc,none": 0.4787234042553192,
        "acc_stderr,none": 0.029800481645628693
    },
    "mmlu_professional_medicine": {
        "alias": "  - professional_medicine",
        "acc,none": 0.6691176470588235,
        "acc_stderr,none": 0.028582709753898435
    },
    "mmlu_virology": {
        "alias": "  - virology",
        "acc,none": 0.5542168674698795,
        "acc_stderr,none": 0.03869543323472101
    },
    "mmlu_social_sciences": {
        "acc,none": 0.7201819954501137,
        "acc_stderr,none": 0.007931359484087373,
        "alias": " - social sciences"
    },
    "mmlu_econometrics": {
        "alias": "  - econometrics",
        "acc,none": 0.4473684210526316,
        "acc_stderr,none": 0.04677473004491199
    },
    "mmlu_high_school_geography": {
        "alias": "  - high_school_geography",
        "acc,none": 0.7676767676767676,
        "acc_stderr,none": 0.030088629490217487
    },
    "mmlu_high_school_government_and_politics": {
        "alias": "  - high_school_government_and_politics",
        "acc,none": 0.8704663212435233,
        "acc_stderr,none": 0.02423353229775872
    },
    "mmlu_high_school_macroeconomics": {
        "alias": "  - high_school_macroeconomics",
        "acc,none": 0.6358974358974359,
        "acc_stderr,none": 0.02439667298509477
    },
    "mmlu_high_school_microeconomics": {
        "alias": "  - high_school_microeconomics",
        "acc,none": 0.6596638655462185,
        "acc_stderr,none": 0.030778057422931673
    },
    "mmlu_high_school_psychology": {
        "alias": "  - high_school_psychology",
        "acc,none": 0.8036697247706422,
        "acc_stderr,none": 0.01703071933915437
    },
    "mmlu_human_sexuality": {
        "alias": "  - human_sexuality",
        "acc,none": 0.7862595419847328,
        "acc_stderr,none": 0.0359546161177469
    },
    "mmlu_professional_psychology": {
        "alias": "  - professional_psychology",
        "acc,none": 0.6666666666666666,
        "acc_stderr,none": 0.019070985589687495
    },
    "mmlu_public_relations": {
        "alias": "  - public_relations",
        "acc,none": 0.6454545454545455,
        "acc_stderr,none": 0.04582004841505417
    },
    "mmlu_security_studies": {
        "alias": "  - security_studies",
        "acc,none": 0.710204081632653,
        "acc_stderr,none": 0.029043088683304342
    },
    "mmlu_sociology": {
        "alias": "  - sociology",
        "acc,none": 0.7960199004975125,
        "acc_stderr,none": 0.02849317624532607
    },
    "mmlu_us_foreign_policy": {
        "alias": "  - us_foreign_policy",
        "acc,none": 0.86,
        "acc_stderr,none": 0.03487350880197768
    },
    "mmlu_stem": {
        "acc,none": 0.5115762765620044,
        "acc_stderr,none": 0.008466705414501492,
        "alias": " - stem"
    },
    "mmlu_abstract_algebra": {
        "alias": "  - abstract_algebra",
        "acc,none": 0.25,
        "acc_stderr,none": 0.04351941398892446
    },
    "mmlu_anatomy": {
        "alias": "  - anatomy",
        "acc,none": 0.6222222222222222,
        "acc_stderr,none": 0.04188307537595853
    },
    "mmlu_astronomy": {
        "alias": "  - astronomy",
        "acc,none": 0.6578947368421053,
        "acc_stderr,none": 0.03860731599316092
    },
    "mmlu_college_biology": {
        "alias": "  - college_biology",
        "acc,none": 0.7152777777777778,
        "acc_stderr,none": 0.03773809990686935
    },
    "mmlu_college_chemistry": {
        "alias": "  - college_chemistry",
        "acc,none": 0.48,
        "acc_stderr,none": 0.050211673156867795
    },
    "mmlu_college_computer_science": {
        "alias": "  - college_computer_science",
        "acc,none": 0.55,
        "acc_stderr,none": 0.04999999999999999
    },