{
    "mmlu": {
        "acc,none": 0.6246261216350947,
        "acc_stderr,none": 0.0038418487694544053,
        "alias": "mmlu"
    },
    "mmlu_humanities": {
        "acc,none": 0.5679064824654623,
        "acc_stderr,none": 0.006765961138368691,
        "alias": " - humanities"
    },
    "mmlu_formal_logic": {
        "alias": "  - formal_logic",
        "acc,none": 0.4444444444444444,
        "acc_stderr,none": 0.044444444444444495
    },
    "mmlu_high_school_european_history": {
        "alias": "  - high_school_european_history",
        "acc,none": 0.7636363636363637,
        "acc_stderr,none": 0.03317505930009181
    },
    "mmlu_high_school_us_history": {
        "alias": "  - high_school_us_history",
        "acc,none": 0.7990196078431373,
        "acc_stderr,none": 0.028125972265654373
    },
    "mmlu_high_school_world_history": {
        "alias": "  - high_school_world_history",
        "acc,none": 0.7721518987341772,
        "acc_stderr,none": 0.02730348459906944
    },
    "mmlu_international_law": {
        "alias": "  - international_law",
        "acc,none": 0.7851239669421488,
        "acc_stderr,none": 0.03749492448709699
    },
    "mmlu_jurisprudence": {
        "alias": "  - jurisprudence",
        "acc,none": 0.7685185185185185,
        "acc_stderr,none": 0.04077494709252627
    },
    "mmlu_logical_fallacies": {
        "alias": "  - logical_fallacies",
        "acc,none": 0.7852760736196319,
        "acc_stderr,none": 0.032262193772867744
    },
    "mmlu_moral_disputes": {
        "alias": "  - moral_disputes",
        "acc,none": 0.7052023121387283,
        "acc_stderr,none": 0.024547617794803838
    },
    "mmlu_moral_scenarios": {
        "alias": "  - moral_scenarios",
        "acc,none": 0.36201117318435755,
        "acc_stderr,none": 0.01607306735015309
    },
    "mmlu_philosophy": {
        "alias": "  - philosophy",
        "acc,none": 0.7106109324758842,
        "acc_stderr,none": 0.025755865922632924
    },
    "mmlu_prehistory": {
        "alias": "  - prehistory",
        "acc,none": 0.7160493827160493,
        "acc_stderr,none": 0.02508947852376513
    },
    "mmlu_professional_law": {
        "alias": "  - professional_law",
        "acc,none": 0.4380704041720991,
        "acc_stderr,none": 0.012671902782567654
    },
    "mmlu_world_religions": {
        "alias": "  - world_religions",
        "acc,none": 0.847953216374269,
        "acc_stderr,none": 0.027539122889061456
    },
    "mmlu_other": {
        "acc,none": 0.7013196009011908,
        "acc_stderr,none": 0.007884929583624816,
        "alias": " - other"
    },
    "mmlu_business_ethics": {
        "alias": "  - business_ethics",
        "acc,none": 0.57,
        "acc_stderr,none": 0.049756985195624284
    },
    "mmlu_clinical_knowledge": {
        "alias": "  - clinical_knowledge",
        "acc,none": 0.690566037735849,
        "acc_stderr,none": 0.028450154794118634
    },
    "mmlu_college_medicine": {
        "alias": "  - college_medicine",
        "acc,none": 0.630057803468208,
        "acc_stderr,none": 0.036812296333943194
    },
    "mmlu_global_facts": {
        "alias": "  - global_facts",
        "acc,none": 0.34,
        "acc_stderr,none": 0.04760952285695236
    },
    "mmlu_human_aging": {
        "alias": "  - human_aging",
        "acc,none": 0.6905829596412556,
        "acc_stderr,none": 0.03102441174057222
    },
    "mmlu_management": {
        "alias": "  - management",
        "acc,none": 0.8252427184466019,
        "acc_stderr,none": 0.0376017800602662
    },
    "mmlu_marketing": {
        "alias": "  - marketing",
        "acc,none": 0.8803418803418803,
        "acc_stderr,none": 0.021262719400406957
    },
    "mmlu_medical_genetics": {
        "alias": "  - medical_genetics",
        "acc,none": 0.73,
        "acc_stderr,none": 0.0446196043338474
    },
    "mmlu_miscellaneous": {
        "alias": "  - miscellaneous",
        "acc,none": 0.80970625798212,
        "acc_stderr,none": 0.0140369458503814
    },
    "mmlu_nutrition": {
        "alias": "  - nutrition",
        "acc,none": 0.7549019607843137,
        "acc_stderr,none": 0.024630048979824758
    },
    "mmlu_professional_accounting": {
        "alias": "  - professional_accounting",
        "acc,none": 0.4787234042553192,
        "acc_stderr,none": 0.029800481645628693
    },
    "mmlu_professional_medicine": {
        "alias": "  - professional_medicine",
        "acc,none": 0.6911764705882353,
        "acc_stderr,none": 0.028064998167040094
    },
    "mmlu_virology": {
        "alias": "  - virology",
        "acc,none": 0.5421686746987951,
        "acc_stderr,none": 0.038786267710023595
    },
    "mmlu_social_sciences": {
        "acc,none": 0.731556711082223,
        "acc_stderr,none": 0.007827989307937596,
        "alias": " - social sciences"
    },
    "mmlu_econometrics": {
        "alias": "  - econometrics",
        "acc,none": 0.47368421052631576,
        "acc_stderr,none": 0.046970851366478626
    },
    "mmlu_high_school_geography": {
        "alias": "  - high_school_geography",
        "acc,none": 0.7727272727272727,
        "acc_stderr,none": 0.0298575156733864
    },
    "mmlu_high_school_government_and_politics": {
        "alias": "  - high_school_government_and_politics",
        "acc,none": 0.8601036269430051,
        "acc_stderr,none": 0.02503387058301517
    },
    "mmlu_high_school_macroeconomics": {
        "alias": "  - high_school_macroeconomics",
        "acc,none": 0.6487179487179487,
        "acc_stderr,none": 0.024203665177902803
    },
    "mmlu_high_school_microeconomics": {
        "alias": "  - high_school_microeconomics",
        "acc,none": 0.6932773109243697,
        "acc_stderr,none": 0.02995382389188704
    },
    "mmlu_high_school_psychology": {
        "alias": "  - high_school_psychology",
        "acc,none": 0.818348623853211,
        "acc_stderr,none": 0.016530617409266878
    },
    "mmlu_human_sexuality": {
        "alias": "  - human_sexuality",
        "acc,none": 0.7938931297709924,
        "acc_stderr,none": 0.03547771004159463
    },
    "mmlu_professional_psychology": {
        "alias": "  - professional_psychology",
        "acc,none": 0.6699346405228758,
        "acc_stderr,none": 0.019023726160724553
    },
    "mmlu_public_relations": {
        "alias": "  - public_relations",
        "acc,none": 0.6454545454545455,
        "acc_stderr,none": 0.045820048415054174
    },
    "mmlu_security_studies": {
        "alias": "  - security_studies",
        "acc,none": 0.7061224489795919,
        "acc_stderr,none": 0.029162738410249762
    },
    "mmlu_sociology": {
        "alias": "  - sociology",
        "acc,none": 0.8407960199004975,
        "acc_stderr,none": 0.02587064676616913
    },
    "mmlu_us_foreign_policy": {
        "alias": "  - us_foreign_policy",
        "acc,none": 0.87,
        "acc_stderr,none": 0.03379976689896309
    },
    "mmlu_stem": {
        "acc,none": 0.529337139232477,
        "acc_stderr,none": 0.008490392599790373,
        "alias": " - stem"
    },
    "mmlu_abstract_algebra": {
        "alias": "  - abstract_algebra",
        "acc,none": 0.27,
        "acc_stderr,none": 0.04461960433384741
    },
    "mmlu_anatomy": {
        "alias": "  - anatomy",
        "acc,none": 0.6148148148148148,
        "acc_stderr,none": 0.042039210401562783
    },
    "mmlu_astronomy": {
        "alias": "  - astronomy",
        "acc,none": 0.6578947368421053,
        "acc_stderr,none": 0.03860731599316091
    },
    "mmlu_college_biology": {
        "alias": "  - college_biology",
        "acc,none": 0.7361111111111112,
        "acc_stderr,none": 0.03685651095897532
    },
    "mmlu_college_chemistry": {
        "alias": "  - college_chemistry",
        "acc,none": 0.51,
        "acc_stderr,none": 0.05024183937956912
    },
    "mmlu_college_computer_science": {
        "alias": "  - college_computer_science",
        "acc,none": 0.5,
        "acc_stderr,none": 0.050251890762960605
    },