{
    "mmlu": {
        "acc,none": 0.45385272753169065,
        "acc_stderr,none": 0.004071608052699374,
        "alias": "mmlu"
    },
    "mmlu_humanities": {
        "acc,none": 0.4310308182784272,
        "acc_stderr,none": 0.006969781666519211,
        "alias": " - humanities"
    },
    "mmlu_formal_logic": {
        "alias": "  - formal_logic",
        "acc,none": 0.2698412698412698,
        "acc_stderr,none": 0.03970158273235173
    },
    "mmlu_high_school_european_history": {
        "alias": "  - high_school_european_history",
        "acc,none": 0.6060606060606061,
        "acc_stderr,none": 0.0381549430868893
    },
    "mmlu_high_school_us_history": {
        "alias": "  - high_school_us_history",
        "acc,none": 0.5490196078431373,
        "acc_stderr,none": 0.03492406104163613
    },
    "mmlu_high_school_world_history": {
        "alias": "  - high_school_world_history",
        "acc,none": 0.6413502109704642,
        "acc_stderr,none": 0.031219569445301847
    },
    "mmlu_international_law": {
        "alias": "  - international_law",
        "acc,none": 0.6198347107438017,
        "acc_stderr,none": 0.04431324501968432
    },
    "mmlu_jurisprudence": {
        "alias": "  - jurisprudence",
        "acc,none": 0.5092592592592593,
        "acc_stderr,none": 0.04832853553437056
    },
    "mmlu_logical_fallacies": {
        "alias": "  - logical_fallacies",
        "acc,none": 0.5276073619631901,
        "acc_stderr,none": 0.0392237829061099
    },
    "mmlu_moral_disputes": {
        "alias": "  - moral_disputes",
        "acc,none": 0.5,
        "acc_stderr,none": 0.026919095102908273
    },
    "mmlu_moral_scenarios": {
        "alias": "  - moral_scenarios",
        "acc,none": 0.27039106145251396,
        "acc_stderr,none": 0.014854993938010085
    },
    "mmlu_philosophy": {
        "alias": "  - philosophy",
        "acc,none": 0.5627009646302251,
        "acc_stderr,none": 0.028173917761762896
    },
    "mmlu_prehistory": {
        "alias": "  - prehistory",
        "acc,none": 0.5123456790123457,
        "acc_stderr,none": 0.027812262269327242
    },
    "mmlu_professional_law": {
        "alias": "  - professional_law",
        "acc,none": 0.3520208604954368,
        "acc_stderr,none": 0.012198140605353609
    },
    "mmlu_world_religions": {
        "alias": "  - world_religions",
        "acc,none": 0.6900584795321637,
        "acc_stderr,none": 0.03546976959393163
    },
    "mmlu_other": {
        "acc,none": 0.5201158673962021,
        "acc_stderr,none": 0.00874936557811455,
        "alias": " - other"
    },
    "mmlu_business_ethics": {
        "alias": "  - business_ethics",
        "acc,none": 0.49,
        "acc_stderr,none": 0.05024183937956912
    },
    "mmlu_clinical_knowledge": {
        "alias": "  - clinical_knowledge",
        "acc,none": 0.4528301886792453,
        "acc_stderr,none": 0.03063562795796182
    },
    "mmlu_college_medicine": {
        "alias": "  - college_medicine",
        "acc,none": 0.3930635838150289,
        "acc_stderr,none": 0.037242495958177316
    },
    "mmlu_global_facts": {
        "alias": "  - global_facts",
        "acc,none": 0.34,
        "acc_stderr,none": 0.04760952285695235
    },
    "mmlu_human_aging": {
        "alias": "  - human_aging",
        "acc,none": 0.5426008968609866,
        "acc_stderr,none": 0.03343577705583065
    },
    "mmlu_management": {
        "alias": "  - management",
        "acc,none": 0.5339805825242718,
        "acc_stderr,none": 0.0493929144727348
    },
    "mmlu_marketing": {
        "alias": "  - marketing",
        "acc,none": 0.6965811965811965,
        "acc_stderr,none": 0.03011821010694267
    },
    "mmlu_medical_genetics": {
        "alias": "  - medical_genetics",
        "acc,none": 0.54,
        "acc_stderr,none": 0.05009082659620333
    },
    "mmlu_miscellaneous": {
        "alias": "  - miscellaneous",
        "acc,none": 0.6475095785440613,
        "acc_stderr,none": 0.017084150244081376
    },
    "mmlu_nutrition": {
        "alias": "  - nutrition",
        "acc,none": 0.4738562091503268,
        "acc_stderr,none": 0.028590752958852394
    },
    "mmlu_professional_accounting": {
        "alias": "  - professional_accounting",
        "acc,none": 0.3475177304964539,
        "acc_stderr,none": 0.02840662780959095
    },
    "mmlu_professional_medicine": {
        "alias": "  - professional_medicine",
        "acc,none": 0.5073529411764706,
        "acc_stderr,none": 0.030369552523902173
    },
    "mmlu_virology": {
        "alias": "  - virology",
        "acc,none": 0.3855421686746988,
        "acc_stderr,none": 0.03789134424611548
    },
    "mmlu_social_sciences": {
        "acc,none": 0.515112122196945,
        "acc_stderr,none": 0.008892533554534782,
        "alias": " - social sciences"
    },
    "mmlu_econometrics": {
        "alias": "  - econometrics",
        "acc,none": 0.3333333333333333,
        "acc_stderr,none": 0.044346007015849245
    },
    "mmlu_high_school_geography": {
        "alias": "  - high_school_geography",
        "acc,none": 0.48484848484848486,
        "acc_stderr,none": 0.0356071651653106
    },
    "mmlu_high_school_government_and_politics": {
        "alias": "  - high_school_government_and_politics",
        "acc,none": 0.689119170984456,
        "acc_stderr,none": 0.03340361906276588
    },
    "mmlu_high_school_macroeconomics": {
        "alias": "  - high_school_macroeconomics",
        "acc,none": 0.4564102564102564,
        "acc_stderr,none": 0.025254485424799605
    },
    "mmlu_high_school_microeconomics": {
        "alias": "  - high_school_microeconomics",
        "acc,none": 0.42436974789915966,
        "acc_stderr,none": 0.03210479051015776
    },
    "mmlu_high_school_psychology": {
        "alias": "  - high_school_psychology",
        "acc,none": 0.5963302752293578,
        "acc_stderr,none": 0.02103570485657497
    },
    "mmlu_human_sexuality": {
        "alias": "  - human_sexuality",
        "acc,none": 0.5572519083969466,
        "acc_stderr,none": 0.04356447202665069
    },
    "mmlu_professional_psychology": {
        "alias": "  - professional_psychology",
        "acc,none": 0.4542483660130719,
        "acc_stderr,none": 0.020142974553795205
    },
    "mmlu_public_relations": {
        "alias": "  - public_relations",
        "acc,none": 0.5363636363636364,
        "acc_stderr,none": 0.04776449162396197
    },
    "mmlu_security_studies": {
        "alias": "  - security_studies",
        "acc,none": 0.4816326530612245,
        "acc_stderr,none": 0.031987615467631264
    },
    "mmlu_sociology": {
        "alias": "  - sociology",
        "acc,none": 0.6069651741293532,
        "acc_stderr,none": 0.0345368246603156
    },
    "mmlu_us_foreign_policy": {
        "alias": "  - us_foreign_policy",
        "acc,none": 0.64,
        "acc_stderr,none": 0.04824181513244218
    },
    "mmlu_stem": {
        "acc,none": 0.3628290516967967,
        "acc_stderr,none": 0.008425476217557175,
        "alias": " - stem"
    },
    "mmlu_abstract_algebra": {
        "alias": "  - abstract_algebra",
        "acc,none": 0.29,
        "acc_stderr,none": 0.04560480215720684
    },
    "mmlu_anatomy": {
        "alias": "  - anatomy",
        "acc,none": 0.4740740740740741,
        "acc_stderr,none": 0.04313531696750575
    },
    "mmlu_astronomy": {
        "alias": "  - astronomy",
        "acc,none": 0.40789473684210525,
        "acc_stderr,none": 0.03999309712777471
    },
    "mmlu_college_biology": {
        "alias": "  - college_biology",
        "acc,none": 0.4583333333333333,
        "acc_stderr,none": 0.04166666666666665
    },
    "mmlu_college_chemistry": {
        "alias": "  - college_chemistry",
        "acc,none": 0.36,
        "acc_stderr,none": 0.048241815132442176
    },
    "mmlu_college_computer_science": {
        "alias": "  - college_computer_science",
        "acc,none": 0.34,
        "acc_stderr,none": 0.04760952285695236
    },