{
    "mmlu": {
        "acc,none": 0.4113374163224612,
        "acc_stderr,none": 0.004025719923245879,
        "alias": "mmlu"
    },
    "mmlu_humanities": {
        "acc,none": 0.3834218916046759,
        "acc_stderr,none": 0.006863489209243045,
        "alias": " - humanities"
    },
    "mmlu_formal_logic": {
        "alias": "  - formal_logic",
        "acc,none": 0.18253968253968253,
        "acc_stderr,none": 0.03455071019102149
    },
    "mmlu_high_school_european_history": {
        "alias": "  - high_school_european_history",
        "acc,none": 0.4909090909090909,
        "acc_stderr,none": 0.03903698647748441
    },
    "mmlu_high_school_us_history": {
        "alias": "  - high_school_us_history",
        "acc,none": 0.5245098039215687,
        "acc_stderr,none": 0.035050931943487976
    },
    "mmlu_high_school_world_history": {
        "alias": "  - high_school_world_history",
        "acc,none": 0.45147679324894513,
        "acc_stderr,none": 0.032393600173974704
    },
    "mmlu_international_law": {
        "alias": "  - international_law",
        "acc,none": 0.5619834710743802,
        "acc_stderr,none": 0.04529146804435792
    },
    "mmlu_jurisprudence": {
        "alias": "  - jurisprudence",
        "acc,none": 0.5,
        "acc_stderr,none": 0.04833682445228318
    },
    "mmlu_logical_fallacies": {
        "alias": "  - logical_fallacies",
        "acc,none": 0.4662576687116564,
        "acc_stderr,none": 0.039194155450484096
    },
    "mmlu_moral_disputes": {
        "alias": "  - moral_disputes",
        "acc,none": 0.43352601156069365,
        "acc_stderr,none": 0.02668013476167922
    },
    "mmlu_moral_scenarios": {
        "alias": "  - moral_scenarios",
        "acc,none": 0.2424581005586592,
        "acc_stderr,none": 0.014333522059217887
    },
    "mmlu_philosophy": {
        "alias": "  - philosophy",
        "acc,none": 0.5627009646302251,
        "acc_stderr,none": 0.028173917761762892
    },
    "mmlu_prehistory": {
        "alias": "  - prehistory",
        "acc,none": 0.5154320987654321,
        "acc_stderr,none": 0.02780749004427619
    },
    "mmlu_professional_law": {
        "alias": "  - professional_law",
        "acc,none": 0.3070404172099087,
        "acc_stderr,none": 0.011780959114513769
    },
    "mmlu_world_religions": {
        "alias": "  - world_religions",
        "acc,none": 0.631578947368421,
        "acc_stderr,none": 0.036996580176568775
    },
    "mmlu_other": {
        "acc,none": 0.47988413260379786,
        "acc_stderr,none": 0.008750967393862684,
        "alias": " - other"
    },
    "mmlu_business_ethics": {
        "alias": "  - business_ethics",
        "acc,none": 0.46,
        "acc_stderr,none": 0.05009082659620332
    },
    "mmlu_clinical_knowledge": {
        "alias": "  - clinical_knowledge",
        "acc,none": 0.4490566037735849,
        "acc_stderr,none": 0.030612730713641095
    },
    "mmlu_college_medicine": {
        "alias": "  - college_medicine",
        "acc,none": 0.3352601156069364,
        "acc_stderr,none": 0.03599586301247077
    },
    "mmlu_global_facts": {
        "alias": "  - global_facts",
        "acc,none": 0.33,
        "acc_stderr,none": 0.04725815626252605
    },
    "mmlu_human_aging": {
        "alias": "  - human_aging",
        "acc,none": 0.5426008968609866,
        "acc_stderr,none": 0.033435777055830646
    },
    "mmlu_management": {
        "alias": "  - management",
        "acc,none": 0.4563106796116505,
        "acc_stderr,none": 0.049318019942204146
    },
    "mmlu_marketing": {
        "alias": "  - marketing",
        "acc,none": 0.6709401709401709,
        "acc_stderr,none": 0.030782321577688173
    },
    "mmlu_medical_genetics": {
        "alias": "  - medical_genetics",
        "acc,none": 0.41,
        "acc_stderr,none": 0.049431107042371025
    },
    "mmlu_miscellaneous": {
        "alias": "  - miscellaneous",
        "acc,none": 0.6079182630906769,
        "acc_stderr,none": 0.017458524050147636
    },
    "mmlu_nutrition": {
        "alias": "  - nutrition",
        "acc,none": 0.4084967320261438,
        "acc_stderr,none": 0.02814640599309636
    },
    "mmlu_professional_accounting": {
        "alias": "  - professional_accounting",
        "acc,none": 0.3404255319148936,
        "acc_stderr,none": 0.028267657482650144
    },
    "mmlu_professional_medicine": {
        "alias": "  - professional_medicine",
        "acc,none": 0.39338235294117646,
        "acc_stderr,none": 0.029674288281311183
    },
    "mmlu_virology": {
        "alias": "  - virology",
        "acc,none": 0.39156626506024095,
        "acc_stderr,none": 0.03799857454479637
    },
    "mmlu_social_sciences": {
        "acc,none": 0.4731881702957426,
        "acc_stderr,none": 0.008859084876187725,
        "alias": " - social sciences"
    },
    "mmlu_econometrics": {
        "alias": "  - econometrics",
        "acc,none": 0.2719298245614035,
        "acc_stderr,none": 0.04185774424022056
    },
    "mmlu_high_school_geography": {
        "alias": "  - high_school_geography",
        "acc,none": 0.4444444444444444,
        "acc_stderr,none": 0.035402943770953675
    },
    "mmlu_high_school_government_and_politics": {
        "alias": "  - high_school_government_and_politics",
        "acc,none": 0.6113989637305699,
        "acc_stderr,none": 0.035177397963731316
    },
    "mmlu_high_school_macroeconomics": {
        "alias": "  - high_school_macroeconomics",
        "acc,none": 0.3769230769230769,
        "acc_stderr,none": 0.024570975364225995
    },
    "mmlu_high_school_microeconomics": {
        "alias": "  - high_school_microeconomics",
        "acc,none": 0.46218487394957986,
        "acc_stderr,none": 0.032385469487589795
    },
    "mmlu_high_school_psychology": {
        "alias": "  - high_school_psychology",
        "acc,none": 0.5779816513761468,
        "acc_stderr,none": 0.021174991407763175
    },
    "mmlu_human_sexuality": {
        "alias": "  - human_sexuality",
        "acc,none": 0.48854961832061067,
        "acc_stderr,none": 0.043841400240780176
    },
    "mmlu_professional_psychology": {
        "alias": "  - professional_psychology",
        "acc,none": 0.44607843137254904,
        "acc_stderr,none": 0.02010986454718136
    },
    "mmlu_public_relations": {
        "alias": "  - public_relations",
        "acc,none": 0.509090909090909,
        "acc_stderr,none": 0.04788339768702861
    },
    "mmlu_security_studies": {
        "alias": "  - security_studies",
        "acc,none": 0.33877551020408164,
        "acc_stderr,none": 0.03029950656215418
    },
    "mmlu_sociology": {
        "alias": "  - sociology",
        "acc,none": 0.527363184079602,
        "acc_stderr,none": 0.035302355173346824
    },
    "mmlu_us_foreign_policy": {
        "alias": "  - us_foreign_policy",
        "acc,none": 0.65,
        "acc_stderr,none": 0.0479372485441102
    },
    "mmlu_stem": {
        "acc,none": 0.3250872185220425,
        "acc_stderr,none": 0.008211495293535041,
        "alias": " - stem"
    },
    "mmlu_abstract_algebra": {
        "alias": "  - abstract_algebra",
        "acc,none": 0.26,
        "acc_stderr,none": 0.04408440022768079
    },
    "mmlu_anatomy": {
        "alias": "  - anatomy",
        "acc,none": 0.4666666666666667,
        "acc_stderr,none": 0.043097329010363554
    },
    "mmlu_astronomy": {
        "alias": "  - astronomy",
        "acc,none": 0.375,
        "acc_stderr,none": 0.039397364351956274
    },
    "mmlu_college_biology": {
        "alias": "  - college_biology",
        "acc,none": 0.5069444444444444,
        "acc_stderr,none": 0.04180806750294938
    },
    "mmlu_college_chemistry": {
        "alias": "  - college_chemistry",
        "acc,none": 0.23,
        "acc_stderr,none": 0.04229525846816506
    },
    "mmlu_college_computer_science": {
        "alias": "  - college_computer_science",
        "acc,none": 0.21,
        "acc_stderr,none": 0.04093601807403326
    },