{
    "mmlu": {
        "acc,none": 0.46083179034325594,
        "acc_stderr,none": 0.004102979175422994,
        "alias": "mmlu"
    },
    "mmlu_humanities": {
        "acc,none": 0.44187035069075453,
        "acc_stderr,none": 0.0070674399469223045,
        "alias": " - humanities"
    },
    "mmlu_formal_logic": {
        "alias": "  - formal_logic",
        "acc,none": 0.30158730158730157,
        "acc_stderr,none": 0.04104947269903394
    },
    "mmlu_high_school_european_history": {
        "alias": "  - high_school_european_history",
        "acc,none": 0.6181818181818182,
        "acc_stderr,none": 0.037937131711656344
    },
    "mmlu_high_school_us_history": {
        "alias": "  - high_school_us_history",
        "acc,none": 0.4852941176470588,
        "acc_stderr,none": 0.035077938347913236
    },
    "mmlu_high_school_world_history": {
        "alias": "  - high_school_world_history",
        "acc,none": 0.5949367088607594,
        "acc_stderr,none": 0.031955147413706704
    },
    "mmlu_international_law": {
        "alias": "  - international_law",
        "acc,none": 0.6446280991735537,
        "acc_stderr,none": 0.04369236326573981
    },
    "mmlu_jurisprudence": {
        "alias": "  - jurisprudence",
        "acc,none": 0.5370370370370371,
        "acc_stderr,none": 0.04820403072760627
    },
    "mmlu_logical_fallacies": {
        "alias": "  - logical_fallacies",
        "acc,none": 0.49693251533742333,
        "acc_stderr,none": 0.03928297078179663
    },
    "mmlu_moral_disputes": {
        "alias": "  - moral_disputes",
        "acc,none": 0.4884393063583815,
        "acc_stderr,none": 0.026911898686377906
    },
    "mmlu_moral_scenarios": {
        "alias": "  - moral_scenarios",
        "acc,none": 0.31843575418994413,
        "acc_stderr,none": 0.015581008080360273
    },
    "mmlu_philosophy": {
        "alias": "  - philosophy",
        "acc,none": 0.572347266881029,
        "acc_stderr,none": 0.028099240775809563
    },
    "mmlu_prehistory": {
        "alias": "  - prehistory",
        "acc,none": 0.4845679012345679,
        "acc_stderr,none": 0.027807490044276215
    },
    "mmlu_professional_law": {
        "alias": "  - professional_law",
        "acc,none": 0.3748370273794003,
        "acc_stderr,none": 0.012363652467551929
    },
    "mmlu_world_religions": {
        "alias": "  - world_religions",
        "acc,none": 0.6900584795321637,
        "acc_stderr,none": 0.03546976959393163
    },
    "mmlu_other": {
        "acc,none": 0.5313807531380753,
        "acc_stderr,none": 0.008805808336688323,
        "alias": " - other"
    },
    "mmlu_business_ethics": {
        "alias": "  - business_ethics",
        "acc,none": 0.5,
        "acc_stderr,none": 0.050251890762960605
    },
    "mmlu_clinical_knowledge": {
        "alias": "  - clinical_knowledge",
        "acc,none": 0.4867924528301887,
        "acc_stderr,none": 0.030762134874500476
    },
    "mmlu_college_medicine": {
        "alias": "  - college_medicine",
        "acc,none": 0.4913294797687861,
        "acc_stderr,none": 0.03811890988940412
    },
    "mmlu_global_facts": {
        "alias": "  - global_facts",
        "acc,none": 0.35,
        "acc_stderr,none": 0.047937248544110196
    },
    "mmlu_human_aging": {
        "alias": "  - human_aging",
        "acc,none": 0.5426008968609866,
        "acc_stderr,none": 0.033435777055830646
    },
    "mmlu_management": {
        "alias": "  - management",
        "acc,none": 0.5533980582524272,
        "acc_stderr,none": 0.04922424153458934
    },
    "mmlu_marketing": {
        "alias": "  - marketing",
        "acc,none": 0.6965811965811965,
        "acc_stderr,none": 0.03011821010694266
    },
    "mmlu_medical_genetics": {
        "alias": "  - medical_genetics",
        "acc,none": 0.55,
        "acc_stderr,none": 0.05
    },
    "mmlu_miscellaneous": {
        "alias": "  - miscellaneous",
        "acc,none": 0.6181353767560664,
        "acc_stderr,none": 0.01737373273667759
    },
    "mmlu_nutrition": {
        "alias": "  - nutrition",
        "acc,none": 0.49673202614379086,
        "acc_stderr,none": 0.02862930519400354
    },
    "mmlu_professional_accounting": {
        "alias": "  - professional_accounting",
        "acc,none": 0.35106382978723405,
        "acc_stderr,none": 0.028473501272963764
    },
    "mmlu_professional_medicine": {
        "alias": "  - professional_medicine",
        "acc,none": 0.5551470588235294,
        "acc_stderr,none": 0.030187532060329394
    },
    "mmlu_virology": {
        "alias": "  - virology",
        "acc,none": 0.42168674698795183,
        "acc_stderr,none": 0.038444531817709175
    },
    "mmlu_social_sciences": {
        "acc,none": 0.5079623009424764,
        "acc_stderr,none": 0.00890605641817582,
        "alias": " - social sciences"
    },
    "mmlu_econometrics": {
        "alias": "  - econometrics",
        "acc,none": 0.2894736842105263,
        "acc_stderr,none": 0.04266339443159394
    },
    "mmlu_high_school_geography": {
        "alias": "  - high_school_geography",
        "acc,none": 0.5,
        "acc_stderr,none": 0.035623524993954825
    },
    "mmlu_high_school_government_and_politics": {
        "alias": "  - high_school_government_and_politics",
        "acc,none": 0.6476683937823834,
        "acc_stderr,none": 0.03447478286414358
    },
    "mmlu_high_school_macroeconomics": {
        "alias": "  - high_school_macroeconomics",
        "acc,none": 0.4564102564102564,
        "acc_stderr,none": 0.025254485424799605
    },
    "mmlu_high_school_microeconomics": {
        "alias": "  - high_school_microeconomics",
        "acc,none": 0.4579831932773109,
        "acc_stderr,none": 0.03236361111951941
    },
    "mmlu_high_school_psychology": {
        "alias": "  - high_school_psychology",
        "acc,none": 0.5926605504587156,
        "acc_stderr,none": 0.021065986244412888
    },
    "mmlu_human_sexuality": {
        "alias": "  - human_sexuality",
        "acc,none": 0.5419847328244275,
        "acc_stderr,none": 0.04369802690578756
    },
    "mmlu_professional_psychology": {
        "alias": "  - professional_psychology",
        "acc,none": 0.43137254901960786,
        "acc_stderr,none": 0.02003639376835263
    },
    "mmlu_public_relations": {
        "alias": "  - public_relations",
        "acc,none": 0.5545454545454546,
        "acc_stderr,none": 0.047605488214603246
    },
    "mmlu_security_studies": {
        "alias": "  - security_studies",
        "acc,none": 0.49795918367346936,
        "acc_stderr,none": 0.0320089533497105
    },
    "mmlu_sociology": {
        "alias": "  - sociology",
        "acc,none": 0.6069651741293532,
        "acc_stderr,none": 0.0345368246603156
    },
    "mmlu_us_foreign_policy": {
        "alias": "  - us_foreign_policy",
        "acc,none": 0.56,
        "acc_stderr,none": 0.04988876515698589
    },
    "mmlu_stem": {
        "acc,none": 0.37361243260386934,
        "acc_stderr,none": 0.008475189570066608,
        "alias": " - stem"
    },
    "mmlu_abstract_algebra": {
        "alias": "  - abstract_algebra",
        "acc,none": 0.32,
        "acc_stderr,none": 0.046882617226215034
    },
    "mmlu_anatomy": {
        "alias": "  - anatomy",
        "acc,none": 0.48148148148148145,
        "acc_stderr,none": 0.043163785995113245
    },
    "mmlu_astronomy": {
        "alias": "  - astronomy",
        "acc,none": 0.3815789473684211,
        "acc_stderr,none": 0.03953173377749194
    },
    "mmlu_college_biology": {
        "alias": "  - college_biology",
        "acc,none": 0.4444444444444444,
        "acc_stderr,none": 0.041553199555931467
    },
    "mmlu_college_chemistry": {
        "alias": "  - college_chemistry",
        "acc,none": 0.37,
        "acc_stderr,none": 0.04852365870939099
    },
    "mmlu_college_computer_science": {
        "alias": "  - college_computer_science",
        "acc,none": 0.4,
        "acc_stderr,none": 0.049236596391733084
    },