{
    "mmlu": {
        "acc,none": 0.42493946731234866,
        "acc_stderr,none": 0.0040605771129460745,
        "alias": "mmlu"
    },
    "mmlu_humanities": {
        "acc,none": 0.4063761955366631,
        "acc_stderr,none": 0.006988855537159203,
        "alias": " - humanities"
    },
    "mmlu_formal_logic": {
        "alias": "  - formal_logic",
        "acc,none": 0.35714285714285715,
        "acc_stderr,none": 0.04285714285714281
    },
    "mmlu_high_school_european_history": {
        "alias": "  - high_school_european_history",
        "acc,none": 0.5454545454545454,
        "acc_stderr,none": 0.038881769216741
    },
    "mmlu_high_school_us_history": {
        "alias": "  - high_school_us_history",
        "acc,none": 0.46568627450980393,
        "acc_stderr,none": 0.03501038327635896
    },
    "mmlu_high_school_world_history": {
        "alias": "  - high_school_world_history",
        "acc,none": 0.45147679324894513,
        "acc_stderr,none": 0.032393600173974704
    },
    "mmlu_international_law": {
        "alias": "  - international_law",
        "acc,none": 0.6033057851239669,
        "acc_stderr,none": 0.04465869780531009
    },
    "mmlu_jurisprudence": {
        "alias": "  - jurisprudence",
        "acc,none": 0.49074074074074076,
        "acc_stderr,none": 0.04832853553437055
    },
    "mmlu_logical_fallacies": {
        "alias": "  - logical_fallacies",
        "acc,none": 0.5214723926380368,
        "acc_stderr,none": 0.03924746876751129
    },
    "mmlu_moral_disputes": {
        "alias": "  - moral_disputes",
        "acc,none": 0.4479768786127168,
        "acc_stderr,none": 0.026772990653361813
    },
    "mmlu_moral_scenarios": {
        "alias": "  - moral_scenarios",
        "acc,none": 0.24916201117318434,
        "acc_stderr,none": 0.01446589382985993
    },
    "mmlu_philosophy": {
        "alias": "  - philosophy",
        "acc,none": 0.5562700964630225,
        "acc_stderr,none": 0.02821768355665231
    },
    "mmlu_prehistory": {
        "alias": "  - prehistory",
        "acc,none": 0.5061728395061729,
        "acc_stderr,none": 0.027818623962583302
    },
    "mmlu_professional_law": {
        "alias": "  - professional_law",
        "acc,none": 0.3546284224250326,
        "acc_stderr,none": 0.012218576439090169
    },
    "mmlu_world_religions": {
        "alias": "  - world_religions",
        "acc,none": 0.6140350877192983,
        "acc_stderr,none": 0.03733756969066164
    },
    "mmlu_other": {
        "acc,none": 0.49275828773736724,
        "acc_stderr,none": 0.008786096541170596,
        "alias": " - other"
    },
    "mmlu_business_ethics": {
        "alias": "  - business_ethics",
        "acc,none": 0.5,
        "acc_stderr,none": 0.050251890762960605
    },
    "mmlu_clinical_knowledge": {
        "alias": "  - clinical_knowledge",
        "acc,none": 0.39622641509433965,
        "acc_stderr,none": 0.03010279378179119
    },
    "mmlu_college_medicine": {
        "alias": "  - college_medicine",
        "acc,none": 0.3699421965317919,
        "acc_stderr,none": 0.03681229633394319
    },
    "mmlu_global_facts": {
        "alias": "  - global_facts",
        "acc,none": 0.31,
        "acc_stderr,none": 0.04648231987117316
    },
    "mmlu_human_aging": {
        "alias": "  - human_aging",
        "acc,none": 0.5246636771300448,
        "acc_stderr,none": 0.03351695167652628
    },
    "mmlu_management": {
        "alias": "  - management",
        "acc,none": 0.49514563106796117,
        "acc_stderr,none": 0.049505043821289195
    },
    "mmlu_marketing": {
        "alias": "  - marketing",
        "acc,none": 0.6837606837606838,
        "acc_stderr,none": 0.030463656747340244
    },
    "mmlu_medical_genetics": {
        "alias": "  - medical_genetics",
        "acc,none": 0.51,
        "acc_stderr,none": 0.05024183937956912
    },
    "mmlu_miscellaneous": {
        "alias": "  - miscellaneous",
        "acc,none": 0.5977011494252874,
        "acc_stderr,none": 0.01753529452906895
    },
    "mmlu_nutrition": {
        "alias": "  - nutrition",
        "acc,none": 0.46078431372549017,
        "acc_stderr,none": 0.028541722692618874
    },
    "mmlu_professional_accounting": {
        "alias": "  - professional_accounting",
        "acc,none": 0.3333333333333333,
        "acc_stderr,none": 0.02812163604063989
    },
    "mmlu_professional_medicine": {
        "alias": "  - professional_medicine",
        "acc,none": 0.48161764705882354,
        "acc_stderr,none": 0.030352303395351964
    },
    "mmlu_virology": {
        "alias": "  - virology",
        "acc,none": 0.40963855421686746,
        "acc_stderr,none": 0.03828401115079022
    },
    "mmlu_social_sciences": {
        "acc,none": 0.4738381540461489,
        "acc_stderr,none": 0.008861475192070674,
        "alias": " - social sciences"
    },
    "mmlu_econometrics": {
        "alias": "  - econometrics",
        "acc,none": 0.23684210526315788,
        "acc_stderr,none": 0.039994238792813344
    },
    "mmlu_high_school_geography": {
        "alias": "  - high_school_geography",
        "acc,none": 0.46464646464646464,
        "acc_stderr,none": 0.03553436368828063
    },
    "mmlu_high_school_government_and_politics": {
        "alias": "  - high_school_government_and_politics",
        "acc,none": 0.6217616580310881,
        "acc_stderr,none": 0.03499807276193339
    },
    "mmlu_high_school_macroeconomics": {
        "alias": "  - high_school_macroeconomics",
        "acc,none": 0.3871794871794872,
        "acc_stderr,none": 0.024697216930878944
    },
    "mmlu_high_school_microeconomics": {
        "alias": "  - high_school_microeconomics",
        "acc,none": 0.39915966386554624,
        "acc_stderr,none": 0.03181110032413925
    },
    "mmlu_high_school_psychology": {
        "alias": "  - high_school_psychology",
        "acc,none": 0.5834862385321101,
        "acc_stderr,none": 0.021136376504030874
    },
    "mmlu_human_sexuality": {
        "alias": "  - human_sexuality",
        "acc,none": 0.5267175572519084,
        "acc_stderr,none": 0.04379024936553893
    },
    "mmlu_professional_psychology": {
        "alias": "  - professional_psychology",
        "acc,none": 0.43137254901960786,
        "acc_stderr,none": 0.02003639376835263
    },
    "mmlu_public_relations": {
        "alias": "  - public_relations",
        "acc,none": 0.4636363636363636,
        "acc_stderr,none": 0.047764491623961985
    },
    "mmlu_security_studies": {
        "alias": "  - security_studies",
        "acc,none": 0.4163265306122449,
        "acc_stderr,none": 0.031557828165561644
    },
    "mmlu_sociology": {
        "alias": "  - sociology",
        "acc,none": 0.5323383084577115,
        "acc_stderr,none": 0.035281314729336065
    },
    "mmlu_us_foreign_policy": {
        "alias": "  - us_foreign_policy",
        "acc,none": 0.62,
        "acc_stderr,none": 0.048783173121456316
    },
    "mmlu_stem": {
        "acc,none": 0.3380907072629242,
        "acc_stderr,none": 0.00827712364477485,
        "alias": " - stem"
    },
    "mmlu_abstract_algebra": {
        "alias": "  - abstract_algebra",
        "acc,none": 0.27,
        "acc_stderr,none": 0.044619604333847394
    },
    "mmlu_anatomy": {
        "alias": "  - anatomy",
        "acc,none": 0.45185185185185184,
        "acc_stderr,none": 0.04299268905480864
    },
    "mmlu_astronomy": {
        "alias": "  - astronomy",
        "acc,none": 0.3881578947368421,
        "acc_stderr,none": 0.03965842097512744
    },
    "mmlu_college_biology": {
        "alias": "  - college_biology",
        "acc,none": 0.4513888888888889,
        "acc_stderr,none": 0.04161402398403279
    },
    "mmlu_college_chemistry": {
        "alias": "  - college_chemistry",
        "acc,none": 0.31,
        "acc_stderr,none": 0.04648231987117316
    },
    "mmlu_college_computer_science": {
        "alias": "  - college_computer_science",
        "acc,none": 0.32,