{
    "mmlu": {
        "acc,none": 0.4459478706736932,
        "acc_stderr,none": 0.004076202054028102,
        "alias": "mmlu"
    },
    "mmlu_humanities": {
        "acc,none": 0.4255047821466525,
        "acc_stderr,none": 0.0069742609756925575,
        "alias": " - humanities"
    },
    "mmlu_formal_logic": {
        "alias": "  - formal_logic",
        "acc,none": 0.29365079365079366,
        "acc_stderr,none": 0.040735243221471255
    },
    "mmlu_high_school_european_history": {
        "alias": "  - high_school_european_history",
        "acc,none": 0.5878787878787879,
        "acc_stderr,none": 0.03843566993588718
    },
    "mmlu_high_school_us_history": {
        "alias": "  - high_school_us_history",
        "acc,none": 0.5049019607843137,
        "acc_stderr,none": 0.035091433756067866
    },
    "mmlu_high_school_world_history": {
        "alias": "  - high_school_world_history",
        "acc,none": 0.5822784810126582,
        "acc_stderr,none": 0.032103530322412685
    },
    "mmlu_international_law": {
        "alias": "  - international_law",
        "acc,none": 0.6198347107438017,
        "acc_stderr,none": 0.04431324501968432
    },
    "mmlu_jurisprudence": {
        "alias": "  - jurisprudence",
        "acc,none": 0.5555555555555556,
        "acc_stderr,none": 0.04803752235190193
    },
    "mmlu_logical_fallacies": {
        "alias": "  - logical_fallacies",
        "acc,none": 0.50920245398773,
        "acc_stderr,none": 0.03927705600787443
    },
    "mmlu_moral_disputes": {
        "alias": "  - moral_disputes",
        "acc,none": 0.4884393063583815,
        "acc_stderr,none": 0.026911898686377906
    },
    "mmlu_moral_scenarios": {
        "alias": "  - moral_scenarios",
        "acc,none": 0.2435754189944134,
        "acc_stderr,none": 0.014355911964767864
    },
    "mmlu_philosophy": {
        "alias": "  - philosophy",
        "acc,none": 0.5787781350482315,
        "acc_stderr,none": 0.028043399858210635
    },
    "mmlu_prehistory": {
        "alias": "  - prehistory",
        "acc,none": 0.5092592592592593,
        "acc_stderr,none": 0.027815973433878014
    },
    "mmlu_professional_law": {
        "alias": "  - professional_law",
        "acc,none": 0.36766623207301175,
        "acc_stderr,none": 0.01231484591007169
    },
    "mmlu_world_religions": {
        "alias": "  - world_religions",
        "acc,none": 0.6608187134502924,
        "acc_stderr,none": 0.03631053496488904
    },
    "mmlu_other": {
        "acc,none": 0.5172191824911491,
        "acc_stderr,none": 0.008803641219236233,
        "alias": " - other"
    },
    "mmlu_business_ethics": {
        "alias": "  - business_ethics",
        "acc,none": 0.53,
        "acc_stderr,none": 0.05016135580465919
    },
    "mmlu_clinical_knowledge": {
        "alias": "  - clinical_knowledge",
        "acc,none": 0.46037735849056605,
        "acc_stderr,none": 0.03067609659938918
    },
    "mmlu_college_medicine": {
        "alias": "  - college_medicine",
        "acc,none": 0.42196531791907516,
        "acc_stderr,none": 0.03765746693865149
    },
    "mmlu_global_facts": {
        "alias": "  - global_facts",
        "acc,none": 0.33,
        "acc_stderr,none": 0.04725815626252605
    },
    "mmlu_human_aging": {
        "alias": "  - human_aging",
        "acc,none": 0.5291479820627802,
        "acc_stderr,none": 0.03350073248773403
    },
    "mmlu_management": {
        "alias": "  - management",
        "acc,none": 0.5242718446601942,
        "acc_stderr,none": 0.049449010929737795
    },
    "mmlu_marketing": {
        "alias": "  - marketing",
        "acc,none": 0.7008547008547008,
        "acc_stderr,none": 0.02999695185834949
    },
    "mmlu_medical_genetics": {
        "alias": "  - medical_genetics",
        "acc,none": 0.53,
        "acc_stderr,none": 0.050161355804659205
    },
    "mmlu_miscellaneous": {
        "alias": "  - miscellaneous",
        "acc,none": 0.6194125159642401,
        "acc_stderr,none": 0.017362564126075414
    },
    "mmlu_nutrition": {
        "alias": "  - nutrition",
        "acc,none": 0.47058823529411764,
        "acc_stderr,none": 0.028580341065138286
    },
    "mmlu_professional_accounting": {
        "alias": "  - professional_accounting",
        "acc,none": 0.36879432624113473,
        "acc_stderr,none": 0.02878222756134725
    },
    "mmlu_professional_medicine": {
        "alias": "  - professional_medicine",
        "acc,none": 0.4963235294117647,
        "acc_stderr,none": 0.030372015885428188
    },
    "mmlu_virology": {
        "alias": "  - virology",
        "acc,none": 0.41566265060240964,
        "acc_stderr,none": 0.03836722176598053
    },
    "mmlu_social_sciences": {
        "acc,none": 0.49528761780955477,
        "acc_stderr,none": 0.008878610489121043,
        "alias": " - social sciences"
    },
    "mmlu_econometrics": {
        "alias": "  - econometrics",
        "acc,none": 0.2807017543859649,
        "acc_stderr,none": 0.04227054451232199
    },
    "mmlu_high_school_geography": {
        "alias": "  - high_school_geography",
        "acc,none": 0.47474747474747475,
        "acc_stderr,none": 0.03557806245087314
    },
    "mmlu_high_school_government_and_politics": {
        "alias": "  - high_school_government_and_politics",
        "acc,none": 0.6735751295336787,
        "acc_stderr,none": 0.033840286211432945
    },
    "mmlu_high_school_macroeconomics": {
        "alias": "  - high_school_macroeconomics",
        "acc,none": 0.4256410256410256,
        "acc_stderr,none": 0.025069094387296535
    },
    "mmlu_high_school_microeconomics": {
        "alias": "  - high_school_microeconomics",
        "acc,none": 0.40756302521008403,
        "acc_stderr,none": 0.03191863374478465
    },
    "mmlu_high_school_psychology": {
        "alias": "  - high_school_psychology",
        "acc,none": 0.5743119266055046,
        "acc_stderr,none": 0.0211992359724708
    },
    "mmlu_human_sexuality": {
        "alias": "  - human_sexuality",
        "acc,none": 0.5343511450381679,
        "acc_stderr,none": 0.04374928560599738
    },
    "mmlu_professional_psychology": {
        "alias": "  - professional_psychology",
        "acc,none": 0.4297385620915033,
        "acc_stderr,none": 0.020027122784928547
    },
    "mmlu_public_relations": {
        "alias": "  - public_relations",
        "acc,none": 0.5,
        "acc_stderr,none": 0.04789131426105757
    },
    "mmlu_security_studies": {
        "alias": "  - security_studies",
        "acc,none": 0.4857142857142857,
        "acc_stderr,none": 0.03199615232806286
    },
    "mmlu_sociology": {
        "alias": "  - sociology",
        "acc,none": 0.6169154228855721,
        "acc_stderr,none": 0.034375193373382504
    },
    "mmlu_us_foreign_policy": {
        "alias": "  - us_foreign_policy",
        "acc,none": 0.61,
        "acc_stderr,none": 0.04902071300001975
    },
    "mmlu_stem": {
        "acc,none": 0.35807167776720583,
        "acc_stderr,none": 0.00842035129855856,
        "alias": " - stem"
    },
    "mmlu_abstract_algebra": {
        "alias": "  - abstract_algebra",
        "acc,none": 0.3,
        "acc_stderr,none": 0.046056618647183814
    },
    "mmlu_anatomy": {
        "alias": "  - anatomy",
        "acc,none": 0.4740740740740741,
        "acc_stderr,none": 0.04313531696750575
    },
    "mmlu_astronomy": {
        "alias": "  - astronomy",
        "acc,none": 0.3881578947368421,
        "acc_stderr,none": 0.03965842097512744
    },
    "mmlu_college_biology": {
        "alias": "  - college_biology",
        "acc,none": 0.4375,
        "acc_stderr,none": 0.04148415739394154
    },
    "mmlu_college_chemistry": {
        "alias": "  - college_chemistry",
        "acc,none": 0.29,
        "acc_stderr,none": 0.04560480215720683
    },
    "mmlu_college_computer_science": {
        "alias": "  - college_computer_science",
        "acc,none": 0.35,
        "acc_stderr,none": 0.04793724854411019
    },