{
    "mmlu": {
        "acc,none": 0.4541375872382851,
        "acc_stderr,none": 0.004076727244113071,
        "alias": "mmlu"
    },
    "mmlu_humanities": {
        "acc,none": 0.42911795961742827,
        "acc_stderr,none": 0.006966003778737817,
        "alias": " - humanities"
    },
    "mmlu_formal_logic": {
        "alias": "  - formal_logic",
        "acc,none": 0.29365079365079366,
        "acc_stderr,none": 0.04073524322147126
    },
    "mmlu_high_school_european_history": {
        "alias": "  - high_school_european_history",
        "acc,none": 0.6242424242424243,
        "acc_stderr,none": 0.03781887353205982
    },
    "mmlu_high_school_us_history": {
        "alias": "  - high_school_us_history",
        "acc,none": 0.4950980392156863,
        "acc_stderr,none": 0.03509143375606785
    },
    "mmlu_high_school_world_history": {
        "alias": "  - high_school_world_history",
        "acc,none": 0.5949367088607594,
        "acc_stderr,none": 0.03195514741370671
    },
    "mmlu_international_law": {
        "alias": "  - international_law",
        "acc,none": 0.6446280991735537,
        "acc_stderr,none": 0.04369236326573981
    },
    "mmlu_jurisprudence": {
        "alias": "  - jurisprudence",
        "acc,none": 0.5462962962962963,
        "acc_stderr,none": 0.04812917324536823
    },
    "mmlu_logical_fallacies": {
        "alias": "  - logical_fallacies",
        "acc,none": 0.5153374233128835,
        "acc_stderr,none": 0.03926522378708843
    },
    "mmlu_moral_disputes": {
        "alias": "  - moral_disputes",
        "acc,none": 0.48554913294797686,
        "acc_stderr,none": 0.026907849856282532
    },
    "mmlu_moral_scenarios": {
        "alias": "  - moral_scenarios",
        "acc,none": 0.2446927374301676,
        "acc_stderr,none": 0.014378169884098416
    },
    "mmlu_philosophy": {
        "alias": "  - philosophy",
        "acc,none": 0.572347266881029,
        "acc_stderr,none": 0.028099240775809563
    },
    "mmlu_prehistory": {
        "alias": "  - prehistory",
        "acc,none": 0.5030864197530864,
        "acc_stderr,none": 0.027820214158594377
    },
    "mmlu_professional_law": {
        "alias": "  - professional_law",
        "acc,none": 0.3709256844850065,
        "acc_stderr,none": 0.012337391684530312
    },
    "mmlu_world_religions": {
        "alias": "  - world_religions",
        "acc,none": 0.695906432748538,
        "acc_stderr,none": 0.03528211258245232
    },
    "mmlu_other": {
        "acc,none": 0.5271966527196653,
        "acc_stderr,none": 0.008773827257007717,
        "alias": " - other"
    },
    "mmlu_business_ethics": {
        "alias": "  - business_ethics",
        "acc,none": 0.5,
        "acc_stderr,none": 0.050251890762960605
    },
    "mmlu_clinical_knowledge": {
        "alias": "  - clinical_knowledge",
        "acc,none": 0.4679245283018868,
        "acc_stderr,none": 0.030709486992556545
    },
    "mmlu_college_medicine": {
        "alias": "  - college_medicine",
        "acc,none": 0.43352601156069365,
        "acc_stderr,none": 0.03778621079092056
    },
    "mmlu_global_facts": {
        "alias": "  - global_facts",
        "acc,none": 0.33,
        "acc_stderr,none": 0.04725815626252605
    },
    "mmlu_human_aging": {
        "alias": "  - human_aging",
        "acc,none": 0.5515695067264574,
        "acc_stderr,none": 0.03337883736255098
    },
    "mmlu_management": {
        "alias": "  - management",
        "acc,none": 0.5728155339805825,
        "acc_stderr,none": 0.04897957737781168
    },
    "mmlu_marketing": {
        "alias": "  - marketing",
        "acc,none": 0.6965811965811965,
        "acc_stderr,none": 0.03011821010694266
    },
    "mmlu_medical_genetics": {
        "alias": "  - medical_genetics",
        "acc,none": 0.51,
        "acc_stderr,none": 0.05024183937956912
    },
    "mmlu_miscellaneous": {
        "alias": "  - miscellaneous",
        "acc,none": 0.6411238825031929,
        "acc_stderr,none": 0.017152991797501342
    },
    "mmlu_nutrition": {
        "alias": "  - nutrition",
        "acc,none": 0.49019607843137253,
        "acc_stderr,none": 0.028624412550167965
    },
    "mmlu_professional_accounting": {
        "alias": "  - professional_accounting",
        "acc,none": 0.3546099290780142,
        "acc_stderr,none": 0.028538650028878638
    },
    "mmlu_professional_medicine": {
        "alias": "  - professional_medicine",
        "acc,none": 0.5073529411764706,
        "acc_stderr,none": 0.030369552523902173
    },
    "mmlu_virology": {
        "alias": "  - virology",
        "acc,none": 0.42168674698795183,
        "acc_stderr,none": 0.038444531817709175
    },
    "mmlu_social_sciences": {
        "acc,none": 0.5089372765680859,
        "acc_stderr,none": 0.008872438933078052,
        "alias": " - social sciences"
    },
    "mmlu_econometrics": {
        "alias": "  - econometrics",
        "acc,none": 0.2543859649122807,
        "acc_stderr,none": 0.04096985139843672
    },
    "mmlu_high_school_geography": {
        "alias": "  - high_school_geography",
        "acc,none": 0.4797979797979798,
        "acc_stderr,none": 0.03559443565563919
    },
    "mmlu_high_school_government_and_politics": {
        "alias": "  - high_school_government_and_politics",
        "acc,none": 0.6632124352331606,
        "acc_stderr,none": 0.03410780251836183
    },
    "mmlu_high_school_macroeconomics": {
        "alias": "  - high_school_macroeconomics",
        "acc,none": 0.45384615384615384,
        "acc_stderr,none": 0.025242770987126177
    },
    "mmlu_high_school_microeconomics": {
        "alias": "  - high_school_microeconomics",
        "acc,none": 0.4327731092436975,
        "acc_stderr,none": 0.03218358107742613
    },
    "mmlu_high_school_psychology": {
        "alias": "  - high_school_psychology",
        "acc,none": 0.6018348623853211,
        "acc_stderr,none": 0.02098798942265426
    },
    "mmlu_human_sexuality": {
        "alias": "  - human_sexuality",
        "acc,none": 0.5419847328244275,
        "acc_stderr,none": 0.04369802690578756
    },
    "mmlu_professional_psychology": {
        "alias": "  - professional_psychology",
        "acc,none": 0.4493464052287582,
        "acc_stderr,none": 0.02012376652802726
    },
    "mmlu_public_relations": {
        "alias": "  - public_relations",
        "acc,none": 0.5454545454545454,
        "acc_stderr,none": 0.04769300568972744
    },
    "mmlu_security_studies": {
        "alias": "  - security_studies",
        "acc,none": 0.45714285714285713,
        "acc_stderr,none": 0.031891418324213966
    },
    "mmlu_sociology": {
        "alias": "  - sociology",
        "acc,none": 0.6318407960199005,
        "acc_stderr,none": 0.03410410565495301
    },
    "mmlu_us_foreign_policy": {
        "alias": "  - us_foreign_policy",
        "acc,none": 0.61,
        "acc_stderr,none": 0.04902071300001975
    },
    "mmlu_stem": {
        "acc,none": 0.36600063431652397,
        "acc_stderr,none": 0.008476965343852555,
        "alias": " - stem"
    },
    "mmlu_abstract_algebra": {
        "alias": "  - abstract_algebra",
        "acc,none": 0.3,
        "acc_stderr,none": 0.046056618647183814
    },
    "mmlu_anatomy": {
        "alias": "  - anatomy",
        "acc,none": 0.48148148148148145,
        "acc_stderr,none": 0.043163785995113245
    },
    "mmlu_astronomy": {
        "alias": "  - astronomy",
        "acc,none": 0.39473684210526316,
        "acc_stderr,none": 0.039777499346220734
    },
    "mmlu_college_biology": {
        "alias": "  - college_biology",
        "acc,none": 0.4583333333333333,
        "acc_stderr,none": 0.04166666666666665
    },
    "mmlu_college_chemistry": {
        "alias": "  - college_chemistry",
        "acc,none": 0.36,
        "acc_stderr,none": 0.048241815132442176
    },
    "mmlu_college_computer_science": {
        "alias": "  - college_computer_science",
        "acc,none": 0.36,