{
    "mmlu": {
        "acc,none": 0.4436689930209372,
        "acc_stderr,none": 0.004076145585872208,
        "alias": "mmlu"
    },
    "mmlu_humanities": {
        "acc,none": 0.4308182784272051,
        "acc_stderr,none": 0.007024106383197138,
        "alias": " - humanities"
    },
    "mmlu_formal_logic": {
        "alias": "  - formal_logic",
        "acc,none": 0.31746031746031744,
        "acc_stderr,none": 0.04163453031302859
    },
    "mmlu_high_school_european_history": {
        "alias": "  - high_school_european_history",
        "acc,none": 0.6060606060606061,
        "acc_stderr,none": 0.0381549430868893
    },
    "mmlu_high_school_us_history": {
        "alias": "  - high_school_us_history",
        "acc,none": 0.5049019607843137,
        "acc_stderr,none": 0.03509143375606787
    },
    "mmlu_high_school_world_history": {
        "alias": "  - high_school_world_history",
        "acc,none": 0.5232067510548524,
        "acc_stderr,none": 0.03251215201141018
    },
    "mmlu_international_law": {
        "alias": "  - international_law",
        "acc,none": 0.628099173553719,
        "acc_stderr,none": 0.044120158066245044
    },
    "mmlu_jurisprudence": {
        "alias": "  - jurisprudence",
        "acc,none": 0.5462962962962963,
        "acc_stderr,none": 0.04812917324536823
    },
    "mmlu_logical_fallacies": {
        "alias": "  - logical_fallacies",
        "acc,none": 0.48466257668711654,
        "acc_stderr,none": 0.039265223787088424
    },
    "mmlu_moral_disputes": {
        "alias": "  - moral_disputes",
        "acc,none": 0.47398843930635837,
        "acc_stderr,none": 0.02688264343402289
    },
    "mmlu_moral_scenarios": {
        "alias": "  - moral_scenarios",
        "acc,none": 0.2770949720670391,
        "acc_stderr,none": 0.014968772435812147
    },
    "mmlu_philosophy": {
        "alias": "  - philosophy",
        "acc,none": 0.5980707395498392,
        "acc_stderr,none": 0.027846476005930477
    },
    "mmlu_prehistory": {
        "alias": "  - prehistory",
        "acc,none": 0.5092592592592593,
        "acc_stderr,none": 0.027815973433878014
    },
    "mmlu_professional_law": {
        "alias": "  - professional_law",
        "acc,none": 0.37027379400260757,
        "acc_stderr,none": 0.012332930781256737
    },
    "mmlu_world_religions": {
        "alias": "  - world_religions",
        "acc,none": 0.672514619883041,
        "acc_stderr,none": 0.03599335771456027
    },
    "mmlu_other": {
        "acc,none": 0.5046668812359189,
        "acc_stderr,none": 0.008774192444755913,
        "alias": " - other"
    },
    "mmlu_business_ethics": {
        "alias": "  - business_ethics",
        "acc,none": 0.51,
        "acc_stderr,none": 0.05024183937956912
    },
    "mmlu_clinical_knowledge": {
        "alias": "  - clinical_knowledge",
        "acc,none": 0.4226415094339623,
        "acc_stderr,none": 0.03040233144576954
    },
    "mmlu_college_medicine": {
        "alias": "  - college_medicine",
        "acc,none": 0.4161849710982659,
        "acc_stderr,none": 0.03758517775404947
    },
    "mmlu_global_facts": {
        "alias": "  - global_facts",
        "acc,none": 0.29,
        "acc_stderr,none": 0.045604802157206845
    },
    "mmlu_human_aging": {
        "alias": "  - human_aging",
        "acc,none": 0.5381165919282511,
        "acc_stderr,none": 0.03346015011973228
    },
    "mmlu_management": {
        "alias": "  - management",
        "acc,none": 0.5048543689320388,
        "acc_stderr,none": 0.049505043821289195
    },
    "mmlu_marketing": {
        "alias": "  - marketing",
        "acc,none": 0.688034188034188,
        "acc_stderr,none": 0.03035152732334496
    },
    "mmlu_medical_genetics": {
        "alias": "  - medical_genetics",
        "acc,none": 0.52,
        "acc_stderr,none": 0.050211673156867795
    },
    "mmlu_miscellaneous": {
        "alias": "  - miscellaneous",
        "acc,none": 0.6206896551724138,
        "acc_stderr,none": 0.017351268117544453
    },
    "mmlu_nutrition": {
        "alias": "  - nutrition",
        "acc,none": 0.48366013071895425,
        "acc_stderr,none": 0.028614624752805407
    },
    "mmlu_professional_accounting": {
        "alias": "  - professional_accounting",
        "acc,none": 0.34397163120567376,
        "acc_stderr,none": 0.028338017428611327
    },
    "mmlu_professional_medicine": {
        "alias": "  - professional_medicine",
        "acc,none": 0.4485294117647059,
        "acc_stderr,none": 0.030211479609121596
    },
    "mmlu_virology": {
        "alias": "  - virology",
        "acc,none": 0.39759036144578314,
        "acc_stderr,none": 0.038099730845402184
    },
    "mmlu_social_sciences": {
        "acc,none": 0.4975625609359766,
        "acc_stderr,none": 0.00887277023168861,
        "alias": " - social sciences"
    },
    "mmlu_econometrics": {
        "alias": "  - econometrics",
        "acc,none": 0.22807017543859648,
        "acc_stderr,none": 0.03947152782669415
    },
    "mmlu_high_school_geography": {
        "alias": "  - high_school_geography",
        "acc,none": 0.494949494949495,
        "acc_stderr,none": 0.035621707606254015
    },
    "mmlu_high_school_government_and_politics": {
        "alias": "  - high_school_government_and_politics",
        "acc,none": 0.6735751295336787,
        "acc_stderr,none": 0.033840286211432945
    },
    "mmlu_high_school_macroeconomics": {
        "alias": "  - high_school_macroeconomics",
        "acc,none": 0.44871794871794873,
        "acc_stderr,none": 0.025217315184846482
    },
    "mmlu_high_school_microeconomics": {
        "alias": "  - high_school_microeconomics",
        "acc,none": 0.41596638655462187,
        "acc_stderr,none": 0.03201650100739615
    },
    "mmlu_high_school_psychology": {
        "alias": "  - high_school_psychology",
        "acc,none": 0.5871559633027523,
        "acc_stderr,none": 0.02110912813341392
    },
    "mmlu_human_sexuality": {
        "alias": "  - human_sexuality",
        "acc,none": 0.549618320610687,
        "acc_stderr,none": 0.04363643698524779
    },
    "mmlu_professional_psychology": {
        "alias": "  - professional_psychology",
        "acc,none": 0.44607843137254904,
        "acc_stderr,none": 0.02010986454718136
    },
    "mmlu_public_relations": {
        "alias": "  - public_relations",
        "acc,none": 0.4909090909090909,
        "acc_stderr,none": 0.04788339768702861
    },
    "mmlu_security_studies": {
        "alias": "  - security_studies",
        "acc,none": 0.43673469387755104,
        "acc_stderr,none": 0.031751952375833226
    },
    "mmlu_sociology": {
        "alias": "  - sociology",
        "acc,none": 0.5671641791044776,
        "acc_stderr,none": 0.0350349092367328
    },
    "mmlu_us_foreign_policy": {
        "alias": "  - us_foreign_policy",
        "acc,none": 0.63,
        "acc_stderr,none": 0.04852365870939099
    },
    "mmlu_stem": {
        "acc,none": 0.35014272121788775,
        "acc_stderr,none": 0.008362826812114496,
        "alias": " - stem"
    },
    "mmlu_abstract_algebra": {
        "alias": "  - abstract_algebra",
        "acc,none": 0.29,
        "acc_stderr,none": 0.04560480215720683
    },
    "mmlu_anatomy": {
        "alias": "  - anatomy",
        "acc,none": 0.4444444444444444,
        "acc_stderr,none": 0.04292596718256981
    },
    "mmlu_astronomy": {
        "alias": "  - astronomy",
        "acc,none": 0.39473684210526316,
        "acc_stderr,none": 0.039777499346220734
    },
    "mmlu_college_biology": {
        "alias": "  - college_biology",
        "acc,none": 0.4652777777777778,
        "acc_stderr,none": 0.04171115858181618
    },
    "mmlu_college_chemistry": {
        "alias": "  - college_chemistry",
        "acc,none": 0.35,
        "acc_stderr,none": 0.047937248544110196
    },
    "mmlu_college_computer_science": {
        "alias": "  - college_computer_science",
        "acc,none": 0.32,