{
    "mmlu": {
        "acc,none": 0.45420880216493376,
        "acc_stderr,none": 0.00407704335565218,
        "alias": "mmlu"
    },
    "mmlu_humanities": {
        "acc,none": 0.4248671625929862,
        "acc_stderr,none": 0.006952319929493484,
        "alias": " - humanities"
    },
    "mmlu_formal_logic": {
        "alias": "  - formal_logic",
        "acc,none": 0.2777777777777778,
        "acc_stderr,none": 0.040061680838488774
    },
    "mmlu_high_school_european_history": {
        "alias": "  - high_school_european_history",
        "acc,none": 0.6,
        "acc_stderr,none": 0.03825460278380026
    },
    "mmlu_high_school_us_history": {
        "alias": "  - high_school_us_history",
        "acc,none": 0.5294117647058824,
        "acc_stderr,none": 0.03503235296367992
    },
    "mmlu_high_school_world_history": {
        "alias": "  - high_school_world_history",
        "acc,none": 0.6118143459915611,
        "acc_stderr,none": 0.03172295004332328
    },
    "mmlu_international_law": {
        "alias": "  - international_law",
        "acc,none": 0.628099173553719,
        "acc_stderr,none": 0.044120158066245044
    },
    "mmlu_jurisprudence": {
        "alias": "  - jurisprudence",
        "acc,none": 0.49074074074074076,
        "acc_stderr,none": 0.04832853553437055
    },
    "mmlu_logical_fallacies": {
        "alias": "  - logical_fallacies",
        "acc,none": 0.4601226993865031,
        "acc_stderr,none": 0.03915857291436971
    },
    "mmlu_moral_disputes": {
        "alias": "  - moral_disputes",
        "acc,none": 0.5028901734104047,
        "acc_stderr,none": 0.026918645383239004
    },
    "mmlu_moral_scenarios": {
        "alias": "  - moral_scenarios",
        "acc,none": 0.2581005586592179,
        "acc_stderr,none": 0.014635185616527829
    },
    "mmlu_philosophy": {
        "alias": "  - philosophy",
        "acc,none": 0.5916398713826366,
        "acc_stderr,none": 0.027917050748484627
    },
    "mmlu_prehistory": {
        "alias": "  - prehistory",
        "acc,none": 0.5154320987654321,
        "acc_stderr,none": 0.027807490044276184
    },
    "mmlu_professional_law": {
        "alias": "  - professional_law",
        "acc,none": 0.34876140808344197,
        "acc_stderr,none": 0.012172035157127122
    },
    "mmlu_world_religions": {
        "alias": "  - world_religions",
        "acc,none": 0.6842105263157895,
        "acc_stderr,none": 0.035650796707083106
    },
    "mmlu_other": {
        "acc,none": 0.5204377212745414,
        "acc_stderr,none": 0.008792241242147662,
        "alias": " - other"
    },
    "mmlu_business_ethics": {
        "alias": "  - business_ethics",
        "acc,none": 0.52,
        "acc_stderr,none": 0.050211673156867795
    },
    "mmlu_clinical_knowledge": {
        "alias": "  - clinical_knowledge",
        "acc,none": 0.4490566037735849,
        "acc_stderr,none": 0.030612730713641095
    },
    "mmlu_college_medicine": {
        "alias": "  - college_medicine",
        "acc,none": 0.41040462427745666,
        "acc_stderr,none": 0.03750757044895538
    },
    "mmlu_global_facts": {
        "alias": "  - global_facts",
        "acc,none": 0.33,
        "acc_stderr,none": 0.04725815626252606
    },
    "mmlu_human_aging": {
        "alias": "  - human_aging",
        "acc,none": 0.5246636771300448,
        "acc_stderr,none": 0.03351695167652628
    },
    "mmlu_management": {
        "alias": "  - management",
        "acc,none": 0.5145631067961165,
        "acc_stderr,none": 0.04948637324026637
    },
    "mmlu_marketing": {
        "alias": "  - marketing",
        "acc,none": 0.6794871794871795,
        "acc_stderr,none": 0.030572811310299604
    },
    "mmlu_medical_genetics": {
        "alias": "  - medical_genetics",
        "acc,none": 0.55,
        "acc_stderr,none": 0.05
    },
    "mmlu_miscellaneous": {
        "alias": "  - miscellaneous",
        "acc,none": 0.6372924648786717,
        "acc_stderr,none": 0.0171927086746023
    },
    "mmlu_nutrition": {
        "alias": "  - nutrition",
        "acc,none": 0.49019607843137253,
        "acc_stderr,none": 0.028624412550167965
    },
    "mmlu_professional_accounting": {
        "alias": "  - professional_accounting",
        "acc,none": 0.375886524822695,
        "acc_stderr,none": 0.02889395541211588
    },
    "mmlu_professional_medicine": {
        "alias": "  - professional_medicine",
        "acc,none": 0.5,
        "acc_stderr,none": 0.030372836961539352
    },
    "mmlu_virology": {
        "alias": "  - virology",
        "acc,none": 0.4036144578313253,
        "acc_stderr,none": 0.038194861407583984
    },
    "mmlu_social_sciences": {
        "acc,none": 0.5154371140721482,
        "acc_stderr,none": 0.00888368866049195,
        "alias": " - social sciences"
    },
    "mmlu_econometrics": {
        "alias": "  - econometrics",
        "acc,none": 0.34210526315789475,
        "acc_stderr,none": 0.04462917535336936
    },
    "mmlu_high_school_geography": {
        "alias": "  - high_school_geography",
        "acc,none": 0.5050505050505051,
        "acc_stderr,none": 0.035621707606254015
    },
    "mmlu_high_school_government_and_politics": {
        "alias": "  - high_school_government_and_politics",
        "acc,none": 0.6787564766839378,
        "acc_stderr,none": 0.033699508685490674
    },
    "mmlu_high_school_macroeconomics": {
        "alias": "  - high_school_macroeconomics",
        "acc,none": 0.4358974358974359,
        "acc_stderr,none": 0.02514180151117749
    },
    "mmlu_high_school_microeconomics": {
        "alias": "  - high_school_microeconomics",
        "acc,none": 0.40756302521008403,
        "acc_stderr,none": 0.03191863374478466
    },
    "mmlu_high_school_psychology": {
        "alias": "  - high_school_psychology",
        "acc,none": 0.5944954128440367,
        "acc_stderr,none": 0.021050997991896837
    },
    "mmlu_human_sexuality": {
        "alias": "  - human_sexuality",
        "acc,none": 0.5419847328244275,
        "acc_stderr,none": 0.04369802690578756
    },
    "mmlu_professional_psychology": {
        "alias": "  - professional_psychology",
        "acc,none": 0.4542483660130719,
        "acc_stderr,none": 0.020142974553795198
    },
    "mmlu_public_relations": {
        "alias": "  - public_relations",
        "acc,none": 0.5272727272727272,
        "acc_stderr,none": 0.04782001791380061
    },
    "mmlu_security_studies": {
        "alias": "  - security_studies",
        "acc,none": 0.5142857142857142,
        "acc_stderr,none": 0.03199615232806287
    },
    "mmlu_sociology": {
        "alias": "  - sociology",
        "acc,none": 0.6268656716417911,
        "acc_stderr,none": 0.03419832608176007
    },
    "mmlu_us_foreign_policy": {
        "alias": "  - us_foreign_policy",
        "acc,none": 0.66,
        "acc_stderr,none": 0.04760952285695238
    },
    "mmlu_stem": {
        "acc,none": 0.37297811607992387,
        "acc_stderr,none": 0.008475277943574519,
        "alias": " - stem"
    },
    "mmlu_abstract_algebra": {
        "alias": "  - abstract_algebra",
        "acc,none": 0.29,
        "acc_stderr,none": 0.04560480215720684
    },
    "mmlu_anatomy": {
        "alias": "  - anatomy",
        "acc,none": 0.45185185185185184,
        "acc_stderr,none": 0.04299268905480863
    },
    "mmlu_astronomy": {
        "alias": "  - astronomy",
        "acc,none": 0.4144736842105263,
        "acc_stderr,none": 0.04008973785779205
    },
    "mmlu_college_biology": {
        "alias": "  - college_biology",
        "acc,none": 0.4444444444444444,
        "acc_stderr,none": 0.04155319955593146
    },
    "mmlu_college_chemistry": {
        "alias": "  - college_chemistry",
        "acc,none": 0.31,
        "acc_stderr,none": 0.04648231987117316
    },
    "mmlu_college_computer_science": {
        "alias": "  - college_computer_science",
        "acc,none": 0.38,
        "acc_stderr,none": 0.048783173121456316
    },