{
    "winogrande": {
        "alias": "winogrande",
        "acc,none": 0.6803472770323599,
        "acc_stderr,none": 0.013106528517665146
    }
}