{
    "winogrande": {
        "alias": "winogrande",
        "acc,none": 0.6022099447513812,
        "acc_stderr,none": 0.013755743513749022
    }
}