{
    "winogrande": {
        "alias": "winogrande",
        "acc,none": 0.5185477505919495,
        "acc_stderr,none": 0.014042813708888378
    }
}