{
    "winogrande": {
        "alias": "winogrande",
        "acc,none": 0.5588003157063931,
        "acc_stderr,none": 0.013954975072834728
    }
}