{
    "winogrande": {
        "alias": "winogrande",
        "acc,none": 0.6866614048934491,
        "acc_stderr,none": 0.013036512096747993
    }
}