{
    "winogrande": {
        "alias": "winogrande",
        "acc,none": 0.6961325966850829,
        "acc_stderr,none": 0.012926209475483568
    }
}