{
    "winogrande": {
        "alias": "winogrande",
        "acc,none": 0.6527229676400947,
        "acc_stderr,none": 0.013380909249751237
    }
}