{
    "winogrande": {
        "alias": "winogrande",
        "acc,none": 0.5011838989739542,
        "acc_stderr,none": 0.014052446290529015
    }
}