{
    "winogrande": {
        "alias": "winogrande",
        "acc,none": 0.7032359905288083,
        "acc_stderr,none": 0.012839239695202023
    }
}