{
    "winogrande": {
        "alias": "winogrande",
        "acc,none": 0.7190213101815311,
        "acc_stderr,none": 0.012632541095875827
    }
}