{
    "winogrande": {
        "alias": "winogrande",
        "acc,none": 0.7087608524072613,
        "acc_stderr,none": 0.012769029305370704
    }
}