{
    "winogrande": {
        "alias": "winogrande",
        "acc,none": 0.659037095501184,
        "acc_stderr,none": 0.013322681435934791
    }
}