{
    "winogrande": {
        "alias": "winogrande",
        "acc,none": 0.5193370165745856,
        "acc_stderr,none": 0.014041972733712979
    }
}