{
    "winogrande": {
        "alias": "winogrande",
        "acc,none": 0.6314127861089187,
        "acc_stderr,none": 0.01355844757009932
    }
}