{
    "mmlu": {
        "acc,none": 0.5423016664292836,
        "acc_stderr,none": 0.0039651955294080065,
        "alias": "mmlu"
    },
    "mmlu_humanities": {
        "acc,none": 0.5192348565356004,
        "acc_stderr,none": 0.006895921694829927,
        "alias": " - humanities"
    },
    "mmlu_formal_logic": {
        "alias": "  - formal_logic",
        "acc,none": 0.29365079365079366,
        "acc_stderr,none": 0.04073524322147126
    },
    "mmlu_high_school_european_history": {
        "alias": "  - high_school_european_history",
        "acc,none": 0.7333333333333333,
        "acc_stderr,none": 0.03453131801885417
    },
    "mmlu_high_school_us_history": {
        "alias": "  - high_school_us_history",
        "acc,none": 0.7892156862745098,
        "acc_stderr,none": 0.028626547912437395
    },
    "mmlu_high_school_world_history": {
        "alias": "  - high_school_world_history",
        "acc,none": 0.7383966244725738,
        "acc_stderr,none": 0.028609516716994934
    },
    "mmlu_international_law": {
        "alias": "  - international_law",
        "acc,none": 0.743801652892562,
        "acc_stderr,none": 0.03984979653302872
    },
    "mmlu_jurisprudence": {
        "alias": "  - jurisprudence",
        "acc,none": 0.6018518518518519,
        "acc_stderr,none": 0.047323326159788126
    },
    "mmlu_logical_fallacies": {
        "alias": "  - logical_fallacies",
        "acc,none": 0.7055214723926381,
        "acc_stderr,none": 0.03581165790474082
    },
    "mmlu_moral_disputes": {
        "alias": "  - moral_disputes",
        "acc,none": 0.6098265895953757,
        "acc_stderr,none": 0.02626167760780665
    },
    "mmlu_moral_scenarios": {
        "alias": "  - moral_scenarios",
        "acc,none": 0.4011173184357542,
        "acc_stderr,none": 0.01639222189940708
    },
    "mmlu_philosophy": {
        "alias": "  - philosophy",
        "acc,none": 0.6141479099678456,
        "acc_stderr,none": 0.027648149599751464
    },
    "mmlu_prehistory": {
        "alias": "  - prehistory",
        "acc,none": 0.6666666666666666,
        "acc_stderr,none": 0.02622964917882116
    },
    "mmlu_professional_law": {
        "alias": "  - professional_law",
        "acc,none": 0.36962190352020863,
        "acc_stderr,none": 0.01232844577857525
    },
    "mmlu_world_religions": {
        "alias": "  - world_religions",
        "acc,none": 0.7894736842105263,
        "acc_stderr,none": 0.03126781714663179
    },
    "mmlu_other": {
        "acc,none": 0.6163501770196331,
        "acc_stderr,none": 0.008264576383293113,
        "alias": " - other"
    },
    "mmlu_business_ethics": {
        "alias": "  - business_ethics",
        "acc,none": 0.6,
        "acc_stderr,none": 0.049236596391733084
    },
    "mmlu_clinical_knowledge": {
        "alias": "  - clinical_knowledge",
        "acc,none": 0.5094339622641509,
        "acc_stderr,none": 0.030767394707808093
    },
    "mmlu_college_medicine": {
        "alias": "  - college_medicine",
        "acc,none": 0.5375722543352601,
        "acc_stderr,none": 0.0380168510452446
    },
    "mmlu_global_facts": {
        "alias": "  - global_facts",
        "acc,none": 0.24,
        "acc_stderr,none": 0.04292346959909282
    },
    "mmlu_human_aging": {
        "alias": "  - human_aging",
        "acc,none": 0.6457399103139013,
        "acc_stderr,none": 0.03210062154134988
    },
    "mmlu_management": {
        "alias": "  - management",
        "acc,none": 0.7087378640776699,
        "acc_stderr,none": 0.044986763205729245
    },
    "mmlu_marketing": {
        "alias": "  - marketing",
        "acc,none": 0.8376068376068376,
        "acc_stderr,none": 0.02416161812798774
    },
    "mmlu_medical_genetics": {
        "alias": "  - medical_genetics",
        "acc,none": 0.72,
        "acc_stderr,none": 0.04512608598542127
    },
    "mmlu_miscellaneous": {
        "alias": "  - miscellaneous",
        "acc,none": 0.7752234993614304,
        "acc_stderr,none": 0.014927447101937157
    },
    "mmlu_nutrition": {
        "alias": "  - nutrition",
        "acc,none": 0.5849673202614379,
        "acc_stderr,none": 0.028213504177824093
    },
    "mmlu_professional_accounting": {
        "alias": "  - professional_accounting",
        "acc,none": 0.3404255319148936,
        "acc_stderr,none": 0.028267657482650147
    },
    "mmlu_professional_medicine": {
        "alias": "  - professional_medicine",
        "acc,none": 0.5919117647058824,
        "acc_stderr,none": 0.029855261393483927
    },
    "mmlu_virology": {
        "alias": "  - virology",
        "acc,none": 0.45180722891566266,
        "acc_stderr,none": 0.03874371556587953
    },
    "mmlu_social_sciences": {
        "acc,none": 0.6204094897627559,
        "acc_stderr,none": 0.008550644964240354,
        "alias": " - social sciences"
    },
    "mmlu_econometrics": {
        "alias": "  - econometrics",
        "acc,none": 0.40350877192982454,
        "acc_stderr,none": 0.04615186962583704
    },
    "mmlu_high_school_geography": {
        "alias": "  - high_school_geography",
        "acc,none": 0.702020202020202,
        "acc_stderr,none": 0.03258630383836554
    },
    "mmlu_high_school_government_and_politics": {
        "alias": "  - high_school_government_and_politics",
        "acc,none": 0.8186528497409327,
        "acc_stderr,none": 0.02780703236068609
    },
    "mmlu_high_school_macroeconomics": {
        "alias": "  - high_school_macroeconomics",
        "acc,none": 0.5051282051282051,
        "acc_stderr,none": 0.025349672906838667
    },
    "mmlu_high_school_microeconomics": {
        "alias": "  - high_school_microeconomics",
        "acc,none": 0.542016806722689,
        "acc_stderr,none": 0.03236361111951941
    },
    "mmlu_high_school_psychology": {
        "alias": "  - high_school_psychology",
        "acc,none": 0.6642201834862386,
        "acc_stderr,none": 0.020248081396752934
    },
    "mmlu_human_sexuality": {
        "alias": "  - human_sexuality",
        "acc,none": 0.6106870229007634,
        "acc_stderr,none": 0.04276486542814591
    },
    "mmlu_professional_psychology": {
        "alias": "  - professional_psychology",
        "acc,none": 0.6470588235294118,
        "acc_stderr,none": 0.01933314202079716
    },
    "mmlu_public_relations": {
        "alias": "  - public_relations",
        "acc,none": 0.5636363636363636,
        "acc_stderr,none": 0.04750185058907296
    },
    "mmlu_security_studies": {
        "alias": "  - security_studies",
        "acc,none": 0.45714285714285713,
        "acc_stderr,none": 0.03189141832421397
    },
    "mmlu_sociology": {
        "alias": "  - sociology",
        "acc,none": 0.7412935323383084,
        "acc_stderr,none": 0.030965903123573037
    },
    "mmlu_us_foreign_policy": {
        "alias": "  - us_foreign_policy",
        "acc,none": 0.79,
        "acc_stderr,none": 0.04093601807403326
    },
    "mmlu_stem": {
        "acc,none": 0.42752933713923247,
        "acc_stderr,none": 0.008366392563647514,
        "alias": " - stem"
    },
    "mmlu_abstract_algebra": {
        "alias": "  - abstract_algebra",
        "acc,none": 0.22,
        "acc_stderr,none": 0.041633319989322695
    },
    "mmlu_anatomy": {
        "alias": "  - anatomy",
        "acc,none": 0.5851851851851851,
        "acc_stderr,none": 0.042561937679014075
    },
    "mmlu_astronomy": {
        "alias": "  - astronomy",
        "acc,none": 0.5986842105263158,
        "acc_stderr,none": 0.039889037033362836
    },
    "mmlu_college_biology": {
        "alias": "  - college_biology",
        "acc,none": 0.5972222222222222,
        "acc_stderr,none": 0.04101405519842426
    },
    "mmlu_college_chemistry": {
        "alias": "  - college_chemistry",
        "acc,none": 0.33,
        "acc_stderr,none": 0.047258156262526045
    },
    "mmlu_college_computer_science": {
        "alias": "  - college_computer_science",
        "acc,none": 0.37,
        "acc_stderr,none": 0.048523658709391
    },