{
    "mmlu": {
        "acc,none": 0.6469163936761145,
        "acc_stderr,none": 0.0037916557755609754,
        "alias": "mmlu"
    },
    "mmlu_humanities": {
        "acc,none": 0.5874601487778959,
        "acc_stderr,none": 0.006725419080846422,
        "alias": " - humanities"
    },
    "mmlu_formal_logic": {
        "alias": "  - formal_logic",
        "acc,none": 0.46825396825396826,
        "acc_stderr,none": 0.04463112720677172
    },
    "mmlu_high_school_european_history": {
        "alias": "  - high_school_european_history",
        "acc,none": 0.7515151515151515,
        "acc_stderr,none": 0.033744026441394036
    },
    "mmlu_high_school_us_history": {
        "alias": "  - high_school_us_history",
        "acc,none": 0.8480392156862745,
        "acc_stderr,none": 0.025195658428931778
    },
    "mmlu_high_school_world_history": {
        "alias": "  - high_school_world_history",
        "acc,none": 0.8312236286919831,
        "acc_stderr,none": 0.024381406832586234
    },
    "mmlu_international_law": {
        "alias": "  - international_law",
        "acc,none": 0.8429752066115702,
        "acc_stderr,none": 0.03321244842547128
    },
    "mmlu_jurisprudence": {
        "alias": "  - jurisprudence",
        "acc,none": 0.7777777777777778,
        "acc_stderr,none": 0.0401910747255735
    },
    "mmlu_logical_fallacies": {
        "alias": "  - logical_fallacies",
        "acc,none": 0.7484662576687117,
        "acc_stderr,none": 0.034089978868575295
    },
    "mmlu_moral_disputes": {
        "alias": "  - moral_disputes",
        "acc,none": 0.7196531791907514,
        "acc_stderr,none": 0.024182427496577612
    },
    "mmlu_moral_scenarios": {
        "alias": "  - moral_scenarios",
        "acc,none": 0.3787709497206704,
        "acc_stderr,none": 0.01622353351036511
    },
    "mmlu_philosophy": {
        "alias": "  - philosophy",
        "acc,none": 0.7395498392282959,
        "acc_stderr,none": 0.02492672322484555
    },
    "mmlu_prehistory": {
        "alias": "  - prehistory",
        "acc,none": 0.7222222222222222,
        "acc_stderr,none": 0.02492200116888633
    },
    "mmlu_professional_law": {
        "alias": "  - professional_law",
        "acc,none": 0.46284224250325945,
        "acc_stderr,none": 0.012734923579532065
    },
    "mmlu_world_religions": {
        "alias": "  - world_religions",
        "acc,none": 0.8245614035087719,
        "acc_stderr,none": 0.029170885500727654
    },
    "mmlu_other": {
        "acc,none": 0.7254586417766334,
        "acc_stderr,none": 0.007678212865915343,
        "alias": " - other"
    },
    "mmlu_business_ethics": {
        "alias": "  - business_ethics",
        "acc,none": 0.6,
        "acc_stderr,none": 0.049236596391733084
    },
    "mmlu_clinical_knowledge": {
        "alias": "  - clinical_knowledge",
        "acc,none": 0.7471698113207547,
        "acc_stderr,none": 0.02674989977124122
    },
    "mmlu_college_medicine": {
        "alias": "  - college_medicine",
        "acc,none": 0.6473988439306358,
        "acc_stderr,none": 0.036430371689585475
    },
    "mmlu_global_facts": {
        "alias": "  - global_facts",
        "acc,none": 0.38,
        "acc_stderr,none": 0.048783173121456316
    },
    "mmlu_human_aging": {
        "alias": "  - human_aging",
        "acc,none": 0.6905829596412556,
        "acc_stderr,none": 0.031024411740572213
    },
    "mmlu_management": {
        "alias": "  - management",
        "acc,none": 0.8932038834951457,
        "acc_stderr,none": 0.030581088928331373
    },
    "mmlu_marketing": {
        "alias": "  - marketing",
        "acc,none": 0.8846153846153846,
        "acc_stderr,none": 0.02093019318517933
    },
    "mmlu_medical_genetics": {
        "alias": "  - medical_genetics",
        "acc,none": 0.78,
        "acc_stderr,none": 0.04163331998932262
    },
    "mmlu_miscellaneous": {
        "alias": "  - miscellaneous",
        "acc,none": 0.8326947637292464,
        "acc_stderr,none": 0.01334732720292033
    },
    "mmlu_nutrition": {
        "alias": "  - nutrition",
        "acc,none": 0.761437908496732,
        "acc_stderr,none": 0.02440439492808787
    },
    "mmlu_professional_accounting": {
        "alias": "  - professional_accounting",
        "acc,none": 0.5106382978723404,
        "acc_stderr,none": 0.02982074719142244
    },
    "mmlu_professional_medicine": {
        "alias": "  - professional_medicine",
        "acc,none": 0.7205882352941176,
        "acc_stderr,none": 0.02725720260611495
    },
    "mmlu_virology": {
        "alias": "  - virology",
        "acc,none": 0.5421686746987951,
        "acc_stderr,none": 0.038786267710023595
    },
    "mmlu_social_sciences": {
        "acc,none": 0.7546311342216444,
        "acc_stderr,none": 0.007587687759405964,
        "alias": " - social sciences"
    },
    "mmlu_econometrics": {
        "alias": "  - econometrics",
        "acc,none": 0.49122807017543857,
        "acc_stderr,none": 0.04702880432049615
    },
    "mmlu_high_school_geography": {
        "alias": "  - high_school_geography",
        "acc,none": 0.8080808080808081,
        "acc_stderr,none": 0.028057791672989017
    },
    "mmlu_high_school_government_and_politics": {
        "alias": "  - high_school_government_and_politics",
        "acc,none": 0.8963730569948186,
        "acc_stderr,none": 0.021995311963644244
    },
    "mmlu_high_school_macroeconomics": {
        "alias": "  - high_school_macroeconomics",
        "acc,none": 0.6435897435897436,
        "acc_stderr,none": 0.024283140529467305
    },
    "mmlu_high_school_microeconomics": {
        "alias": "  - high_school_microeconomics",
        "acc,none": 0.7184873949579832,
        "acc_stderr,none": 0.029213549414372167
    },
    "mmlu_high_school_psychology": {
        "alias": "  - high_school_psychology",
        "acc,none": 0.8458715596330275,
        "acc_stderr,none": 0.015480826865374294
    },
    "mmlu_human_sexuality": {
        "alias": "  - human_sexuality",
        "acc,none": 0.7557251908396947,
        "acc_stderr,none": 0.03768335959728745
    },
    "mmlu_professional_psychology": {
        "alias": "  - professional_psychology",
        "acc,none": 0.7026143790849673,
        "acc_stderr,none": 0.018492596536396955
    },
    "mmlu_public_relations": {
        "alias": "  - public_relations",
        "acc,none": 0.7181818181818181,
        "acc_stderr,none": 0.043091187099464585
    },
    "mmlu_security_studies": {
        "alias": "  - security_studies",
        "acc,none": 0.7551020408163265,
        "acc_stderr,none": 0.027529637440174917
    },
    "mmlu_sociology": {
        "alias": "  - sociology",
        "acc,none": 0.8557213930348259,
        "acc_stderr,none": 0.02484575321230605
    },
    "mmlu_us_foreign_policy": {
        "alias": "  - us_foreign_policy",
        "acc,none": 0.85,
        "acc_stderr,none": 0.035887028128263686
    },
    "mmlu_stem": {
        "acc,none": 0.5531240088804313,
        "acc_stderr,none": 0.008506445736081466,
        "alias": " - stem"
    },
    "mmlu_abstract_algebra": {
        "alias": "  - abstract_algebra",
        "acc,none": 0.31,
        "acc_stderr,none": 0.04648231987117316
    },
    "mmlu_anatomy": {
        "alias": "  - anatomy",
        "acc,none": 0.7185185185185186,
        "acc_stderr,none": 0.038850042458002526
    },
    "mmlu_astronomy": {
        "alias": "  - astronomy",
        "acc,none": 0.6907894736842105,
        "acc_stderr,none": 0.03761070869867479
    },
    "mmlu_college_biology": {
        "alias": "  - college_biology",
        "acc,none": 0.7708333333333334,
        "acc_stderr,none": 0.03514697467862388
    },
    "mmlu_college_chemistry": {
        "alias": "  - college_chemistry",
        "acc,none": 0.49,
        "acc_stderr,none": 0.05024183937956912
    },
    "mmlu_college_computer_science": {
        "alias": "  - college_computer_science",
        "acc,none": 0.5,