{
    "mmlu": {
        "acc,none": 0.6357356501922803,
        "acc_stderr,none": 0.0038123027887388126,
        "alias": "mmlu"
    },
    "mmlu_humanities": {
        "acc,none": 0.58384697130712,
        "acc_stderr,none": 0.006721919274480053,
        "alias": " - humanities"
    },
    "mmlu_formal_logic": {
        "alias": "  - formal_logic",
        "acc,none": 0.4603174603174603,
        "acc_stderr,none": 0.04458029125470973
    },
    "mmlu_high_school_european_history": {
        "alias": "  - high_school_european_history",
        "acc,none": 0.7393939393939394,
        "acc_stderr,none": 0.034277431758165236
    },
    "mmlu_high_school_us_history": {
        "alias": "  - high_school_us_history",
        "acc,none": 0.8088235294117647,
        "acc_stderr,none": 0.027599174300640773
    },
    "mmlu_high_school_world_history": {
        "alias": "  - high_school_world_history",
        "acc,none": 0.8185654008438819,
        "acc_stderr,none": 0.02508596114457966
    },
    "mmlu_international_law": {
        "alias": "  - international_law",
        "acc,none": 0.8677685950413223,
        "acc_stderr,none": 0.030922788320445795
    },
    "mmlu_jurisprudence": {
        "alias": "  - jurisprudence",
        "acc,none": 0.75,
        "acc_stderr,none": 0.04186091791394607
    },
    "mmlu_logical_fallacies": {
        "alias": "  - logical_fallacies",
        "acc,none": 0.754601226993865,
        "acc_stderr,none": 0.03380939813943354
    },
    "mmlu_moral_disputes": {
        "alias": "  - moral_disputes",
        "acc,none": 0.7254335260115607,
        "acc_stderr,none": 0.02402774515526501
    },
    "mmlu_moral_scenarios": {
        "alias": "  - moral_scenarios",
        "acc,none": 0.3675977653631285,
        "acc_stderr,none": 0.016125543823552947
    },
    "mmlu_philosophy": {
        "alias": "  - philosophy",
        "acc,none": 0.7491961414790996,
        "acc_stderr,none": 0.02461977195669716
    },
    "mmlu_prehistory": {
        "alias": "  - prehistory",
        "acc,none": 0.7283950617283951,
        "acc_stderr,none": 0.02474862449053737
    },
    "mmlu_professional_law": {
        "alias": "  - professional_law",
        "acc,none": 0.4602346805736636,
        "acc_stderr,none": 0.01272978538659856
    },
    "mmlu_world_religions": {
        "alias": "  - world_religions",
        "acc,none": 0.8421052631578947,
        "acc_stderr,none": 0.027966785859160893
    },
    "mmlu_other": {
        "acc,none": 0.7135500482780818,
        "acc_stderr,none": 0.007750405751303132,
        "alias": " - other"
    },
    "mmlu_business_ethics": {
        "alias": "  - business_ethics",
        "acc,none": 0.61,
        "acc_stderr,none": 0.04902071300001974
    },
    "mmlu_clinical_knowledge": {
        "alias": "  - clinical_knowledge",
        "acc,none": 0.7320754716981132,
        "acc_stderr,none": 0.027257260322494845
    },
    "mmlu_college_medicine": {
        "alias": "  - college_medicine",
        "acc,none": 0.6184971098265896,
        "acc_stderr,none": 0.037038511930995215
    },
    "mmlu_global_facts": {
        "alias": "  - global_facts",
        "acc,none": 0.34,
        "acc_stderr,none": 0.047609522856952344
    },
    "mmlu_human_aging": {
        "alias": "  - human_aging",
        "acc,none": 0.6995515695067265,
        "acc_stderr,none": 0.030769352008229136
    },
    "mmlu_management": {
        "alias": "  - management",
        "acc,none": 0.8737864077669902,
        "acc_stderr,none": 0.03288180278808628
    },
    "mmlu_marketing": {
        "alias": "  - marketing",
        "acc,none": 0.8888888888888888,
        "acc_stderr,none": 0.020588491316092368
    },
    "mmlu_medical_genetics": {
        "alias": "  - medical_genetics",
        "acc,none": 0.78,
        "acc_stderr,none": 0.04163331998932261
    },
    "mmlu_miscellaneous": {
        "alias": "  - miscellaneous",
        "acc,none": 0.822477650063857,
        "acc_stderr,none": 0.013664230995834857
    },
    "mmlu_nutrition": {
        "alias": "  - nutrition",
        "acc,none": 0.7712418300653595,
        "acc_stderr,none": 0.024051029739912258
    },
    "mmlu_professional_accounting": {
        "alias": "  - professional_accounting",
        "acc,none": 0.4787234042553192,
        "acc_stderr,none": 0.029800481645628693
    },
    "mmlu_professional_medicine": {
        "alias": "  - professional_medicine",
        "acc,none": 0.6691176470588235,
        "acc_stderr,none": 0.028582709753898435
    },
    "mmlu_virology": {
        "alias": "  - virology",
        "acc,none": 0.5542168674698795,
        "acc_stderr,none": 0.03869543323472101
    },
    "mmlu_social_sciences": {
        "acc,none": 0.7419564510887228,
        "acc_stderr,none": 0.007698614159689769,
        "alias": " - social sciences"
    },
    "mmlu_econometrics": {
        "alias": "  - econometrics",
        "acc,none": 0.5087719298245614,
        "acc_stderr,none": 0.04702880432049615
    },
    "mmlu_high_school_geography": {
        "alias": "  - high_school_geography",
        "acc,none": 0.8131313131313131,
        "acc_stderr,none": 0.027772533334218984
    },
    "mmlu_high_school_government_and_politics": {
        "alias": "  - high_school_government_and_politics",
        "acc,none": 0.8808290155440415,
        "acc_stderr,none": 0.02338193534812142
    },
    "mmlu_high_school_macroeconomics": {
        "alias": "  - high_school_macroeconomics",
        "acc,none": 0.5820512820512821,
        "acc_stderr,none": 0.025007329882461217
    },
    "mmlu_high_school_microeconomics": {
        "alias": "  - high_school_microeconomics",
        "acc,none": 0.7142857142857143,
        "acc_stderr,none": 0.029344572500634335
    },
    "mmlu_high_school_psychology": {
        "alias": "  - high_school_psychology",
        "acc,none": 0.8220183486238533,
        "acc_stderr,none": 0.016399436366612907
    },
    "mmlu_human_sexuality": {
        "alias": "  - human_sexuality",
        "acc,none": 0.7709923664122137,
        "acc_stderr,none": 0.036853466317118506
    },
    "mmlu_professional_psychology": {
        "alias": "  - professional_psychology",
        "acc,none": 0.7009803921568627,
        "acc_stderr,none": 0.018521756215423024
    },
    "mmlu_public_relations": {
        "alias": "  - public_relations",
        "acc,none": 0.7,
        "acc_stderr,none": 0.04389311454644287
    },
    "mmlu_security_studies": {
        "alias": "  - security_studies",
        "acc,none": 0.746938775510204,
        "acc_stderr,none": 0.027833023871399694
    },
    "mmlu_sociology": {
        "alias": "  - sociology",
        "acc,none": 0.8557213930348259,
        "acc_stderr,none": 0.02484575321230605
    },
    "mmlu_us_foreign_policy": {
        "alias": "  - us_foreign_policy",
        "acc,none": 0.87,
        "acc_stderr,none": 0.0337997668989631
    },
    "mmlu_stem": {
        "acc,none": 0.532825880114177,
        "acc_stderr,none": 0.008537148905962065,
        "alias": " - stem"
    },
    "mmlu_abstract_algebra": {
        "alias": "  - abstract_algebra",
        "acc,none": 0.33,
        "acc_stderr,none": 0.04725815626252604
    },
    "mmlu_anatomy": {
        "alias": "  - anatomy",
        "acc,none": 0.6666666666666666,
        "acc_stderr,none": 0.04072314811876837
    },
    "mmlu_astronomy": {
        "alias": "  - astronomy",
        "acc,none": 0.6710526315789473,
        "acc_stderr,none": 0.03823428969926605
    },
    "mmlu_college_biology": {
        "alias": "  - college_biology",
        "acc,none": 0.7430555555555556,
        "acc_stderr,none": 0.03653946969442099
    },
    "mmlu_college_chemistry": {
        "alias": "  - college_chemistry",
        "acc,none": 0.46,
        "acc_stderr,none": 0.05009082659620333
    },
    "mmlu_college_computer_science": {
        "alias": "  - college_computer_science",
        "acc,none": 0.41,
        "acc_stderr,none": 0.04943110704237102
    },