{
    "mmlu": {
        "acc,none": 0.6504059250818972,
        "acc_stderr,none": 0.003782119338976851,
        "alias": "mmlu"
    },
    "mmlu_humanities": {
        "acc,none": 0.5906482465462274,
        "acc_stderr,none": 0.0067380096710308495,
        "alias": " - humanities"
    },
    "mmlu_formal_logic": {
        "alias": "  - formal_logic",
        "acc,none": 0.48412698412698413,
        "acc_stderr,none": 0.04469881854072606
    },
    "mmlu_high_school_european_history": {
        "alias": "  - high_school_european_history",
        "acc,none": 0.7515151515151515,
        "acc_stderr,none": 0.033744026441394036
    },
    "mmlu_high_school_us_history": {
        "alias": "  - high_school_us_history",
        "acc,none": 0.8431372549019608,
        "acc_stderr,none": 0.02552472232455333
    },
    "mmlu_high_school_world_history": {
        "alias": "  - high_school_world_history",
        "acc,none": 0.8227848101265823,
        "acc_stderr,none": 0.024856364184503234
    },
    "mmlu_international_law": {
        "alias": "  - international_law",
        "acc,none": 0.859504132231405,
        "acc_stderr,none": 0.031722334260021585
    },
    "mmlu_jurisprudence": {
        "alias": "  - jurisprudence",
        "acc,none": 0.7685185185185185,
        "acc_stderr,none": 0.04077494709252626
    },
    "mmlu_logical_fallacies": {
        "alias": "  - logical_fallacies",
        "acc,none": 0.7300613496932515,
        "acc_stderr,none": 0.034878251684978906
    },
    "mmlu_moral_disputes": {
        "alias": "  - moral_disputes",
        "acc,none": 0.7283236994219653,
        "acc_stderr,none": 0.023948512905468348
    },
    "mmlu_moral_scenarios": {
        "alias": "  - moral_scenarios",
        "acc,none": 0.4011173184357542,
        "acc_stderr,none": 0.01639222189940708
    },
    "mmlu_philosophy": {
        "alias": "  - philosophy",
        "acc,none": 0.7363344051446945,
        "acc_stderr,none": 0.02502553850053234
    },
    "mmlu_prehistory": {
        "alias": "  - prehistory",
        "acc,none": 0.7345679012345679,
        "acc_stderr,none": 0.02456922360046085
    },
    "mmlu_professional_law": {
        "alias": "  - professional_law",
        "acc,none": 0.4576271186440678,
        "acc_stderr,none": 0.012724296550980188
    },
    "mmlu_world_religions": {
        "alias": "  - world_religions",
        "acc,none": 0.8245614035087719,
        "acc_stderr,none": 0.029170885500727665
    },
    "mmlu_other": {
        "acc,none": 0.7257804956549726,
        "acc_stderr,none": 0.007626445809137142,
        "alias": " - other"
    },
    "mmlu_business_ethics": {
        "alias": "  - business_ethics",
        "acc,none": 0.63,
        "acc_stderr,none": 0.04852365870939099
    },
    "mmlu_clinical_knowledge": {
        "alias": "  - clinical_knowledge",
        "acc,none": 0.7509433962264151,
        "acc_stderr,none": 0.02661648298050171
    },
    "mmlu_college_medicine": {
        "alias": "  - college_medicine",
        "acc,none": 0.6358381502890174,
        "acc_stderr,none": 0.03669072477416907
    },
    "mmlu_global_facts": {
        "alias": "  - global_facts",
        "acc,none": 0.3,
        "acc_stderr,none": 0.046056618647183814
    },
    "mmlu_human_aging": {
        "alias": "  - human_aging",
        "acc,none": 0.7040358744394619,
        "acc_stderr,none": 0.030636591348699803
    },
    "mmlu_management": {
        "alias": "  - management",
        "acc,none": 0.8932038834951457,
        "acc_stderr,none": 0.030581088928331362
    },
    "mmlu_marketing": {
        "alias": "  - marketing",
        "acc,none": 0.8846153846153846,
        "acc_stderr,none": 0.020930193185179333
    },
    "mmlu_medical_genetics": {
        "alias": "  - medical_genetics",
        "acc,none": 0.79,
        "acc_stderr,none": 0.040936018074033256
    },
    "mmlu_miscellaneous": {
        "alias": "  - miscellaneous",
        "acc,none": 0.8339719029374202,
        "acc_stderr,none": 0.013306478243066298
    },
    "mmlu_nutrition": {
        "alias": "  - nutrition",
        "acc,none": 0.7712418300653595,
        "acc_stderr,none": 0.024051029739912258
    },
    "mmlu_professional_accounting": {
        "alias": "  - professional_accounting",
        "acc,none": 0.4929078014184397,
        "acc_stderr,none": 0.02982449855912901
    },
    "mmlu_professional_medicine": {
        "alias": "  - professional_medicine",
        "acc,none": 0.7205882352941176,
        "acc_stderr,none": 0.02725720260611495
    },
    "mmlu_virology": {
        "alias": "  - virology",
        "acc,none": 0.5662650602409639,
        "acc_stderr,none": 0.03858158940685517
    },
    "mmlu_social_sciences": {
        "acc,none": 0.7582060448488788,
        "acc_stderr,none": 0.007547231383964717,
        "alias": " - social sciences"
    },
    "mmlu_econometrics": {
        "alias": "  - econometrics",
        "acc,none": 0.47368421052631576,
        "acc_stderr,none": 0.046970851366478626
    },
    "mmlu_high_school_geography": {
        "alias": "  - high_school_geography",
        "acc,none": 0.8080808080808081,
        "acc_stderr,none": 0.02805779167298901
    },
    "mmlu_high_school_government_and_politics": {
        "alias": "  - high_school_government_and_politics",
        "acc,none": 0.8963730569948186,
        "acc_stderr,none": 0.021995311963644234
    },
    "mmlu_high_school_macroeconomics": {
        "alias": "  - high_school_macroeconomics",
        "acc,none": 0.6487179487179487,
        "acc_stderr,none": 0.024203665177902803
    },
    "mmlu_high_school_microeconomics": {
        "alias": "  - high_school_microeconomics",
        "acc,none": 0.7058823529411765,
        "acc_stderr,none": 0.0295973297309781
    },
    "mmlu_high_school_psychology": {
        "alias": "  - high_school_psychology",
        "acc,none": 0.8440366972477065,
        "acc_stderr,none": 0.015555802713590151
    },
    "mmlu_human_sexuality": {
        "alias": "  - human_sexuality",
        "acc,none": 0.7557251908396947,
        "acc_stderr,none": 0.03768335959728745
    },
    "mmlu_professional_psychology": {
        "alias": "  - professional_psychology",
        "acc,none": 0.7287581699346405,
        "acc_stderr,none": 0.017986615304030305
    },
    "mmlu_public_relations": {
        "alias": "  - public_relations",
        "acc,none": 0.7181818181818181,
        "acc_stderr,none": 0.04309118709946458
    },
    "mmlu_security_studies": {
        "alias": "  - security_studies",
        "acc,none": 0.7387755102040816,
        "acc_stderr,none": 0.028123429335142797
    },
    "mmlu_sociology": {
        "alias": "  - sociology",
        "acc,none": 0.8606965174129353,
        "acc_stderr,none": 0.02448448716291397
    },
    "mmlu_us_foreign_policy": {
        "alias": "  - us_foreign_policy",
        "acc,none": 0.87,
        "acc_stderr,none": 0.0337997668989631
    },
    "mmlu_stem": {
        "acc,none": 0.5601014906438313,
        "acc_stderr,none": 0.008479426905818706,
        "alias": " - stem"
    },
    "mmlu_abstract_algebra": {
        "alias": "  - abstract_algebra",
        "acc,none": 0.28,
        "acc_stderr,none": 0.04512608598542127
    },
    "mmlu_anatomy": {
        "alias": "  - anatomy",
        "acc,none": 0.7037037037037037,
        "acc_stderr,none": 0.03944624162501116
    },
    "mmlu_astronomy": {
        "alias": "  - astronomy",
        "acc,none": 0.6973684210526315,
        "acc_stderr,none": 0.03738520676119669
    },
    "mmlu_college_biology": {
        "alias": "  - college_biology",
        "acc,none": 0.75,
        "acc_stderr,none": 0.03621034121889507
    },
    "mmlu_college_chemistry": {
        "alias": "  - college_chemistry",
        "acc,none": 0.47,
        "acc_stderr,none": 0.05016135580465919
    },
    "mmlu_college_computer_science": {
        "alias": "  - college_computer_science",
        "acc,none": 0.54,
        "acc_stderr,none": 0.05009082659620333
    },