{
    "mmlu": {
        "acc,none": 0.3286568864834069,
        "acc_stderr,none": 0.003881867773060331,
        "alias": "mmlu"
    },
    "mmlu_humanities": {
        "acc,none": 0.3015940488841658,
        "acc_stderr,none": 0.006588452352329941,
        "alias": " - humanities"
    },
    "mmlu_formal_logic": {
        "alias": "  - formal_logic",
        "acc,none": 0.29365079365079366,
        "acc_stderr,none": 0.04073524322147127
    },
    "mmlu_high_school_european_history": {
        "alias": "  - high_school_european_history",
        "acc,none": 0.38181818181818183,
        "acc_stderr,none": 0.037937131711656344
    },
    "mmlu_high_school_us_history": {
        "alias": "  - high_school_us_history",
        "acc,none": 0.45098039215686275,
        "acc_stderr,none": 0.03492406104163613
    },
    "mmlu_high_school_world_history": {
        "alias": "  - high_school_world_history",
        "acc,none": 0.45147679324894513,
        "acc_stderr,none": 0.0323936001739747
    },
    "mmlu_international_law": {
        "alias": "  - international_law",
        "acc,none": 0.3884297520661157,
        "acc_stderr,none": 0.04449270350068382
    },
    "mmlu_jurisprudence": {
        "alias": "  - jurisprudence",
        "acc,none": 0.3611111111111111,
        "acc_stderr,none": 0.04643454608906274
    },
    "mmlu_logical_fallacies": {
        "alias": "  - logical_fallacies",
        "acc,none": 0.3312883435582822,
        "acc_stderr,none": 0.03697983910025588
    },
    "mmlu_moral_disputes": {
        "alias": "  - moral_disputes",
        "acc,none": 0.31213872832369943,
        "acc_stderr,none": 0.02494679222527231
    },
    "mmlu_moral_scenarios": {
        "alias": "  - moral_scenarios",
        "acc,none": 0.23798882681564246,
        "acc_stderr,none": 0.014242630070574885
    },
    "mmlu_philosophy": {
        "alias": "  - philosophy",
        "acc,none": 0.2282958199356913,
        "acc_stderr,none": 0.023839303311398215
    },
    "mmlu_prehistory": {
        "alias": "  - prehistory",
        "acc,none": 0.2962962962962963,
        "acc_stderr,none": 0.025407197798890155
    },
    "mmlu_professional_law": {
        "alias": "  - professional_law",
        "acc,none": 0.25749674054758803,
        "acc_stderr,none": 0.011167706014904166
    },
    "mmlu_world_religions": {
        "alias": "  - world_religions",
        "acc,none": 0.5672514619883041,
        "acc_stderr,none": 0.03799978644370607
    },
    "mmlu_other": {
        "acc,none": 0.3749597682652076,
        "acc_stderr,none": 0.008517335330480179,
        "alias": " - other"
    },
    "mmlu_business_ethics": {
        "alias": "  - business_ethics",
        "acc,none": 0.41,
        "acc_stderr,none": 0.049431107042371025
    },
    "mmlu_clinical_knowledge": {
        "alias": "  - clinical_knowledge",
        "acc,none": 0.2792452830188679,
        "acc_stderr,none": 0.02761116340239972
    },
    "mmlu_college_medicine": {
        "alias": "  - college_medicine",
        "acc,none": 0.2774566473988439,
        "acc_stderr,none": 0.03414014007044036
    },
    "mmlu_global_facts": {
        "alias": "  - global_facts",
        "acc,none": 0.18,
        "acc_stderr,none": 0.038612291966536955
    },
    "mmlu_human_aging": {
        "alias": "  - human_aging",
        "acc,none": 0.3901345291479821,
        "acc_stderr,none": 0.03273766725459156
    },
    "mmlu_management": {
        "alias": "  - management",
        "acc,none": 0.36893203883495146,
        "acc_stderr,none": 0.0477761518115674
    },
    "mmlu_marketing": {
        "alias": "  - marketing",
        "acc,none": 0.5982905982905983,
        "acc_stderr,none": 0.03211693751051622
    },
    "mmlu_medical_genetics": {
        "alias": "  - medical_genetics",
        "acc,none": 0.55,
        "acc_stderr,none": 0.049999999999999996
    },
    "mmlu_miscellaneous": {
        "alias": "  - miscellaneous",
        "acc,none": 0.39080459770114945,
        "acc_stderr,none": 0.01744836606706253
    },
    "mmlu_nutrition": {
        "alias": "  - nutrition",
        "acc,none": 0.30392156862745096,
        "acc_stderr,none": 0.026336613469046623
    },
    "mmlu_professional_accounting": {
        "alias": "  - professional_accounting",
        "acc,none": 0.26595744680851063,
        "acc_stderr,none": 0.026358065698880592
    },
    "mmlu_professional_medicine": {
        "alias": "  - professional_medicine",
        "acc,none": 0.47794117647058826,
        "acc_stderr,none": 0.03034326422421352
    },
    "mmlu_virology": {
        "alias": "  - virology",
        "acc,none": 0.3614457831325301,
        "acc_stderr,none": 0.037400593820293204
    },
    "mmlu_social_sciences": {
        "acc,none": 0.36886577835554113,
        "acc_stderr,none": 0.0085559024743752,
        "alias": " - social sciences"
    },
    "mmlu_econometrics": {
        "alias": "  - econometrics",
        "acc,none": 0.23684210526315788,
        "acc_stderr,none": 0.039994238792813386
    },
    "mmlu_high_school_geography": {
        "alias": "  - high_school_geography",
        "acc,none": 0.3686868686868687,
        "acc_stderr,none": 0.034373055019806184
    },
    "mmlu_high_school_government_and_politics": {
        "alias": "  - high_school_government_and_politics",
        "acc,none": 0.6113989637305699,
        "acc_stderr,none": 0.03517739796373132
    },
    "mmlu_high_school_macroeconomics": {
        "alias": "  - high_school_macroeconomics",
        "acc,none": 0.33076923076923076,
        "acc_stderr,none": 0.023854795680971125
    },
    "mmlu_high_school_microeconomics": {
        "alias": "  - high_school_microeconomics",
        "acc,none": 0.31932773109243695,
        "acc_stderr,none": 0.030283995525884396
    },
    "mmlu_high_school_psychology": {
        "alias": "  - high_school_psychology",
        "acc,none": 0.3981651376146789,
        "acc_stderr,none": 0.02098798942265427
    },
    "mmlu_human_sexuality": {
        "alias": "  - human_sexuality",
        "acc,none": 0.3282442748091603,
        "acc_stderr,none": 0.04118438565806299
    },
    "mmlu_professional_psychology": {
        "alias": "  - professional_psychology",
        "acc,none": 0.3872549019607843,
        "acc_stderr,none": 0.01970687580408563
    },
    "mmlu_public_relations": {
        "alias": "  - public_relations",
        "acc,none": 0.33636363636363636,
        "acc_stderr,none": 0.045253935963025065
    },
    "mmlu_security_studies": {
        "alias": "  - security_studies",
        "acc,none": 0.20816326530612245,
        "acc_stderr,none": 0.025991117672813292
    },
    "mmlu_sociology": {
        "alias": "  - sociology",
        "acc,none": 0.3482587064676617,
        "acc_stderr,none": 0.03368787466115459
    },
    "mmlu_us_foreign_policy": {
        "alias": "  - us_foreign_policy",
        "acc,none": 0.57,
        "acc_stderr,none": 0.04975698519562428
    },
    "mmlu_stem": {
        "acc,none": 0.28417380272756104,
        "acc_stderr,none": 0.007877306012985015,
        "alias": " - stem"
    },
    "mmlu_abstract_algebra": {
        "alias": "  - abstract_algebra",
        "acc,none": 0.22,
        "acc_stderr,none": 0.04163331998932269
    },
    "mmlu_anatomy": {
        "alias": "  - anatomy",
        "acc,none": 0.34074074074074073,
        "acc_stderr,none": 0.040943762699967926
    },
    "mmlu_astronomy": {
        "alias": "  - astronomy",
        "acc,none": 0.3092105263157895,
        "acc_stderr,none": 0.03761070869867479
    },
    "mmlu_college_biology": {
        "alias": "  - college_biology",
        "acc,none": 0.4305555555555556,
        "acc_stderr,none": 0.04140685639111502
    },
    "mmlu_college_chemistry": {
        "alias": "  - college_chemistry",
        "acc,none": 0.22,
        "acc_stderr,none": 0.04163331998932269
    },
    "mmlu_college_computer_science": {
        "alias": "  - college_computer_science",
        "acc,none": 0.3,