{
    "mmlu": {
        "acc,none": 0.63160518444666,
        "acc_stderr,none": 0.003820028410250415,
        "alias": "mmlu"
    },
    "mmlu_humanities": {
        "acc,none": 0.5700318809776833,
        "acc_stderr,none": 0.006767124649237636,
        "alias": " - humanities"
    },
    "mmlu_formal_logic": {
        "alias": "  - formal_logic",
        "acc,none": 0.5,
        "acc_stderr,none": 0.04472135954999579
    },
    "mmlu_high_school_european_history": {
        "alias": "  - high_school_european_history",
        "acc,none": 0.7454545454545455,
        "acc_stderr,none": 0.03401506715249039
    },
    "mmlu_high_school_us_history": {
        "alias": "  - high_school_us_history",
        "acc,none": 0.8284313725490197,
        "acc_stderr,none": 0.02646056956124065
    },
    "mmlu_high_school_world_history": {
        "alias": "  - high_school_world_history",
        "acc,none": 0.8143459915611815,
        "acc_stderr,none": 0.02531049537694487
    },
    "mmlu_international_law": {
        "alias": "  - international_law",
        "acc,none": 0.8016528925619835,
        "acc_stderr,none": 0.036401182719909456
    },
    "mmlu_jurisprudence": {
        "alias": "  - jurisprudence",
        "acc,none": 0.7962962962962963,
        "acc_stderr,none": 0.03893542518824847
    },
    "mmlu_logical_fallacies": {
        "alias": "  - logical_fallacies",
        "acc,none": 0.754601226993865,
        "acc_stderr,none": 0.03380939813943354
    },
    "mmlu_moral_disputes": {
        "alias": "  - moral_disputes",
        "acc,none": 0.6676300578034682,
        "acc_stderr,none": 0.025361168749688218
    },
    "mmlu_moral_scenarios": {
        "alias": "  - moral_scenarios",
        "acc,none": 0.3664804469273743,
        "acc_stderr,none": 0.016115235504865464
    },
    "mmlu_philosophy": {
        "alias": "  - philosophy",
        "acc,none": 0.729903536977492,
        "acc_stderr,none": 0.025218040373410616
    },
    "mmlu_prehistory": {
        "alias": "  - prehistory",
        "acc,none": 0.7098765432098766,
        "acc_stderr,none": 0.025251173936495022
    },
    "mmlu_professional_law": {
        "alias": "  - professional_law",
        "acc,none": 0.438722294654498,
        "acc_stderr,none": 0.012673969883493274
    },
    "mmlu_world_religions": {
        "alias": "  - world_religions",
        "acc,none": 0.8128654970760234,
        "acc_stderr,none": 0.029913127232368032
    },
    "mmlu_other": {
        "acc,none": 0.7071129707112971,
        "acc_stderr,none": 0.007789477769043533,
        "alias": " - other"
    },
    "mmlu_business_ethics": {
        "alias": "  - business_ethics",
        "acc,none": 0.55,
        "acc_stderr,none": 0.049999999999999996
    },
    "mmlu_clinical_knowledge": {
        "alias": "  - clinical_knowledge",
        "acc,none": 0.7283018867924528,
        "acc_stderr,none": 0.027377706624670713
    },
    "mmlu_college_medicine": {
        "alias": "  - college_medicine",
        "acc,none": 0.6127167630057804,
        "acc_stderr,none": 0.037143259063020656
    },
    "mmlu_global_facts": {
        "alias": "  - global_facts",
        "acc,none": 0.34,
        "acc_stderr,none": 0.047609522856952344
    },
    "mmlu_human_aging": {
        "alias": "  - human_aging",
        "acc,none": 0.6860986547085202,
        "acc_stderr,none": 0.031146796482972465
    },
    "mmlu_management": {
        "alias": "  - management",
        "acc,none": 0.8737864077669902,
        "acc_stderr,none": 0.03288180278808628
    },
    "mmlu_marketing": {
        "alias": "  - marketing",
        "acc,none": 0.8589743589743589,
        "acc_stderr,none": 0.022801382534597542
    },
    "mmlu_medical_genetics": {
        "alias": "  - medical_genetics",
        "acc,none": 0.75,
        "acc_stderr,none": 0.04351941398892446
    },
    "mmlu_miscellaneous": {
        "alias": "  - miscellaneous",
        "acc,none": 0.8275862068965517,
        "acc_stderr,none": 0.013507943909371798
    },
    "mmlu_nutrition": {
        "alias": "  - nutrition",
        "acc,none": 0.7581699346405228,
        "acc_stderr,none": 0.024518195641879334
    },
    "mmlu_professional_accounting": {
        "alias": "  - professional_accounting",
        "acc,none": 0.475177304964539,
        "acc_stderr,none": 0.029790719243829707
    },
    "mmlu_professional_medicine": {
        "alias": "  - professional_medicine",
        "acc,none": 0.7058823529411765,
        "acc_stderr,none": 0.02767846864214469
    },
    "mmlu_virology": {
        "alias": "  - virology",
        "acc,none": 0.5060240963855421,
        "acc_stderr,none": 0.038922121953330446
    },
    "mmlu_social_sciences": {
        "acc,none": 0.745206369840754,
        "acc_stderr,none": 0.00766434443125978,
        "alias": " - social sciences"
    },
    "mmlu_econometrics": {
        "alias": "  - econometrics",
        "acc,none": 0.4473684210526316,
        "acc_stderr,none": 0.046774730044911984
    },
    "mmlu_high_school_geography": {
        "alias": "  - high_school_geography",
        "acc,none": 0.803030303030303,
        "acc_stderr,none": 0.02833560973246336
    },
    "mmlu_high_school_government_and_politics": {
        "alias": "  - high_school_government_and_politics",
        "acc,none": 0.8860103626943006,
        "acc_stderr,none": 0.022935144053919432
    },
    "mmlu_high_school_macroeconomics": {
        "alias": "  - high_school_macroeconomics",
        "acc,none": 0.6410256410256411,
        "acc_stderr,none": 0.024321738484602357
    },
    "mmlu_high_school_microeconomics": {
        "alias": "  - high_school_microeconomics",
        "acc,none": 0.7226890756302521,
        "acc_stderr,none": 0.02907937453948001
    },
    "mmlu_high_school_psychology": {
        "alias": "  - high_school_psychology",
        "acc,none": 0.8513761467889909,
        "acc_stderr,none": 0.015251253773660836
    },
    "mmlu_human_sexuality": {
        "alias": "  - human_sexuality",
        "acc,none": 0.7251908396946565,
        "acc_stderr,none": 0.03915345408847834
    },
    "mmlu_professional_psychology": {
        "alias": "  - professional_psychology",
        "acc,none": 0.6797385620915033,
        "acc_stderr,none": 0.018875682938069443
    },
    "mmlu_public_relations": {
        "alias": "  - public_relations",
        "acc,none": 0.7454545454545455,
        "acc_stderr,none": 0.04172343038705383
    },
    "mmlu_security_studies": {
        "alias": "  - security_studies",
        "acc,none": 0.7428571428571429,
        "acc_stderr,none": 0.027979823538744546
    },
    "mmlu_sociology": {
        "alias": "  - sociology",
        "acc,none": 0.8208955223880597,
        "acc_stderr,none": 0.027113286753111837
    },
    "mmlu_us_foreign_policy": {
        "alias": "  - us_foreign_policy",
        "acc,none": 0.86,
        "acc_stderr,none": 0.0348735088019777
    },
    "mmlu_stem": {
        "acc,none": 0.5382175705677132,
        "acc_stderr,none": 0.008520812766256755,
        "alias": " - stem"
    },
    "mmlu_abstract_algebra": {
        "alias": "  - abstract_algebra",
        "acc,none": 0.3,
        "acc_stderr,none": 0.046056618647183814
    },
    "mmlu_anatomy": {
        "alias": "  - anatomy",
        "acc,none": 0.674074074074074,
        "acc_stderr,none": 0.040491220417025055
    },
    "mmlu_astronomy": {
        "alias": "  - astronomy",
        "acc,none": 0.6907894736842105,
        "acc_stderr,none": 0.03761070869867479
    },
    "mmlu_college_biology": {
        "alias": "  - college_biology",
        "acc,none": 0.7708333333333334,
        "acc_stderr,none": 0.035146974678623884
    },
    "mmlu_college_chemistry": {
        "alias": "  - college_chemistry",
        "acc,none": 0.49,
        "acc_stderr,none": 0.05024183937956912
    },
    "mmlu_college_computer_science": {
        "alias": "  - college_computer_science",
        "acc,none": 0.43,
        "acc_stderr,none": 0.04975698519562428
    },