{
    "mmlu": {
        "acc,none": 0.6448511608033044,
        "acc_stderr,none": 0.003787236510603011,
        "alias": "mmlu"
    },
    "mmlu_humanities": {
        "acc,none": 0.5912858660998938,
        "acc_stderr,none": 0.006720153160926852,
        "alias": " - humanities"
    },
    "mmlu_formal_logic": {
        "alias": "  - formal_logic",
        "acc,none": 0.4603174603174603,
        "acc_stderr,none": 0.04458029125470973
    },
    "mmlu_high_school_european_history": {
        "alias": "  - high_school_european_history",
        "acc,none": 0.7636363636363637,
        "acc_stderr,none": 0.03317505930009181
    },
    "mmlu_high_school_us_history": {
        "alias": "  - high_school_us_history",
        "acc,none": 0.8480392156862745,
        "acc_stderr,none": 0.02519565842893178
    },
    "mmlu_high_school_world_history": {
        "alias": "  - high_school_world_history",
        "acc,none": 0.8227848101265823,
        "acc_stderr,none": 0.024856364184503234
    },
    "mmlu_international_law": {
        "alias": "  - international_law",
        "acc,none": 0.859504132231405,
        "acc_stderr,none": 0.031722334260021585
    },
    "mmlu_jurisprudence": {
        "alias": "  - jurisprudence",
        "acc,none": 0.7685185185185185,
        "acc_stderr,none": 0.04077494709252626
    },
    "mmlu_logical_fallacies": {
        "alias": "  - logical_fallacies",
        "acc,none": 0.7361963190184049,
        "acc_stderr,none": 0.03462419931615624
    },
    "mmlu_moral_disputes": {
        "alias": "  - moral_disputes",
        "acc,none": 0.7485549132947977,
        "acc_stderr,none": 0.023357365785874044
    },
    "mmlu_moral_scenarios": {
        "alias": "  - moral_scenarios",
        "acc,none": 0.39553072625698327,
        "acc_stderr,none": 0.016353415410075768
    },
    "mmlu_philosophy": {
        "alias": "  - philosophy",
        "acc,none": 0.7202572347266881,
        "acc_stderr,none": 0.025494259350694902
    },
    "mmlu_prehistory": {
        "alias": "  - prehistory",
        "acc,none": 0.7376543209876543,
        "acc_stderr,none": 0.024477222856135114
    },
    "mmlu_professional_law": {
        "alias": "  - professional_law",
        "acc,none": 0.4595827900912647,
        "acc_stderr,none": 0.012728446067669966
    },
    "mmlu_world_religions": {
        "alias": "  - world_religions",
        "acc,none": 0.8304093567251462,
        "acc_stderr,none": 0.028782108105401712
    },
    "mmlu_other": {
        "acc,none": 0.7209526874798842,
        "acc_stderr,none": 0.007680183252246277,
        "alias": " - other"
    },
    "mmlu_business_ethics": {
        "alias": "  - business_ethics",
        "acc,none": 0.64,
        "acc_stderr,none": 0.048241815132442176
    },
    "mmlu_clinical_knowledge": {
        "alias": "  - clinical_knowledge",
        "acc,none": 0.7396226415094339,
        "acc_stderr,none": 0.027008766090708052
    },
    "mmlu_college_medicine": {
        "alias": "  - college_medicine",
        "acc,none": 0.6358381502890174,
        "acc_stderr,none": 0.03669072477416907
    },
    "mmlu_global_facts": {
        "alias": "  - global_facts",
        "acc,none": 0.36,
        "acc_stderr,none": 0.04824181513244218
    },
    "mmlu_human_aging": {
        "alias": "  - human_aging",
        "acc,none": 0.7174887892376681,
        "acc_stderr,none": 0.030216831011508752
    },
    "mmlu_management": {
        "alias": "  - management",
        "acc,none": 0.8737864077669902,
        "acc_stderr,none": 0.03288180278808628
    },
    "mmlu_marketing": {
        "alias": "  - marketing",
        "acc,none": 0.8888888888888888,
        "acc_stderr,none": 0.020588491316092368
    },
    "mmlu_medical_genetics": {
        "alias": "  - medical_genetics",
        "acc,none": 0.81,
        "acc_stderr,none": 0.03942772444036622
    },
    "mmlu_miscellaneous": {
        "alias": "  - miscellaneous",
        "acc,none": 0.8263090676883781,
        "acc_stderr,none": 0.013547415658662266
    },
    "mmlu_nutrition": {
        "alias": "  - nutrition",
        "acc,none": 0.7647058823529411,
        "acc_stderr,none": 0.02428861946604612
    },
    "mmlu_professional_accounting": {
        "alias": "  - professional_accounting",
        "acc,none": 0.4574468085106383,
        "acc_stderr,none": 0.029719281272236837
    },
    "mmlu_professional_medicine": {
        "alias": "  - professional_medicine",
        "acc,none": 0.7058823529411765,
        "acc_stderr,none": 0.027678468642144693
    },
    "mmlu_virology": {
        "alias": "  - virology",
        "acc,none": 0.5602409638554217,
        "acc_stderr,none": 0.03864139923699121
    },
    "mmlu_social_sciences": {
        "acc,none": 0.7543061423464413,
        "acc_stderr,none": 0.00758093686816641,
        "alias": " - social sciences"
    },
    "mmlu_econometrics": {
        "alias": "  - econometrics",
        "acc,none": 0.5087719298245614,
        "acc_stderr,none": 0.047028804320496165
    },
    "mmlu_high_school_geography": {
        "alias": "  - high_school_geography",
        "acc,none": 0.8131313131313131,
        "acc_stderr,none": 0.027772533334218988
    },
    "mmlu_high_school_government_and_politics": {
        "alias": "  - high_school_government_and_politics",
        "acc,none": 0.8911917098445595,
        "acc_stderr,none": 0.02247325333276876
    },
    "mmlu_high_school_macroeconomics": {
        "alias": "  - high_school_macroeconomics",
        "acc,none": 0.6128205128205129,
        "acc_stderr,none": 0.024697216930878937
    },
    "mmlu_high_school_microeconomics": {
        "alias": "  - high_school_microeconomics",
        "acc,none": 0.6974789915966386,
        "acc_stderr,none": 0.02983796238829193
    },
    "mmlu_high_school_psychology": {
        "alias": "  - high_school_psychology",
        "acc,none": 0.8366972477064221,
        "acc_stderr,none": 0.01584825580650153
    },
    "mmlu_human_sexuality": {
        "alias": "  - human_sexuality",
        "acc,none": 0.7862595419847328,
        "acc_stderr,none": 0.0359546161177469
    },
    "mmlu_professional_psychology": {
        "alias": "  - professional_psychology",
        "acc,none": 0.7254901960784313,
        "acc_stderr,none": 0.018054027458815194
    },
    "mmlu_public_relations": {
        "alias": "  - public_relations",
        "acc,none": 0.7,
        "acc_stderr,none": 0.04389311454644287
    },
    "mmlu_security_studies": {
        "alias": "  - security_studies",
        "acc,none": 0.7510204081632653,
        "acc_stderr,none": 0.027682979522960234
    },
    "mmlu_sociology": {
        "alias": "  - sociology",
        "acc,none": 0.8656716417910447,
        "acc_stderr,none": 0.024112678240900826
    },
    "mmlu_us_foreign_policy": {
        "alias": "  - us_foreign_policy",
        "acc,none": 0.87,
        "acc_stderr,none": 0.0337997668989631
    },
    "mmlu_stem": {
        "acc,none": 0.5429749444973041,
        "acc_stderr,none": 0.00848059399165341,
        "alias": " - stem"
    },
    "mmlu_abstract_algebra": {
        "alias": "  - abstract_algebra",
        "acc,none": 0.27,
        "acc_stderr,none": 0.04461960433384741
    },
    "mmlu_anatomy": {
        "alias": "  - anatomy",
        "acc,none": 0.7185185185185186,
        "acc_stderr,none": 0.03885004245800254
    },
    "mmlu_astronomy": {
        "alias": "  - astronomy",
        "acc,none": 0.6776315789473685,
        "acc_stderr,none": 0.03803510248351585
    },
    "mmlu_college_biology": {
        "alias": "  - college_biology",
        "acc,none": 0.7638888888888888,
        "acc_stderr,none": 0.03551446610810826
    },
    "mmlu_college_chemistry": {
        "alias": "  - college_chemistry",
        "acc,none": 0.46,
        "acc_stderr,none": 0.05009082659620333
    },
    "mmlu_college_computer_science": {
        "alias": "  - college_computer_science",
        "acc,none": 0.48,
        "acc_stderr,none": 0.050211673156867795
    },