{
    "mmlu": {
        "acc,none": 0.6209229454493662,
        "acc_stderr,none": 0.0038263088358315898,
        "alias": "mmlu"
    },
    "mmlu_humanities": {
        "acc,none": 0.5810839532412327,
        "acc_stderr,none": 0.006747804262310141,
        "alias": " - humanities"
    },
    "mmlu_formal_logic": {
        "alias": "  - formal_logic",
        "acc,none": 0.3968253968253968,
        "acc_stderr,none": 0.04375888492727062
    },
    "mmlu_high_school_european_history": {
        "alias": "  - high_school_european_history",
        "acc,none": 0.7575757575757576,
        "acc_stderr,none": 0.03346409881055952
    },
    "mmlu_high_school_us_history": {
        "alias": "  - high_school_us_history",
        "acc,none": 0.8529411764705882,
        "acc_stderr,none": 0.024857478080250458
    },
    "mmlu_high_school_world_history": {
        "alias": "  - high_school_world_history",
        "acc,none": 0.8016877637130801,
        "acc_stderr,none": 0.025955020841621112
    },
    "mmlu_international_law": {
        "alias": "  - international_law",
        "acc,none": 0.8429752066115702,
        "acc_stderr,none": 0.03321244842547128
    },
    "mmlu_jurisprudence": {
        "alias": "  - jurisprudence",
        "acc,none": 0.75,
        "acc_stderr,none": 0.04186091791394607
    },
    "mmlu_logical_fallacies": {
        "alias": "  - logical_fallacies",
        "acc,none": 0.7484662576687117,
        "acc_stderr,none": 0.034089978868575295
    },
    "mmlu_moral_disputes": {
        "alias": "  - moral_disputes",
        "acc,none": 0.7225433526011561,
        "acc_stderr,none": 0.024105712607754307
    },
    "mmlu_moral_scenarios": {
        "alias": "  - moral_scenarios",
        "acc,none": 0.4134078212290503,
        "acc_stderr,none": 0.016469814928406164
    },
    "mmlu_philosophy": {
        "alias": "  - philosophy",
        "acc,none": 0.7363344051446945,
        "acc_stderr,none": 0.02502553850053234
    },
    "mmlu_prehistory": {
        "alias": "  - prehistory",
        "acc,none": 0.7283950617283951,
        "acc_stderr,none": 0.02474862449053737
    },
    "mmlu_professional_law": {
        "alias": "  - professional_law",
        "acc,none": 0.4348109517601043,
        "acc_stderr,none": 0.012661233805616293
    },
    "mmlu_world_religions": {
        "alias": "  - world_religions",
        "acc,none": 0.8070175438596491,
        "acc_stderr,none": 0.030267457554898458
    },
    "mmlu_other": {
        "acc,none": 0.700032185387834,
        "acc_stderr,none": 0.007787484267313354,
        "alias": " - other"
    },
    "mmlu_business_ethics": {
        "alias": "  - business_ethics",
        "acc,none": 0.64,
        "acc_stderr,none": 0.048241815132442176
    },
    "mmlu_clinical_knowledge": {
        "alias": "  - clinical_knowledge",
        "acc,none": 0.6867924528301886,
        "acc_stderr,none": 0.028544793319055326
    },
    "mmlu_college_medicine": {
        "alias": "  - college_medicine",
        "acc,none": 0.5838150289017341,
        "acc_stderr,none": 0.037585177754049466
    },
    "mmlu_global_facts": {
        "alias": "  - global_facts",
        "acc,none": 0.3,
        "acc_stderr,none": 0.046056618647183814
    },
    "mmlu_human_aging": {
        "alias": "  - human_aging",
        "acc,none": 0.726457399103139,
        "acc_stderr,none": 0.029918586707798827
    },
    "mmlu_management": {
        "alias": "  - management",
        "acc,none": 0.8349514563106796,
        "acc_stderr,none": 0.036756688322331886
    },
    "mmlu_marketing": {
        "alias": "  - marketing",
        "acc,none": 0.8760683760683761,
        "acc_stderr,none": 0.021586494001281358
    },
    "mmlu_medical_genetics": {
        "alias": "  - medical_genetics",
        "acc,none": 0.81,
        "acc_stderr,none": 0.039427724440366234
    },
    "mmlu_miscellaneous": {
        "alias": "  - miscellaneous",
        "acc,none": 0.8352490421455939,
        "acc_stderr,none": 0.013265346261323783
    },
    "mmlu_nutrition": {
        "alias": "  - nutrition",
        "acc,none": 0.7189542483660131,
        "acc_stderr,none": 0.025738854797818712
    },
    "mmlu_professional_accounting": {
        "alias": "  - professional_accounting",
        "acc,none": 0.425531914893617,
        "acc_stderr,none": 0.029494827600144363
    },
    "mmlu_professional_medicine": {
        "alias": "  - professional_medicine",
        "acc,none": 0.6617647058823529,
        "acc_stderr,none": 0.02873932851398358
    },
    "mmlu_virology": {
        "alias": "  - virology",
        "acc,none": 0.5421686746987951,
        "acc_stderr,none": 0.038786267710023595
    },
    "mmlu_social_sciences": {
        "acc,none": 0.7234319142021449,
        "acc_stderr,none": 0.007868130445666642,
        "alias": " - social sciences"
    },
    "mmlu_econometrics": {
        "alias": "  - econometrics",
        "acc,none": 0.4824561403508772,
        "acc_stderr,none": 0.04700708033551038
    },
    "mmlu_high_school_geography": {
        "alias": "  - high_school_geography",
        "acc,none": 0.797979797979798,
        "acc_stderr,none": 0.02860620428922989
    },
    "mmlu_high_school_government_and_politics": {
        "alias": "  - high_school_government_and_politics",
        "acc,none": 0.8756476683937824,
        "acc_stderr,none": 0.023814477086593577
    },
    "mmlu_high_school_macroeconomics": {
        "alias": "  - high_school_macroeconomics",
        "acc,none": 0.5666666666666667,
        "acc_stderr,none": 0.025124653525885124
    },
    "mmlu_high_school_microeconomics": {
        "alias": "  - high_school_microeconomics",
        "acc,none": 0.6554621848739496,
        "acc_stderr,none": 0.030868682604121626
    },
    "mmlu_high_school_psychology": {
        "alias": "  - high_school_psychology",
        "acc,none": 0.8,
        "acc_stderr,none": 0.017149858514250944
    },
    "mmlu_human_sexuality": {
        "alias": "  - human_sexuality",
        "acc,none": 0.7251908396946565,
        "acc_stderr,none": 0.039153454088478354
    },
    "mmlu_professional_psychology": {
        "alias": "  - professional_psychology",
        "acc,none": 0.7107843137254902,
        "acc_stderr,none": 0.018342529845275908
    },
    "mmlu_public_relations": {
        "alias": "  - public_relations",
        "acc,none": 0.6909090909090909,
        "acc_stderr,none": 0.044262946482000985
    },
    "mmlu_security_studies": {
        "alias": "  - security_studies",
        "acc,none": 0.6857142857142857,
        "acc_stderr,none": 0.02971932942241746
    },
    "mmlu_sociology": {
        "alias": "  - sociology",
        "acc,none": 0.845771144278607,
        "acc_stderr,none": 0.025538433368578334
    },
    "mmlu_us_foreign_policy": {
        "alias": "  - us_foreign_policy",
        "acc,none": 0.87,
        "acc_stderr,none": 0.0337997668989631
    },
    "mmlu_stem": {
        "acc,none": 0.5023786869647955,
        "acc_stderr,none": 0.008435114977088678,
        "alias": " - stem"
    },
    "mmlu_abstract_algebra": {
        "alias": "  - abstract_algebra",
        "acc,none": 0.26,
        "acc_stderr,none": 0.0440844002276808
    },
    "mmlu_anatomy": {
        "alias": "  - anatomy",
        "acc,none": 0.6888888888888889,
        "acc_stderr,none": 0.03999262876617723
    },
    "mmlu_astronomy": {
        "alias": "  - astronomy",
        "acc,none": 0.6381578947368421,
        "acc_stderr,none": 0.03910525752849724
    },
    "mmlu_college_biology": {
        "alias": "  - college_biology",
        "acc,none": 0.7291666666666666,
        "acc_stderr,none": 0.037161774375660164
    },
    "mmlu_college_chemistry": {
        "alias": "  - college_chemistry",
        "acc,none": 0.42,
        "acc_stderr,none": 0.04960449637488584
    },
    "mmlu_college_computer_science": {
        "alias": "  - college_computer_science",
        "acc,none": 0.41,
        "acc_stderr,none": 0.049431107042371025
    },