{
    "mmlu": {
        "acc,none": 0.635593220338983,
        "acc_stderr,none": 0.0038210773690648225,
        "alias": "mmlu"
    },
    "mmlu_humanities": {
        "acc,none": 0.5853347502656748,
        "acc_stderr,none": 0.006770267583141539,
        "alias": " - humanities"
    },
    "mmlu_formal_logic": {
        "alias": "  - formal_logic",
        "acc,none": 0.4523809523809524,
        "acc_stderr,none": 0.044518079590553275
    },
    "mmlu_high_school_european_history": {
        "alias": "  - high_school_european_history",
        "acc,none": 0.7515151515151515,
        "acc_stderr,none": 0.033744026441394036
    },
    "mmlu_high_school_us_history": {
        "alias": "  - high_school_us_history",
        "acc,none": 0.8284313725490197,
        "acc_stderr,none": 0.026460569561240654
    },
    "mmlu_high_school_world_history": {
        "alias": "  - high_school_world_history",
        "acc,none": 0.810126582278481,
        "acc_stderr,none": 0.025530100460233504
    },
    "mmlu_international_law": {
        "alias": "  - international_law",
        "acc,none": 0.859504132231405,
        "acc_stderr,none": 0.031722334260021585
    },
    "mmlu_jurisprudence": {
        "alias": "  - jurisprudence",
        "acc,none": 0.7592592592592593,
        "acc_stderr,none": 0.04133119440243838
    },
    "mmlu_logical_fallacies": {
        "alias": "  - logical_fallacies",
        "acc,none": 0.754601226993865,
        "acc_stderr,none": 0.03380939813943354
    },
    "mmlu_moral_disputes": {
        "alias": "  - moral_disputes",
        "acc,none": 0.7109826589595376,
        "acc_stderr,none": 0.02440517393578323
    },
    "mmlu_moral_scenarios": {
        "alias": "  - moral_scenarios",
        "acc,none": 0.39329608938547483,
        "acc_stderr,none": 0.01633726869427011
    },
    "mmlu_philosophy": {
        "alias": "  - philosophy",
        "acc,none": 0.7009646302250804,
        "acc_stderr,none": 0.02600330111788514
    },
    "mmlu_prehistory": {
        "alias": "  - prehistory",
        "acc,none": 0.7376543209876543,
        "acc_stderr,none": 0.024477222856135114
    },
    "mmlu_professional_law": {
        "alias": "  - professional_law",
        "acc,none": 0.4621903520208605,
        "acc_stderr,none": 0.012733671880342502
    },
    "mmlu_world_religions": {
        "alias": "  - world_religions",
        "acc,none": 0.8128654970760234,
        "acc_stderr,none": 0.029913127232368036
    },
    "mmlu_other": {
        "acc,none": 0.7077566784679755,
        "acc_stderr,none": 0.007798472462127127,
        "alias": " - other"
    },
    "mmlu_business_ethics": {
        "alias": "  - business_ethics",
        "acc,none": 0.59,
        "acc_stderr,none": 0.04943110704237101
    },
    "mmlu_clinical_knowledge": {
        "alias": "  - clinical_knowledge",
        "acc,none": 0.7283018867924528,
        "acc_stderr,none": 0.027377706624670713
    },
    "mmlu_college_medicine": {
        "alias": "  - college_medicine",
        "acc,none": 0.630057803468208,
        "acc_stderr,none": 0.03681229633394319
    },
    "mmlu_global_facts": {
        "alias": "  - global_facts",
        "acc,none": 0.33,
        "acc_stderr,none": 0.047258156262526045
    },
    "mmlu_human_aging": {
        "alias": "  - human_aging",
        "acc,none": 0.7130044843049327,
        "acc_stderr,none": 0.030360379710291954
    },
    "mmlu_management": {
        "alias": "  - management",
        "acc,none": 0.8543689320388349,
        "acc_stderr,none": 0.0349260647662379
    },
    "mmlu_marketing": {
        "alias": "  - marketing",
        "acc,none": 0.8760683760683761,
        "acc_stderr,none": 0.02158649400128138
    },
    "mmlu_medical_genetics": {
        "alias": "  - medical_genetics",
        "acc,none": 0.77,
        "acc_stderr,none": 0.04229525846816506
    },
    "mmlu_miscellaneous": {
        "alias": "  - miscellaneous",
        "acc,none": 0.8084291187739464,
        "acc_stderr,none": 0.014072859310451947
    },
    "mmlu_nutrition": {
        "alias": "  - nutrition",
        "acc,none": 0.7549019607843137,
        "acc_stderr,none": 0.024630048979824765
    },
    "mmlu_professional_accounting": {
        "alias": "  - professional_accounting",
        "acc,none": 0.4432624113475177,
        "acc_stderr,none": 0.029634838473766006
    },
    "mmlu_professional_medicine": {
        "alias": "  - professional_medicine",
        "acc,none": 0.7132352941176471,
        "acc_stderr,none": 0.027472274473233818
    },
    "mmlu_virology": {
        "alias": "  - virology",
        "acc,none": 0.5602409638554217,
        "acc_stderr,none": 0.03864139923699121
    },
    "mmlu_social_sciences": {
        "acc,none": 0.7465063373415665,
        "acc_stderr,none": 0.007672263081554436,
        "alias": " - social sciences"
    },
    "mmlu_econometrics": {
        "alias": "  - econometrics",
        "acc,none": 0.5087719298245614,
        "acc_stderr,none": 0.04702880432049615
    },
    "mmlu_high_school_geography": {
        "alias": "  - high_school_geography",
        "acc,none": 0.8080808080808081,
        "acc_stderr,none": 0.028057791672989017
    },
    "mmlu_high_school_government_and_politics": {
        "alias": "  - high_school_government_and_politics",
        "acc,none": 0.8860103626943006,
        "acc_stderr,none": 0.02293514405391943
    },
    "mmlu_high_school_macroeconomics": {
        "alias": "  - high_school_macroeconomics",
        "acc,none": 0.6076923076923076,
        "acc_stderr,none": 0.024756000382130956
    },
    "mmlu_high_school_microeconomics": {
        "alias": "  - high_school_microeconomics",
        "acc,none": 0.726890756302521,
        "acc_stderr,none": 0.028942004040998164
    },
    "mmlu_high_school_psychology": {
        "alias": "  - high_school_psychology",
        "acc,none": 0.8311926605504587,
        "acc_stderr,none": 0.016060056268530336
    },
    "mmlu_human_sexuality": {
        "alias": "  - human_sexuality",
        "acc,none": 0.7557251908396947,
        "acc_stderr,none": 0.03768335959728745
    },
    "mmlu_professional_psychology": {
        "alias": "  - professional_psychology",
        "acc,none": 0.6993464052287581,
        "acc_stderr,none": 0.018550634502952964
    },
    "mmlu_public_relations": {
        "alias": "  - public_relations",
        "acc,none": 0.7363636363636363,
        "acc_stderr,none": 0.04220224692971987
    },
    "mmlu_security_studies": {
        "alias": "  - security_studies",
        "acc,none": 0.7387755102040816,
        "acc_stderr,none": 0.028123429335142797
    },
    "mmlu_sociology": {
        "alias": "  - sociology",
        "acc,none": 0.845771144278607,
        "acc_stderr,none": 0.02553843336857833
    },
    "mmlu_us_foreign_policy": {
        "alias": "  - us_foreign_policy",
        "acc,none": 0.86,
        "acc_stderr,none": 0.0348735088019777
    },
    "mmlu_stem": {
        "acc,none": 0.5312400888043134,
        "acc_stderr,none": 0.008509769503103977,
        "alias": " - stem"
    },
    "mmlu_abstract_algebra": {
        "alias": "  - abstract_algebra",
        "acc,none": 0.3,
        "acc_stderr,none": 0.046056618647183814
    },
    "mmlu_anatomy": {
        "alias": "  - anatomy",
        "acc,none": 0.6592592592592592,
        "acc_stderr,none": 0.04094376269996794
    },
    "mmlu_astronomy": {
        "alias": "  - astronomy",
        "acc,none": 0.6710526315789473,
        "acc_stderr,none": 0.038234289699266046
    },
    "mmlu_college_biology": {
        "alias": "  - college_biology",
        "acc,none": 0.75,
        "acc_stderr,none": 0.03621034121889507
    },
    "mmlu_college_chemistry": {
        "alias": "  - college_chemistry",
        "acc,none": 0.44,
        "acc_stderr,none": 0.049888765156985884
    },
    "mmlu_college_computer_science": {
        "alias": "  - college_computer_science",
        "acc,none": 0.46,
        "acc_stderr,none": 0.05009082659620333
    },