{
    "mmlu": {
        "acc,none": 0.6195698618430423,
        "acc_stderr,none": 0.003855185668825689,
        "alias": "mmlu"
    },
    "mmlu_humanities": {
        "acc,none": 0.5791710945802337,
        "acc_stderr,none": 0.006845149012210478,
        "alias": " - humanities"
    },
    "mmlu_formal_logic": {
        "alias": "  - formal_logic",
        "acc,none": 0.4523809523809524,
        "acc_stderr,none": 0.044518079590553275
    },
    "mmlu_high_school_european_history": {
        "alias": "  - high_school_european_history",
        "acc,none": 0.7333333333333333,
        "acc_stderr,none": 0.03453131801885417
    },
    "mmlu_high_school_us_history": {
        "alias": "  - high_school_us_history",
        "acc,none": 0.8088235294117647,
        "acc_stderr,none": 0.027599174300640773
    },
    "mmlu_high_school_world_history": {
        "alias": "  - high_school_world_history",
        "acc,none": 0.8059071729957806,
        "acc_stderr,none": 0.025744902532290913
    },
    "mmlu_international_law": {
        "alias": "  - international_law",
        "acc,none": 0.8512396694214877,
        "acc_stderr,none": 0.03248470083807195
    },
    "mmlu_jurisprudence": {
        "alias": "  - jurisprudence",
        "acc,none": 0.7037037037037037,
        "acc_stderr,none": 0.04414343666854933
    },
    "mmlu_logical_fallacies": {
        "alias": "  - logical_fallacies",
        "acc,none": 0.7116564417177914,
        "acc_stderr,none": 0.035590395316173425
    },
    "mmlu_moral_disputes": {
        "alias": "  - moral_disputes",
        "acc,none": 0.6878612716763006,
        "acc_stderr,none": 0.024946792225272314
    },
    "mmlu_moral_scenarios": {
        "alias": "  - moral_scenarios",
        "acc,none": 0.42569832402234636,
        "acc_stderr,none": 0.016536829648997112
    },
    "mmlu_philosophy": {
        "alias": "  - philosophy",
        "acc,none": 0.6977491961414791,
        "acc_stderr,none": 0.02608270069539966
    },
    "mmlu_prehistory": {
        "alias": "  - prehistory",
        "acc,none": 0.7191358024691358,
        "acc_stderr,none": 0.02500646975579921
    },
    "mmlu_professional_law": {
        "alias": "  - professional_law",
        "acc,none": 0.4498044328552803,
        "acc_stderr,none": 0.01270572149856511
    },
    "mmlu_world_religions": {
        "alias": "  - world_religions",
        "acc,none": 0.8011695906432749,
        "acc_stderr,none": 0.03061111655743253
    },
    "mmlu_other": {
        "acc,none": 0.6926295461860316,
        "acc_stderr,none": 0.007886038801133402,
        "alias": " - other"
    },
    "mmlu_business_ethics": {
        "alias": "  - business_ethics",
        "acc,none": 0.61,
        "acc_stderr,none": 0.04902071300001974
    },
    "mmlu_clinical_knowledge": {
        "alias": "  - clinical_knowledge",
        "acc,none": 0.7056603773584905,
        "acc_stderr,none": 0.028049186315695245
    },
    "mmlu_college_medicine": {
        "alias": "  - college_medicine",
        "acc,none": 0.6184971098265896,
        "acc_stderr,none": 0.037038511930995215
    },
    "mmlu_global_facts": {
        "alias": "  - global_facts",
        "acc,none": 0.24,
        "acc_stderr,none": 0.04292346959909282
    },
    "mmlu_human_aging": {
        "alias": "  - human_aging",
        "acc,none": 0.7219730941704036,
        "acc_stderr,none": 0.030069584874494047
    },
    "mmlu_management": {
        "alias": "  - management",
        "acc,none": 0.8155339805825242,
        "acc_stderr,none": 0.03840423627288276
    },
    "mmlu_marketing": {
        "alias": "  - marketing",
        "acc,none": 0.8717948717948718,
        "acc_stderr,none": 0.02190190511507333
    },
    "mmlu_medical_genetics": {
        "alias": "  - medical_genetics",
        "acc,none": 0.79,
        "acc_stderr,none": 0.040936018074033256
    },
    "mmlu_miscellaneous": {
        "alias": "  - miscellaneous",
        "acc,none": 0.7918263090676884,
        "acc_stderr,none": 0.014518592248904033
    },
    "mmlu_nutrition": {
        "alias": "  - nutrition",
        "acc,none": 0.7418300653594772,
        "acc_stderr,none": 0.025058503316958157
    },
    "mmlu_professional_accounting": {
        "alias": "  - professional_accounting",
        "acc,none": 0.42907801418439717,
        "acc_stderr,none": 0.029525914302558562
    },
    "mmlu_professional_medicine": {
        "alias": "  - professional_medicine",
        "acc,none": 0.6801470588235294,
        "acc_stderr,none": 0.028332959514031225
    },
    "mmlu_virology": {
        "alias": "  - virology",
        "acc,none": 0.5542168674698795,
        "acc_stderr,none": 0.03869543323472101
    },
    "mmlu_social_sciences": {
        "acc,none": 0.7309067273318167,
        "acc_stderr,none": 0.007791616439703452,
        "alias": " - social sciences"
    },
    "mmlu_econometrics": {
        "alias": "  - econometrics",
        "acc,none": 0.4298245614035088,
        "acc_stderr,none": 0.04657047260594964
    },
    "mmlu_high_school_geography": {
        "alias": "  - high_school_geography",
        "acc,none": 0.7929292929292929,
        "acc_stderr,none": 0.02886977846026707
    },
    "mmlu_high_school_government_and_politics": {
        "alias": "  - high_school_government_and_politics",
        "acc,none": 0.8808290155440415,
        "acc_stderr,none": 0.02338193534812142
    },
    "mmlu_high_school_macroeconomics": {
        "alias": "  - high_school_macroeconomics",
        "acc,none": 0.5974358974358974,
        "acc_stderr,none": 0.02486499515976775
    },
    "mmlu_high_school_microeconomics": {
        "alias": "  - high_school_microeconomics",
        "acc,none": 0.6974789915966386,
        "acc_stderr,none": 0.02983796238829194
    },
    "mmlu_high_school_psychology": {
        "alias": "  - high_school_psychology",
        "acc,none": 0.818348623853211,
        "acc_stderr,none": 0.01653061740926686
    },
    "mmlu_human_sexuality": {
        "alias": "  - human_sexuality",
        "acc,none": 0.7557251908396947,
        "acc_stderr,none": 0.03768335959728744
    },
    "mmlu_professional_psychology": {
        "alias": "  - professional_psychology",
        "acc,none": 0.6928104575163399,
        "acc_stderr,none": 0.018663359671463667
    },
    "mmlu_public_relations": {
        "alias": "  - public_relations",
        "acc,none": 0.6636363636363637,
        "acc_stderr,none": 0.04525393596302505
    },
    "mmlu_security_studies": {
        "alias": "  - security_studies",
        "acc,none": 0.7183673469387755,
        "acc_stderr,none": 0.028795185574291282
    },
    "mmlu_sociology": {
        "alias": "  - sociology",
        "acc,none": 0.8557213930348259,
        "acc_stderr,none": 0.024845753212306046
    },
    "mmlu_us_foreign_policy": {
        "alias": "  - us_foreign_policy",
        "acc,none": 0.84,
        "acc_stderr,none": 0.03684529491774708
    },
    "mmlu_stem": {
        "acc,none": 0.4992071043450682,
        "acc_stderr,none": 0.008499653424055596,
        "alias": " - stem"
    },
    "mmlu_abstract_algebra": {
        "alias": "  - abstract_algebra",
        "acc,none": 0.28,
        "acc_stderr,none": 0.045126085985421276
    },
    "mmlu_anatomy": {
        "alias": "  - anatomy",
        "acc,none": 0.6444444444444445,
        "acc_stderr,none": 0.04135176749720385
    },
    "mmlu_astronomy": {
        "alias": "  - astronomy",
        "acc,none": 0.6513157894736842,
        "acc_stderr,none": 0.0387813988879761
    },
    "mmlu_college_biology": {
        "alias": "  - college_biology",
        "acc,none": 0.7430555555555556,
        "acc_stderr,none": 0.03653946969442099
    },
    "mmlu_college_chemistry": {
        "alias": "  - college_chemistry",
        "acc,none": 0.45,
        "acc_stderr,none": 0.05
    },
    "mmlu_college_computer_science": {
        "alias": "  - college_computer_science",
        "acc,none": 0.48,
        "acc_stderr,none": 0.050211673156867795
    },