{
    "winogrande": {
        "alias": "winogrande",
        "acc,none": 0.7569060773480663,
        "acc_stderr,none": 0.012055665630431046
    }
}