{
    "winogrande": {
        "alias": "winogrande",
        "acc,none": 0.6882399368587214,
        "acc_stderr,none": 0.013018571197638542
    }
}