{
    "winogrande": {
        "alias": "winogrande",
        "acc,none": 0.7182320441988951,
        "acc_stderr,none": 0.012643326011852944
    }
}