{
    "winogrande": {
        "alias": "winogrande",
        "acc,none": 0.7371744277821626,
        "acc_stderr,none": 0.012370922527262008
    }
}