{
    "winogrande": {
        "alias": "winogrande",
        "acc,none": 0.5548539857932123,
        "acc_stderr,none": 0.013967662954355487
    }
}