{
    "winogrande": {
        "alias": "winogrande",
        "acc,none": 0.7379636937647988,
        "acc_stderr,none": 0.012358944431637563
    }
}