{
    "winogrande": {
        "alias": "winogrande",
        "acc,none": 0.5272296764009471,
        "acc_stderr,none": 0.014031631629827696
    }
}