{
    "winogrande": {
        "alias": "winogrande",
        "acc,none": 0.5824782951854776,
        "acc_stderr,none": 0.013859978264440251
    }
}