{
    "winogrande": {
        "alias": "winogrande",
        "acc,none": 0.5311760063141279,
        "acc_stderr,none": 0.014025142640639515
    }
}