{
    "winogrande": {
        "alias": "winogrande",
        "acc,none": 0.5998421468034728,
        "acc_stderr,none": 0.013769472660464993
    }
}