{
    "winogrande": {
        "alias": "winogrande",
        "acc,none": 0.6566692975532754,
        "acc_stderr,none": 0.01334482318535802
    }
}