{
    "winogrande": {
        "alias": "winogrande",
        "acc,none": 0.6085240726124704,
        "acc_stderr,none": 0.013717487071290852
    }
}