{
    "winogrande": {
        "alias": "winogrande",
        "acc,none": 0.526440410418311,
        "acc_stderr,none": 0.014032823874407227
    }
}