{
    "winogrande": {
        "alias": "winogrande",
        "acc,none": 0.755327545382794,
        "acc_stderr,none": 0.012082125654159738
    }
}