{
    "mmlu": {
        "acc,none": 0.6213502350092579,
        "acc_stderr,none": 0.003843997737442149,
        "alias": "mmlu"
    },
    "mmlu_humanities": {
        "acc,none": 0.5664187035069076,
        "acc_stderr,none": 0.006738301386751395,
        "alias": " - humanities"
    },
    "mmlu_formal_logic": {
        "alias": "  - formal_logic",
        "acc,none": 0.3968253968253968,
        "acc_stderr,none": 0.04375888492727062
    },
    "mmlu_high_school_european_history": {
        "alias": "  - high_school_european_history",
        "acc,none": 0.7575757575757576,
        "acc_stderr,none": 0.03346409881055953
    },
    "mmlu_high_school_us_history": {
        "alias": "  - high_school_us_history",
        "acc,none": 0.7892156862745098,
        "acc_stderr,none": 0.0286265479124374
    },
    "mmlu_high_school_world_history": {
        "alias": "  - high_school_world_history",
        "acc,none": 0.7805907172995781,
        "acc_stderr,none": 0.026939106581553945
    },
    "mmlu_international_law": {
        "alias": "  - international_law",
        "acc,none": 0.7933884297520661,
        "acc_stderr,none": 0.036959801280988254
    },
    "mmlu_jurisprudence": {
        "alias": "  - jurisprudence",
        "acc,none": 0.75,
        "acc_stderr,none": 0.04186091791394607
    },
    "mmlu_logical_fallacies": {
        "alias": "  - logical_fallacies",
        "acc,none": 0.7730061349693251,
        "acc_stderr,none": 0.03291099578615771
    },
    "mmlu_moral_disputes": {
        "alias": "  - moral_disputes",
        "acc,none": 0.7109826589595376,
        "acc_stderr,none": 0.02440517393578323
    },
    "mmlu_moral_scenarios": {
        "alias": "  - moral_scenarios",
        "acc,none": 0.3229050279329609,
        "acc_stderr,none": 0.015638440380241488
    },
    "mmlu_philosophy": {
        "alias": "  - philosophy",
        "acc,none": 0.7041800643086816,
        "acc_stderr,none": 0.02592237178881879
    },
    "mmlu_prehistory": {
        "alias": "  - prehistory",
        "acc,none": 0.7376543209876543,
        "acc_stderr,none": 0.02447722285613511
    },
    "mmlu_professional_law": {
        "alias": "  - professional_law",
        "acc,none": 0.4595827900912647,
        "acc_stderr,none": 0.012728446067669966
    },
    "mmlu_world_religions": {
        "alias": "  - world_religions",
        "acc,none": 0.8362573099415205,
        "acc_stderr,none": 0.028380919596145866
    },
    "mmlu_other": {
        "acc,none": 0.6961699388477631,
        "acc_stderr,none": 0.007913180072223486,
        "alias": " - other"
    },
    "mmlu_business_ethics": {
        "alias": "  - business_ethics",
        "acc,none": 0.55,
        "acc_stderr,none": 0.04999999999999999
    },
    "mmlu_clinical_knowledge": {
        "alias": "  - clinical_knowledge",
        "acc,none": 0.6867924528301886,
        "acc_stderr,none": 0.02854479331905533
    },
    "mmlu_college_medicine": {
        "alias": "  - college_medicine",
        "acc,none": 0.6358381502890174,
        "acc_stderr,none": 0.03669072477416907
    },
    "mmlu_global_facts": {
        "alias": "  - global_facts",
        "acc,none": 0.31,
        "acc_stderr,none": 0.04648231987117316
    },
    "mmlu_human_aging": {
        "alias": "  - human_aging",
        "acc,none": 0.6905829596412556,
        "acc_stderr,none": 0.03102441174057222
    },
    "mmlu_management": {
        "alias": "  - management",
        "acc,none": 0.8155339805825242,
        "acc_stderr,none": 0.03840423627288276
    },
    "mmlu_marketing": {
        "alias": "  - marketing",
        "acc,none": 0.8760683760683761,
        "acc_stderr,none": 0.021586494001281382
    },
    "mmlu_medical_genetics": {
        "alias": "  - medical_genetics",
        "acc,none": 0.74,
        "acc_stderr,none": 0.04408440022768078
    },
    "mmlu_miscellaneous": {
        "alias": "  - miscellaneous",
        "acc,none": 0.8109833971902938,
        "acc_stderr,none": 0.014000791294407
    },
    "mmlu_nutrition": {
        "alias": "  - nutrition",
        "acc,none": 0.7450980392156863,
        "acc_stderr,none": 0.02495418432487991
    },
    "mmlu_professional_accounting": {
        "alias": "  - professional_accounting",
        "acc,none": 0.48226950354609927,
        "acc_stderr,none": 0.02980873964223777
    },
    "mmlu_professional_medicine": {
        "alias": "  - professional_medicine",
        "acc,none": 0.6580882352941176,
        "acc_stderr,none": 0.028814722422254177
    },
    "mmlu_virology": {
        "alias": "  - virology",
        "acc,none": 0.5421686746987951,
        "acc_stderr,none": 0.038786267710023595
    },
    "mmlu_social_sciences": {
        "acc,none": 0.7296067598310042,
        "acc_stderr,none": 0.007848091484314805,
        "alias": " - social sciences"
    },
    "mmlu_econometrics": {
        "alias": "  - econometrics",
        "acc,none": 0.5,
        "acc_stderr,none": 0.047036043419179864
    },
    "mmlu_high_school_geography": {
        "alias": "  - high_school_geography",
        "acc,none": 0.7727272727272727,
        "acc_stderr,none": 0.029857515673386396
    },
    "mmlu_high_school_government_and_politics": {
        "alias": "  - high_school_government_and_politics",
        "acc,none": 0.8756476683937824,
        "acc_stderr,none": 0.02381447708659356
    },
    "mmlu_high_school_macroeconomics": {
        "alias": "  - high_school_macroeconomics",
        "acc,none": 0.6435897435897436,
        "acc_stderr,none": 0.0242831405294673
    },
    "mmlu_high_school_microeconomics": {
        "alias": "  - high_school_microeconomics",
        "acc,none": 0.6512605042016807,
        "acc_stderr,none": 0.030956636328566545
    },
    "mmlu_high_school_psychology": {
        "alias": "  - high_school_psychology",
        "acc,none": 0.8146788990825689,
        "acc_stderr,none": 0.01665927970029585
    },
    "mmlu_human_sexuality": {
        "alias": "  - human_sexuality",
        "acc,none": 0.7862595419847328,
        "acc_stderr,none": 0.0359546161177469
    },
    "mmlu_professional_psychology": {
        "alias": "  - professional_psychology",
        "acc,none": 0.6748366013071896,
        "acc_stderr,none": 0.01895088677080631
    },
    "mmlu_public_relations": {
        "alias": "  - public_relations",
        "acc,none": 0.6363636363636364,
        "acc_stderr,none": 0.04607582090719976
    },
    "mmlu_security_studies": {
        "alias": "  - security_studies",
        "acc,none": 0.7183673469387755,
        "acc_stderr,none": 0.028795185574291282
    },
    "mmlu_sociology": {
        "alias": "  - sociology",
        "acc,none": 0.8258706467661692,
        "acc_stderr,none": 0.026814951200421603
    },
    "mmlu_us_foreign_policy": {
        "alias": "  - us_foreign_policy",
        "acc,none": 0.88,
        "acc_stderr,none": 0.03265986323710906
    },
    "mmlu_stem": {
        "acc,none": 0.5239454487789407,
        "acc_stderr,none": 0.008515547230301459,
        "alias": " - stem"
    },
    "mmlu_abstract_algebra": {
        "alias": "  - abstract_algebra",
        "acc,none": 0.37,
        "acc_stderr,none": 0.04852365870939099
    },
    "mmlu_anatomy": {
        "alias": "  - anatomy",
        "acc,none": 0.6222222222222222,
        "acc_stderr,none": 0.04188307537595853
    },
    "mmlu_astronomy": {
        "alias": "  - astronomy",
        "acc,none": 0.6578947368421053,
        "acc_stderr,none": 0.03860731599316091
    },
    "mmlu_college_biology": {
        "alias": "  - college_biology",
        "acc,none": 0.7013888888888888,
        "acc_stderr,none": 0.038270523579507554
    },
    "mmlu_college_chemistry": {
        "alias": "  - college_chemistry",
        "acc,none": 0.46,
        "acc_stderr,none": 0.05009082659620332
    },
    "mmlu_college_computer_science": {
        "alias": "  - college_computer_science",
        "acc,none": 0.53,
        "acc_stderr,none": 0.05016135580465919
    },