{
    "mmlu": {
        "acc,none": 0.6158666856573137,
        "acc_stderr,none": 0.0038535985817644792,
        "alias": "mmlu"
    },
    "mmlu_humanities": {
        "acc,none": 0.5647183846971308,
        "acc_stderr,none": 0.00675591205269254,
        "alias": " - humanities"
    },
    "mmlu_formal_logic": {
        "alias": "  - formal_logic",
        "acc,none": 0.40476190476190477,
        "acc_stderr,none": 0.043902592653775614
    },
    "mmlu_high_school_european_history": {
        "alias": "  - high_school_european_history",
        "acc,none": 0.7636363636363637,
        "acc_stderr,none": 0.03317505930009181
    },
    "mmlu_high_school_us_history": {
        "alias": "  - high_school_us_history",
        "acc,none": 0.7892156862745098,
        "acc_stderr,none": 0.028626547912437395
    },
    "mmlu_high_school_world_history": {
        "alias": "  - high_school_world_history",
        "acc,none": 0.7637130801687764,
        "acc_stderr,none": 0.027652153144159274
    },
    "mmlu_international_law": {
        "alias": "  - international_law",
        "acc,none": 0.8099173553719008,
        "acc_stderr,none": 0.035817969517092825
    },
    "mmlu_jurisprudence": {
        "alias": "  - jurisprudence",
        "acc,none": 0.7407407407407407,
        "acc_stderr,none": 0.04236511258094632
    },
    "mmlu_logical_fallacies": {
        "alias": "  - logical_fallacies",
        "acc,none": 0.7791411042944786,
        "acc_stderr,none": 0.03259177392742178
    },
    "mmlu_moral_disputes": {
        "alias": "  - moral_disputes",
        "acc,none": 0.7109826589595376,
        "acc_stderr,none": 0.024405173935783234
    },
    "mmlu_moral_scenarios": {
        "alias": "  - moral_scenarios",
        "acc,none": 0.3217877094972067,
        "acc_stderr,none": 0.015624236160792582
    },
    "mmlu_philosophy": {
        "alias": "  - philosophy",
        "acc,none": 0.6881028938906752,
        "acc_stderr,none": 0.02631185807185416
    },
    "mmlu_prehistory": {
        "alias": "  - prehistory",
        "acc,none": 0.7191358024691358,
        "acc_stderr,none": 0.025006469755799208
    },
    "mmlu_professional_law": {
        "alias": "  - professional_law",
        "acc,none": 0.4621903520208605,
        "acc_stderr,none": 0.012733671880342506
    },
    "mmlu_world_religions": {
        "alias": "  - world_religions",
        "acc,none": 0.8362573099415205,
        "acc_stderr,none": 0.028380919596145866
    },
    "mmlu_other": {
        "acc,none": 0.6929514000643707,
        "acc_stderr,none": 0.007910228381590055,
        "alias": " - other"
    },
    "mmlu_business_ethics": {
        "alias": "  - business_ethics",
        "acc,none": 0.58,
        "acc_stderr,none": 0.049604496374885836
    },
    "mmlu_clinical_knowledge": {
        "alias": "  - clinical_knowledge",
        "acc,none": 0.6754716981132075,
        "acc_stderr,none": 0.028815615713432118
    },
    "mmlu_college_medicine": {
        "alias": "  - college_medicine",
        "acc,none": 0.6242774566473989,
        "acc_stderr,none": 0.036928207672648664
    },
    "mmlu_global_facts": {
        "alias": "  - global_facts",
        "acc,none": 0.25,
        "acc_stderr,none": 0.04351941398892446
    },
    "mmlu_human_aging": {
        "alias": "  - human_aging",
        "acc,none": 0.6860986547085202,
        "acc_stderr,none": 0.031146796482972465
    },
    "mmlu_management": {
        "alias": "  - management",
        "acc,none": 0.8058252427184466,
        "acc_stderr,none": 0.03916667762822584
    },
    "mmlu_marketing": {
        "alias": "  - marketing",
        "acc,none": 0.8632478632478633,
        "acc_stderr,none": 0.022509033937077802
    },
    "mmlu_medical_genetics": {
        "alias": "  - medical_genetics",
        "acc,none": 0.76,
        "acc_stderr,none": 0.04292346959909283
    },
    "mmlu_miscellaneous": {
        "alias": "  - miscellaneous",
        "acc,none": 0.8135376756066411,
        "acc_stderr,none": 0.013927751372001506
    },
    "mmlu_nutrition": {
        "alias": "  - nutrition",
        "acc,none": 0.7320261437908496,
        "acc_stderr,none": 0.025360603796242557
    },
    "mmlu_professional_accounting": {
        "alias": "  - professional_accounting",
        "acc,none": 0.4716312056737589,
        "acc_stderr,none": 0.029779450957303062
    },
    "mmlu_professional_medicine": {
        "alias": "  - professional_medicine",
        "acc,none": 0.6764705882352942,
        "acc_stderr,none": 0.02841820861940675
    },
    "mmlu_virology": {
        "alias": "  - virology",
        "acc,none": 0.5481927710843374,
        "acc_stderr,none": 0.03874371556587953
    },
    "mmlu_social_sciences": {
        "acc,none": 0.7182320441988951,
        "acc_stderr,none": 0.00795150087306379,
        "alias": " - social sciences"
    },
    "mmlu_econometrics": {
        "alias": "  - econometrics",
        "acc,none": 0.47368421052631576,
        "acc_stderr,none": 0.046970851366478626
    },
    "mmlu_high_school_geography": {
        "alias": "  - high_school_geography",
        "acc,none": 0.7676767676767676,
        "acc_stderr,none": 0.030088629490217487
    },
    "mmlu_high_school_government_and_politics": {
        "alias": "  - high_school_government_and_politics",
        "acc,none": 0.8704663212435233,
        "acc_stderr,none": 0.02423353229775872
    },
    "mmlu_high_school_macroeconomics": {
        "alias": "  - high_school_macroeconomics",
        "acc,none": 0.6333333333333333,
        "acc_stderr,none": 0.02443301646605246
    },
    "mmlu_high_school_microeconomics": {
        "alias": "  - high_school_microeconomics",
        "acc,none": 0.6302521008403361,
        "acc_stderr,none": 0.031357095996135904
    },
    "mmlu_high_school_psychology": {
        "alias": "  - high_school_psychology",
        "acc,none": 0.7944954128440367,
        "acc_stderr,none": 0.01732435232501601
    },
    "mmlu_human_sexuality": {
        "alias": "  - human_sexuality",
        "acc,none": 0.7862595419847328,
        "acc_stderr,none": 0.0359546161177469
    },
    "mmlu_professional_psychology": {
        "alias": "  - professional_psychology",
        "acc,none": 0.6666666666666666,
        "acc_stderr,none": 0.019070985589687492
    },
    "mmlu_public_relations": {
        "alias": "  - public_relations",
        "acc,none": 0.6363636363636364,
        "acc_stderr,none": 0.04607582090719976
    },
    "mmlu_security_studies": {
        "alias": "  - security_studies",
        "acc,none": 0.7183673469387755,
        "acc_stderr,none": 0.02879518557429127
    },
    "mmlu_sociology": {
        "alias": "  - sociology",
        "acc,none": 0.8059701492537313,
        "acc_stderr,none": 0.0279626776047689
    },
    "mmlu_us_foreign_policy": {
        "alias": "  - us_foreign_policy",
        "acc,none": 0.87,
        "acc_stderr,none": 0.03379976689896309
    },
    "mmlu_stem": {
        "acc,none": 0.5163336504915953,
        "acc_stderr,none": 0.008481652832734363,
        "alias": " - stem"
    },
    "mmlu_abstract_algebra": {
        "alias": "  - abstract_algebra",
        "acc,none": 0.29,
        "acc_stderr,none": 0.04560480215720684
    },
    "mmlu_anatomy": {
        "alias": "  - anatomy",
        "acc,none": 0.6148148148148148,
        "acc_stderr,none": 0.042039210401562783
    },
    "mmlu_astronomy": {
        "alias": "  - astronomy",
        "acc,none": 0.6644736842105263,
        "acc_stderr,none": 0.038424985593952694
    },
    "mmlu_college_biology": {
        "alias": "  - college_biology",
        "acc,none": 0.7152777777777778,
        "acc_stderr,none": 0.03773809990686936
    },
    "mmlu_college_chemistry": {
        "alias": "  - college_chemistry",
        "acc,none": 0.46,
        "acc_stderr,none": 0.05009082659620332
    },
    "mmlu_college_computer_science": {
        "alias": "  - college_computer_science",
        "acc,none": 0.51,