{
    "mmlu": {
        "acc,none": 0.5311209229454493,
        "acc_stderr,none": 0.0038975669734670234,
        "alias": "mmlu"
    },
    "mmlu_humanities": {
        "acc,none": 0.46886291179596173,
        "acc_stderr,none": 0.00664329933700169,
        "alias": " - humanities"
    },
    "mmlu_formal_logic": {
        "alias": "  - formal_logic",
        "acc,none": 0.30952380952380953,
        "acc_stderr,none": 0.04134913018303316
    },
    "mmlu_high_school_european_history": {
        "alias": "  - high_school_european_history",
        "acc,none": 0.703030303030303,
        "acc_stderr,none": 0.03567969772268048
    },
    "mmlu_high_school_us_history": {
        "alias": "  - high_school_us_history",
        "acc,none": 0.7058823529411765,
        "acc_stderr,none": 0.03198001660115069
    },
    "mmlu_high_school_world_history": {
        "alias": "  - high_school_world_history",
        "acc,none": 0.7046413502109705,
        "acc_stderr,none": 0.029696338713422886
    },
    "mmlu_international_law": {
        "alias": "  - international_law",
        "acc,none": 0.7024793388429752,
        "acc_stderr,none": 0.04173349148083499
    },
    "mmlu_jurisprudence": {
        "alias": "  - jurisprudence",
        "acc,none": 0.6388888888888888,
        "acc_stderr,none": 0.04643454608906275
    },
    "mmlu_logical_fallacies": {
        "alias": "  - logical_fallacies",
        "acc,none": 0.7300613496932515,
        "acc_stderr,none": 0.034878251684978906
    },
    "mmlu_moral_disputes": {
        "alias": "  - moral_disputes",
        "acc,none": 0.6098265895953757,
        "acc_stderr,none": 0.026261677607806653
    },
    "mmlu_moral_scenarios": {
        "alias": "  - moral_scenarios",
        "acc,none": 0.27150837988826815,
        "acc_stderr,none": 0.014874252168095268
    },
    "mmlu_philosophy": {
        "alias": "  - philosophy",
        "acc,none": 0.6655948553054662,
        "acc_stderr,none": 0.026795422327893947
    },
    "mmlu_prehistory": {
        "alias": "  - prehistory",
        "acc,none": 0.6604938271604939,
        "acc_stderr,none": 0.02634856441201164
    },
    "mmlu_professional_law": {
        "alias": "  - professional_law",
        "acc,none": 0.2907431551499348,
        "acc_stderr,none": 0.011598062372851981
    },
    "mmlu_world_religions": {
        "alias": "  - world_religions",
        "acc,none": 0.8538011695906432,
        "acc_stderr,none": 0.027097290118070806
    },
    "mmlu_other": {
        "acc,none": 0.6144190537495977,
        "acc_stderr,none": 0.008270936439124625,
        "alias": " - other"
    },
    "mmlu_business_ethics": {
        "alias": "  - business_ethics",
        "acc,none": 0.56,
        "acc_stderr,none": 0.049888765156985884
    },
    "mmlu_clinical_knowledge": {
        "alias": "  - clinical_knowledge",
        "acc,none": 0.539622641509434,
        "acc_stderr,none": 0.030676096599389184
    },
    "mmlu_college_medicine": {
        "alias": "  - college_medicine",
        "acc,none": 0.5549132947976878,
        "acc_stderr,none": 0.03789401760283648
    },
    "mmlu_global_facts": {
        "alias": "  - global_facts",
        "acc,none": 0.32,
        "acc_stderr,none": 0.04688261722621505
    },
    "mmlu_human_aging": {
        "alias": "  - human_aging",
        "acc,none": 0.6591928251121076,
        "acc_stderr,none": 0.03181149747055359
    },
    "mmlu_management": {
        "alias": "  - management",
        "acc,none": 0.7669902912621359,
        "acc_stderr,none": 0.04185832598928315
    },
    "mmlu_marketing": {
        "alias": "  - marketing",
        "acc,none": 0.8504273504273504,
        "acc_stderr,none": 0.023365051491753712
    },
    "mmlu_medical_genetics": {
        "alias": "  - medical_genetics",
        "acc,none": 0.68,
        "acc_stderr,none": 0.046882617226215034
    },
    "mmlu_miscellaneous": {
        "alias": "  - miscellaneous",
        "acc,none": 0.7726692209450831,
        "acc_stderr,none": 0.014987270640946015
    },
    "mmlu_nutrition": {
        "alias": "  - nutrition",
        "acc,none": 0.6013071895424836,
        "acc_stderr,none": 0.02803609227389177
    },
    "mmlu_professional_accounting": {
        "alias": "  - professional_accounting",
        "acc,none": 0.3475177304964539,
        "acc_stderr,none": 0.028406627809590954
    },
    "mmlu_professional_medicine": {
        "alias": "  - professional_medicine",
        "acc,none": 0.4227941176470588,
        "acc_stderr,none": 0.03000856284500348
    },
    "mmlu_virology": {
        "alias": "  - virology",
        "acc,none": 0.5240963855421686,
        "acc_stderr,none": 0.03887971849597264
    },
    "mmlu_social_sciences": {
        "acc,none": 0.6509587260318492,
        "acc_stderr,none": 0.008376963953239239,
        "alias": " - social sciences"
    },
    "mmlu_econometrics": {
        "alias": "  - econometrics",
        "acc,none": 0.34210526315789475,
        "acc_stderr,none": 0.04462917535336937
    },
    "mmlu_high_school_geography": {
        "alias": "  - high_school_geography",
        "acc,none": 0.702020202020202,
        "acc_stderr,none": 0.03258630383836555
    },
    "mmlu_high_school_government_and_politics": {
        "alias": "  - high_school_government_and_politics",
        "acc,none": 0.8031088082901554,
        "acc_stderr,none": 0.0286978739718607
    },
    "mmlu_high_school_macroeconomics": {
        "alias": "  - high_school_macroeconomics",
        "acc,none": 0.5205128205128206,
        "acc_stderr,none": 0.02532966316348994
    },
    "mmlu_high_school_microeconomics": {
        "alias": "  - high_school_microeconomics",
        "acc,none": 0.5588235294117647,
        "acc_stderr,none": 0.0322529423239964
    },
    "mmlu_high_school_psychology": {
        "alias": "  - high_school_psychology",
        "acc,none": 0.7174311926605504,
        "acc_stderr,none": 0.019304243497707152
    },
    "mmlu_human_sexuality": {
        "alias": "  - human_sexuality",
        "acc,none": 0.7709923664122137,
        "acc_stderr,none": 0.036853466317118506
    },
    "mmlu_professional_psychology": {
        "alias": "  - professional_psychology",
        "acc,none": 0.6143790849673203,
        "acc_stderr,none": 0.01969145905235403
    },
    "mmlu_public_relations": {
        "alias": "  - public_relations",
        "acc,none": 0.6,
        "acc_stderr,none": 0.0469237132203465
    },
    "mmlu_security_studies": {
        "alias": "  - security_studies",
        "acc,none": 0.6408163265306123,
        "acc_stderr,none": 0.030713560455108493
    },
    "mmlu_sociology": {
        "alias": "  - sociology",
        "acc,none": 0.8009950248756219,
        "acc_stderr,none": 0.028231365092758406
    },
    "mmlu_us_foreign_policy": {
        "alias": "  - us_foreign_policy",
        "acc,none": 0.82,
        "acc_stderr,none": 0.03861229196653694
    },
    "mmlu_stem": {
        "acc,none": 0.42499207104345066,
        "acc_stderr,none": 0.008353072656496716,
        "alias": " - stem"
    },
    "mmlu_abstract_algebra": {
        "alias": "  - abstract_algebra",
        "acc,none": 0.25,
        "acc_stderr,none": 0.04351941398892446
    },
    "mmlu_anatomy": {
        "alias": "  - anatomy",
        "acc,none": 0.5259259259259259,
        "acc_stderr,none": 0.04313531696750575
    },
    "mmlu_astronomy": {
        "alias": "  - astronomy",
        "acc,none": 0.5986842105263158,
        "acc_stderr,none": 0.039889037033362836
    },
    "mmlu_college_biology": {
        "alias": "  - college_biology",
        "acc,none": 0.6527777777777778,
        "acc_stderr,none": 0.03981240543717861
    },
    "mmlu_college_chemistry": {
        "alias": "  - college_chemistry",
        "acc,none": 0.37,
        "acc_stderr,none": 0.04852365870939099
    },
    "mmlu_college_computer_science": {
        "alias": "  - college_computer_science",
        "acc,none": 0.44,
        "acc_stderr,none": 0.049888765156985884
    },