{
    "mmlu": {
        "acc,none": 0.6207093006694203,
        "acc_stderr,none": 0.003843846845705965,
        "alias": "mmlu"
    },
    "mmlu_humanities": {
        "acc,none": 0.5625929861849097,
        "acc_stderr,none": 0.006739210341403182,
        "alias": " - humanities"
    },
    "mmlu_formal_logic": {
        "alias": "  - formal_logic",
        "acc,none": 0.4126984126984127,
        "acc_stderr,none": 0.04403438954768177
    },
    "mmlu_high_school_european_history": {
        "alias": "  - high_school_european_history",
        "acc,none": 0.7757575757575758,
        "acc_stderr,none": 0.03256866661681102
    },
    "mmlu_high_school_us_history": {
        "alias": "  - high_school_us_history",
        "acc,none": 0.7941176470588235,
        "acc_stderr,none": 0.02837944945158866
    },
    "mmlu_high_school_world_history": {
        "alias": "  - high_school_world_history",
        "acc,none": 0.7679324894514767,
        "acc_stderr,none": 0.02747974455080852
    },
    "mmlu_international_law": {
        "alias": "  - international_law",
        "acc,none": 0.7933884297520661,
        "acc_stderr,none": 0.03695980128098824
    },
    "mmlu_jurisprudence": {
        "alias": "  - jurisprudence",
        "acc,none": 0.7592592592592593,
        "acc_stderr,none": 0.04133119440243839
    },
    "mmlu_logical_fallacies": {
        "alias": "  - logical_fallacies",
        "acc,none": 0.7730061349693251,
        "acc_stderr,none": 0.03291099578615771
    },
    "mmlu_moral_disputes": {
        "alias": "  - moral_disputes",
        "acc,none": 0.708092485549133,
        "acc_stderr,none": 0.02447699407624732
    },
    "mmlu_moral_scenarios": {
        "alias": "  - moral_scenarios",
        "acc,none": 0.31620111731843575,
        "acc_stderr,none": 0.01555167365217256
    },
    "mmlu_philosophy": {
        "alias": "  - philosophy",
        "acc,none": 0.7009646302250804,
        "acc_stderr,none": 0.02600330111788514
    },
    "mmlu_prehistory": {
        "alias": "  - prehistory",
        "acc,none": 0.7222222222222222,
        "acc_stderr,none": 0.024922001168886338
    },
    "mmlu_professional_law": {
        "alias": "  - professional_law",
        "acc,none": 0.45436766623207303,
        "acc_stderr,none": 0.012716941720734806
    },
    "mmlu_world_religions": {
        "alias": "  - world_religions",
        "acc,none": 0.8304093567251462,
        "acc_stderr,none": 0.02878210810540171
    },
    "mmlu_other": {
        "acc,none": 0.7006758931445124,
        "acc_stderr,none": 0.007901093345707115,
        "alias": " - other"
    },
    "mmlu_business_ethics": {
        "alias": "  - business_ethics",
        "acc,none": 0.57,
        "acc_stderr,none": 0.049756985195624284
    },
    "mmlu_clinical_knowledge": {
        "alias": "  - clinical_knowledge",
        "acc,none": 0.6716981132075471,
        "acc_stderr,none": 0.02890159361241178
    },
    "mmlu_college_medicine": {
        "alias": "  - college_medicine",
        "acc,none": 0.6127167630057804,
        "acc_stderr,none": 0.03714325906302065
    },
    "mmlu_global_facts": {
        "alias": "  - global_facts",
        "acc,none": 0.33,
        "acc_stderr,none": 0.047258156262526045
    },
    "mmlu_human_aging": {
        "alias": "  - human_aging",
        "acc,none": 0.7130044843049327,
        "acc_stderr,none": 0.03036037971029196
    },
    "mmlu_management": {
        "alias": "  - management",
        "acc,none": 0.8155339805825242,
        "acc_stderr,none": 0.03840423627288276
    },
    "mmlu_marketing": {
        "alias": "  - marketing",
        "acc,none": 0.8760683760683761,
        "acc_stderr,none": 0.02158649400128138
    },
    "mmlu_medical_genetics": {
        "alias": "  - medical_genetics",
        "acc,none": 0.72,
        "acc_stderr,none": 0.04512608598542127
    },
    "mmlu_miscellaneous": {
        "alias": "  - miscellaneous",
        "acc,none": 0.8135376756066411,
        "acc_stderr,none": 0.013927751372001506
    },
    "mmlu_nutrition": {
        "alias": "  - nutrition",
        "acc,none": 0.761437908496732,
        "acc_stderr,none": 0.02440439492808787
    },
    "mmlu_professional_accounting": {
        "alias": "  - professional_accounting",
        "acc,none": 0.5,
        "acc_stderr,none": 0.029827499313594685
    },
    "mmlu_professional_medicine": {
        "alias": "  - professional_medicine",
        "acc,none": 0.6507352941176471,
        "acc_stderr,none": 0.028959755196824855
    },
    "mmlu_virology": {
        "alias": "  - virology",
        "acc,none": 0.572289156626506,
        "acc_stderr,none": 0.038515976837185335
    },
    "mmlu_social_sciences": {
        "acc,none": 0.7286317842053949,
        "acc_stderr,none": 0.007861815867733478,
        "alias": " - social sciences"
    },
    "mmlu_econometrics": {
        "alias": "  - econometrics",
        "acc,none": 0.49122807017543857,
        "acc_stderr,none": 0.04702880432049615
    },
    "mmlu_high_school_geography": {
        "alias": "  - high_school_geography",
        "acc,none": 0.7727272727272727,
        "acc_stderr,none": 0.0298575156733864
    },
    "mmlu_high_school_government_and_politics": {
        "alias": "  - high_school_government_and_politics",
        "acc,none": 0.8704663212435233,
        "acc_stderr,none": 0.024233532297758716
    },
    "mmlu_high_school_macroeconomics": {
        "alias": "  - high_school_macroeconomics",
        "acc,none": 0.6333333333333333,
        "acc_stderr,none": 0.02443301646605246
    },
    "mmlu_high_school_microeconomics": {
        "alias": "  - high_school_microeconomics",
        "acc,none": 0.6848739495798319,
        "acc_stderr,none": 0.030176808288974337
    },
    "mmlu_high_school_psychology": {
        "alias": "  - high_school_psychology",
        "acc,none": 0.8055045871559633,
        "acc_stderr,none": 0.016970289090458075
    },
    "mmlu_human_sexuality": {
        "alias": "  - human_sexuality",
        "acc,none": 0.7862595419847328,
        "acc_stderr,none": 0.0359546161177469
    },
    "mmlu_professional_psychology": {
        "alias": "  - professional_psychology",
        "acc,none": 0.6683006535947712,
        "acc_stderr,none": 0.019047485239360385
    },
    "mmlu_public_relations": {
        "alias": "  - public_relations",
        "acc,none": 0.6545454545454545,
        "acc_stderr,none": 0.04554619617541054
    },
    "mmlu_security_studies": {
        "alias": "  - security_studies",
        "acc,none": 0.7224489795918367,
        "acc_stderr,none": 0.02866685779027465
    },
    "mmlu_sociology": {
        "alias": "  - sociology",
        "acc,none": 0.835820895522388,
        "acc_stderr,none": 0.02619392354445415
    },
    "mmlu_us_foreign_policy": {
        "alias": "  - us_foreign_policy",
        "acc,none": 0.87,
        "acc_stderr,none": 0.03379976689896309
    },
    "mmlu_stem": {
        "acc,none": 0.5233111322549953,
        "acc_stderr,none": 0.008511421371939708,
        "alias": " - stem"
    },
    "mmlu_abstract_algebra": {
        "alias": "  - abstract_algebra",
        "acc,none": 0.3,
        "acc_stderr,none": 0.046056618647183814
    },
    "mmlu_anatomy": {
        "alias": "  - anatomy",
        "acc,none": 0.5925925925925926,
        "acc_stderr,none": 0.042446332383532286
    },
    "mmlu_astronomy": {
        "alias": "  - astronomy",
        "acc,none": 0.6644736842105263,
        "acc_stderr,none": 0.03842498559395268
    },
    "mmlu_college_biology": {
        "alias": "  - college_biology",
        "acc,none": 0.7222222222222222,
        "acc_stderr,none": 0.03745554791462458
    },
    "mmlu_college_chemistry": {
        "alias": "  - college_chemistry",
        "acc,none": 0.46,
        "acc_stderr,none": 0.05009082659620332
    },
    "mmlu_college_computer_science": {
        "alias": "  - college_computer_science",
        "acc,none": 0.48,
        "acc_stderr,none": 0.050211673156867795
    },