{
    "mmlu": {
        "acc,none": 0.6209941603760148,
        "acc_stderr,none": 0.003859145957694521,
        "alias": "mmlu"
    },
    "mmlu_humanities": {
        "acc,none": 0.5662061636556854,
        "acc_stderr,none": 0.006756117521140756,
        "alias": " - humanities"
    },
    "mmlu_formal_logic": {
        "alias": "  - formal_logic",
        "acc,none": 0.4126984126984127,
        "acc_stderr,none": 0.04403438954768177
    },
    "mmlu_high_school_european_history": {
        "alias": "  - high_school_european_history",
        "acc,none": 0.7757575757575758,
        "acc_stderr,none": 0.032568666616811015
    },
    "mmlu_high_school_us_history": {
        "alias": "  - high_school_us_history",
        "acc,none": 0.7843137254901961,
        "acc_stderr,none": 0.028867431449849303
    },
    "mmlu_high_school_world_history": {
        "alias": "  - high_school_world_history",
        "acc,none": 0.7721518987341772,
        "acc_stderr,none": 0.02730348459906943
    },
    "mmlu_international_law": {
        "alias": "  - international_law",
        "acc,none": 0.7851239669421488,
        "acc_stderr,none": 0.03749492448709699
    },
    "mmlu_jurisprudence": {
        "alias": "  - jurisprudence",
        "acc,none": 0.7407407407407407,
        "acc_stderr,none": 0.04236511258094632
    },
    "mmlu_logical_fallacies": {
        "alias": "  - logical_fallacies",
        "acc,none": 0.7607361963190185,
        "acc_stderr,none": 0.03351953879521271
    },
    "mmlu_moral_disputes": {
        "alias": "  - moral_disputes",
        "acc,none": 0.708092485549133,
        "acc_stderr,none": 0.02447699407624732
    },
    "mmlu_moral_scenarios": {
        "alias": "  - moral_scenarios",
        "acc,none": 0.33743016759776534,
        "acc_stderr,none": 0.015813901283913048
    },
    "mmlu_philosophy": {
        "alias": "  - philosophy",
        "acc,none": 0.7041800643086816,
        "acc_stderr,none": 0.025922371788818788
    },
    "mmlu_prehistory": {
        "alias": "  - prehistory",
        "acc,none": 0.7438271604938271,
        "acc_stderr,none": 0.0242885336377261
    },
    "mmlu_professional_law": {
        "alias": "  - professional_law",
        "acc,none": 0.4511082138200782,
        "acc_stderr,none": 0.012709037347346233
    },
    "mmlu_world_religions": {
        "alias": "  - world_religions",
        "acc,none": 0.8362573099415205,
        "acc_stderr,none": 0.028380919596145866
    },
    "mmlu_other": {
        "acc,none": 0.6952043772127454,
        "acc_stderr,none": 0.007948182263185968,
        "alias": " - other"
    },
    "mmlu_business_ethics": {
        "alias": "  - business_ethics",
        "acc,none": 0.56,
        "acc_stderr,none": 0.04988876515698589
    },
    "mmlu_clinical_knowledge": {
        "alias": "  - clinical_knowledge",
        "acc,none": 0.6754716981132075,
        "acc_stderr,none": 0.028815615713432115
    },
    "mmlu_college_medicine": {
        "alias": "  - college_medicine",
        "acc,none": 0.6358381502890174,
        "acc_stderr,none": 0.03669072477416907
    },
    "mmlu_global_facts": {
        "alias": "  - global_facts",
        "acc,none": 0.35,
        "acc_stderr,none": 0.047937248544110196
    },
    "mmlu_human_aging": {
        "alias": "  - human_aging",
        "acc,none": 0.6816143497757847,
        "acc_stderr,none": 0.03126580522513713
    },
    "mmlu_management": {
        "alias": "  - management",
        "acc,none": 0.8252427184466019,
        "acc_stderr,none": 0.0376017800602662
    },
    "mmlu_marketing": {
        "alias": "  - marketing",
        "acc,none": 0.8717948717948718,
        "acc_stderr,none": 0.021901905115073325
    },
    "mmlu_medical_genetics": {
        "alias": "  - medical_genetics",
        "acc,none": 0.75,
        "acc_stderr,none": 0.04351941398892446
    },
    "mmlu_miscellaneous": {
        "alias": "  - miscellaneous",
        "acc,none": 0.8109833971902938,
        "acc_stderr,none": 0.014000791294406999
    },
    "mmlu_nutrition": {
        "alias": "  - nutrition",
        "acc,none": 0.7254901960784313,
        "acc_stderr,none": 0.025553169991826503
    },
    "mmlu_professional_accounting": {
        "alias": "  - professional_accounting",
        "acc,none": 0.48936170212765956,
        "acc_stderr,none": 0.029820747191422473
    },
    "mmlu_professional_medicine": {
        "alias": "  - professional_medicine",
        "acc,none": 0.6617647058823529,
        "acc_stderr,none": 0.02873932851398358
    },
    "mmlu_virology": {
        "alias": "  - virology",
        "acc,none": 0.536144578313253,
        "acc_stderr,none": 0.03882310850890593
    },
    "mmlu_social_sciences": {
        "acc,none": 0.7244068898277543,
        "acc_stderr,none": 0.007889391504610776,
        "alias": " - social sciences"
    },
    "mmlu_econometrics": {
        "alias": "  - econometrics",
        "acc,none": 0.4649122807017544,
        "acc_stderr,none": 0.046920083813689104
    },
    "mmlu_high_school_geography": {
        "alias": "  - high_school_geography",
        "acc,none": 0.7727272727272727,
        "acc_stderr,none": 0.029857515673386396
    },
    "mmlu_high_school_government_and_politics": {
        "alias": "  - high_school_government_and_politics",
        "acc,none": 0.8704663212435233,
        "acc_stderr,none": 0.02423353229775872
    },
    "mmlu_high_school_macroeconomics": {
        "alias": "  - high_school_macroeconomics",
        "acc,none": 0.6410256410256411,
        "acc_stderr,none": 0.024321738484602354
    },
    "mmlu_high_school_microeconomics": {
        "alias": "  - high_school_microeconomics",
        "acc,none": 0.634453781512605,
        "acc_stderr,none": 0.0312821770636846
    },
    "mmlu_high_school_psychology": {
        "alias": "  - high_school_psychology",
        "acc,none": 0.8110091743119267,
        "acc_stderr,none": 0.01678548115920366
    },
    "mmlu_human_sexuality": {
        "alias": "  - human_sexuality",
        "acc,none": 0.7633587786259542,
        "acc_stderr,none": 0.03727673575596914
    },
    "mmlu_professional_psychology": {
        "alias": "  - professional_psychology",
        "acc,none": 0.6764705882352942,
        "acc_stderr,none": 0.018926082916083376
    },
    "mmlu_public_relations": {
        "alias": "  - public_relations",
        "acc,none": 0.6454545454545455,
        "acc_stderr,none": 0.045820048415054174
    },
    "mmlu_security_studies": {
        "alias": "  - security_studies",
        "acc,none": 0.7142857142857143,
        "acc_stderr,none": 0.028920583220675578
    },
    "mmlu_sociology": {
        "alias": "  - sociology",
        "acc,none": 0.8208955223880597,
        "acc_stderr,none": 0.027113286753111837
    },
    "mmlu_us_foreign_policy": {
        "alias": "  - us_foreign_policy",
        "acc,none": 0.87,
        "acc_stderr,none": 0.03379976689896309
    },
    "mmlu_stem": {
        "acc,none": 0.5287028227085315,
        "acc_stderr,none": 0.008551958521446587,
        "alias": " - stem"
    },
    "mmlu_abstract_algebra": {
        "alias": "  - abstract_algebra",
        "acc,none": 0.35,
        "acc_stderr,none": 0.0479372485441102
    },
    "mmlu_anatomy": {
        "alias": "  - anatomy",
        "acc,none": 0.6296296296296297,
        "acc_stderr,none": 0.041716541613545426
    },
    "mmlu_astronomy": {
        "alias": "  - astronomy",
        "acc,none": 0.6381578947368421,
        "acc_stderr,none": 0.03910525752849725
    },
    "mmlu_college_biology": {
        "alias": "  - college_biology",
        "acc,none": 0.7291666666666666,
        "acc_stderr,none": 0.03716177437566016
    },
    "mmlu_college_chemistry": {
        "alias": "  - college_chemistry",
        "acc,none": 0.46,
        "acc_stderr,none": 0.05009082659620332
    },
    "mmlu_college_computer_science": {
        "alias": "  - college_computer_science",
        "acc,none": 0.53,
        "acc_stderr,none": 0.05016135580465919
    },