{
    "mmlu": {
        "acc,none": 0.6045435123201823,
        "acc_stderr,none": 0.003840454831426813,
        "alias": "mmlu"
    },
    "mmlu_humanities": {
        "acc,none": 0.5421891604675877,
        "acc_stderr,none": 0.006646608017838999,
        "alias": " - humanities"
    },
    "mmlu_formal_logic": {
        "alias": "  - formal_logic",
        "acc,none": 0.3412698412698413,
        "acc_stderr,none": 0.04240799327574925
    },
    "mmlu_high_school_european_history": {
        "alias": "  - high_school_european_history",
        "acc,none": 0.7575757575757576,
        "acc_stderr,none": 0.03346409881055953
    },
    "mmlu_high_school_us_history": {
        "alias": "  - high_school_us_history",
        "acc,none": 0.7990196078431373,
        "acc_stderr,none": 0.028125972265654373
    },
    "mmlu_high_school_world_history": {
        "alias": "  - high_school_world_history",
        "acc,none": 0.7679324894514767,
        "acc_stderr,none": 0.02747974455080852
    },
    "mmlu_international_law": {
        "alias": "  - international_law",
        "acc,none": 0.7768595041322314,
        "acc_stderr,none": 0.03800754475228733
    },
    "mmlu_jurisprudence": {
        "alias": "  - jurisprudence",
        "acc,none": 0.75,
        "acc_stderr,none": 0.04186091791394607
    },
    "mmlu_logical_fallacies": {
        "alias": "  - logical_fallacies",
        "acc,none": 0.7791411042944786,
        "acc_stderr,none": 0.03259177392742178
    },
    "mmlu_moral_disputes": {
        "alias": "  - moral_disputes",
        "acc,none": 0.6965317919075145,
        "acc_stderr,none": 0.024752411960917212
    },
    "mmlu_moral_scenarios": {
        "alias": "  - moral_scenarios",
        "acc,none": 0.2435754189944134,
        "acc_stderr,none": 0.014355911964767857
    },
    "mmlu_philosophy": {
        "alias": "  - philosophy",
        "acc,none": 0.6913183279742765,
        "acc_stderr,none": 0.026236965881153256
    },
    "mmlu_prehistory": {
        "alias": "  - prehistory",
        "acc,none": 0.7283950617283951,
        "acc_stderr,none": 0.02474862449053737
    },
    "mmlu_professional_law": {
        "alias": "  - professional_law",
        "acc,none": 0.44654498044328556,
        "acc_stderr,none": 0.012697046024399677
    },
    "mmlu_world_religions": {
        "alias": "  - world_religions",
        "acc,none": 0.8245614035087719,
        "acc_stderr,none": 0.029170885500727665
    },
    "mmlu_other": {
        "acc,none": 0.6900547151593177,
        "acc_stderr,none": 0.007989854980884913,
        "alias": " - other"
    },
    "mmlu_business_ethics": {
        "alias": "  - business_ethics",
        "acc,none": 0.56,
        "acc_stderr,none": 0.04988876515698589
    },
    "mmlu_clinical_knowledge": {
        "alias": "  - clinical_knowledge",
        "acc,none": 0.6679245283018868,
        "acc_stderr,none": 0.028985455652334395
    },
    "mmlu_college_medicine": {
        "alias": "  - college_medicine",
        "acc,none": 0.5838150289017341,
        "acc_stderr,none": 0.03758517775404947
    },
    "mmlu_global_facts": {
        "alias": "  - global_facts",
        "acc,none": 0.36,
        "acc_stderr,none": 0.048241815132442176
    },
    "mmlu_human_aging": {
        "alias": "  - human_aging",
        "acc,none": 0.6816143497757847,
        "acc_stderr,none": 0.03126580522513713
    },
    "mmlu_management": {
        "alias": "  - management",
        "acc,none": 0.8058252427184466,
        "acc_stderr,none": 0.03916667762822584
    },
    "mmlu_marketing": {
        "alias": "  - marketing",
        "acc,none": 0.8632478632478633,
        "acc_stderr,none": 0.02250903393707781
    },
    "mmlu_medical_genetics": {
        "alias": "  - medical_genetics",
        "acc,none": 0.71,
        "acc_stderr,none": 0.04560480215720683
    },
    "mmlu_miscellaneous": {
        "alias": "  - miscellaneous",
        "acc,none": 0.80970625798212,
        "acc_stderr,none": 0.014036945850381405
    },
    "mmlu_nutrition": {
        "alias": "  - nutrition",
        "acc,none": 0.738562091503268,
        "acc_stderr,none": 0.025160998214292456
    },
    "mmlu_professional_accounting": {
        "alias": "  - professional_accounting",
        "acc,none": 0.48226950354609927,
        "acc_stderr,none": 0.02980873964223777
    },
    "mmlu_professional_medicine": {
        "alias": "  - professional_medicine",
        "acc,none": 0.6580882352941176,
        "acc_stderr,none": 0.028814722422254174
    },
    "mmlu_virology": {
        "alias": "  - virology",
        "acc,none": 0.5481927710843374,
        "acc_stderr,none": 0.03874371556587953
    },
    "mmlu_social_sciences": {
        "acc,none": 0.7136821579460514,
        "acc_stderr,none": 0.007982482075932665,
        "alias": " - social sciences"
    },
    "mmlu_econometrics": {
        "alias": "  - econometrics",
        "acc,none": 0.4649122807017544,
        "acc_stderr,none": 0.046920083813689104
    },
    "mmlu_high_school_geography": {
        "alias": "  - high_school_geography",
        "acc,none": 0.7626262626262627,
        "acc_stderr,none": 0.03031371053819889
    },
    "mmlu_high_school_government_and_politics": {
        "alias": "  - high_school_government_and_politics",
        "acc,none": 0.8652849740932642,
        "acc_stderr,none": 0.024639789097709443
    },
    "mmlu_high_school_macroeconomics": {
        "alias": "  - high_school_macroeconomics",
        "acc,none": 0.617948717948718,
        "acc_stderr,none": 0.024635549163908234
    },
    "mmlu_high_school_microeconomics": {
        "alias": "  - high_school_microeconomics",
        "acc,none": 0.6470588235294118,
        "acc_stderr,none": 0.031041941304059274
    },
    "mmlu_high_school_psychology": {
        "alias": "  - high_school_psychology",
        "acc,none": 0.8018348623853211,
        "acc_stderr,none": 0.017090573804217878
    },
    "mmlu_human_sexuality": {
        "alias": "  - human_sexuality",
        "acc,none": 0.7938931297709924,
        "acc_stderr,none": 0.03547771004159463
    },
    "mmlu_professional_psychology": {
        "alias": "  - professional_psychology",
        "acc,none": 0.6552287581699346,
        "acc_stderr,none": 0.019228322018696647
    },
    "mmlu_public_relations": {
        "alias": "  - public_relations",
        "acc,none": 0.6272727272727273,
        "acc_stderr,none": 0.04631381319425464
    },
    "mmlu_security_studies": {
        "alias": "  - security_studies",
        "acc,none": 0.710204081632653,
        "acc_stderr,none": 0.02904308868330434
    },
    "mmlu_sociology": {
        "alias": "  - sociology",
        "acc,none": 0.7960199004975125,
        "acc_stderr,none": 0.02849317624532607
    },
    "mmlu_us_foreign_policy": {
        "alias": "  - us_foreign_policy",
        "acc,none": 0.85,
        "acc_stderr,none": 0.035887028128263686
    },
    "mmlu_stem": {
        "acc,none": 0.5068189026324136,
        "acc_stderr,none": 0.008455686896735036,
        "alias": " - stem"
    },
    "mmlu_abstract_algebra": {
        "alias": "  - abstract_algebra",
        "acc,none": 0.25,
        "acc_stderr,none": 0.04351941398892446
    },
    "mmlu_anatomy": {
        "alias": "  - anatomy",
        "acc,none": 0.6296296296296297,
        "acc_stderr,none": 0.04171654161354543
    },
    "mmlu_astronomy": {
        "alias": "  - astronomy",
        "acc,none": 0.6447368421052632,
        "acc_stderr,none": 0.038947344870133176
    },
    "mmlu_college_biology": {
        "alias": "  - college_biology",
        "acc,none": 0.7291666666666666,
        "acc_stderr,none": 0.03716177437566016
    },
    "mmlu_college_chemistry": {
        "alias": "  - college_chemistry",
        "acc,none": 0.47,
        "acc_stderr,none": 0.05016135580465919
    },
    "mmlu_college_computer_science": {
        "alias": "  - college_computer_science",
        "acc,none": 0.46,
        "acc_stderr,none": 0.05009082659620333
    },