{
    "mmlu": {
        "acc,none": 0.6054693063666144,
        "acc_stderr,none": 0.003873632779057857,
        "alias": "mmlu"
    },
    "mmlu_humanities": {
        "acc,none": 0.5528161530286929,
        "acc_stderr,none": 0.006751329436230621,
        "alias": " - humanities"
    },
    "mmlu_formal_logic": {
        "alias": "  - formal_logic",
        "acc,none": 0.38095238095238093,
        "acc_stderr,none": 0.043435254289490965
    },
    "mmlu_high_school_european_history": {
        "alias": "  - high_school_european_history",
        "acc,none": 0.7393939393939394,
        "acc_stderr,none": 0.034277431758165236
    },
    "mmlu_high_school_us_history": {
        "alias": "  - high_school_us_history",
        "acc,none": 0.7745098039215687,
        "acc_stderr,none": 0.029331162294251728
    },
    "mmlu_high_school_world_history": {
        "alias": "  - high_school_world_history",
        "acc,none": 0.7721518987341772,
        "acc_stderr,none": 0.02730348459906943
    },
    "mmlu_international_law": {
        "alias": "  - international_law",
        "acc,none": 0.7768595041322314,
        "acc_stderr,none": 0.03800754475228733
    },
    "mmlu_jurisprudence": {
        "alias": "  - jurisprudence",
        "acc,none": 0.7592592592592593,
        "acc_stderr,none": 0.04133119440243839
    },
    "mmlu_logical_fallacies": {
        "alias": "  - logical_fallacies",
        "acc,none": 0.7852760736196319,
        "acc_stderr,none": 0.032262193772867744
    },
    "mmlu_moral_disputes": {
        "alias": "  - moral_disputes",
        "acc,none": 0.7052023121387283,
        "acc_stderr,none": 0.02454761779480384
    },
    "mmlu_moral_scenarios": {
        "alias": "  - moral_scenarios",
        "acc,none": 0.2994413407821229,
        "acc_stderr,none": 0.015318257745976706
    },
    "mmlu_philosophy": {
        "alias": "  - philosophy",
        "acc,none": 0.6881028938906752,
        "acc_stderr,none": 0.026311858071854155
    },
    "mmlu_prehistory": {
        "alias": "  - prehistory",
        "acc,none": 0.7037037037037037,
        "acc_stderr,none": 0.02540719779889017
    },
    "mmlu_professional_law": {
        "alias": "  - professional_law",
        "acc,none": 0.4511082138200782,
        "acc_stderr,none": 0.012709037347346233
    },
    "mmlu_world_religions": {
        "alias": "  - world_religions",
        "acc,none": 0.8187134502923976,
        "acc_stderr,none": 0.029547741687640038
    },
    "mmlu_other": {
        "acc,none": 0.6845831992275507,
        "acc_stderr,none": 0.00806614303492765,
        "alias": " - other"
    },
    "mmlu_business_ethics": {
        "alias": "  - business_ethics",
        "acc,none": 0.58,
        "acc_stderr,none": 0.049604496374885836
    },
    "mmlu_clinical_knowledge": {
        "alias": "  - clinical_knowledge",
        "acc,none": 0.660377358490566,
        "acc_stderr,none": 0.02914690474779833
    },
    "mmlu_college_medicine": {
        "alias": "  - college_medicine",
        "acc,none": 0.5838150289017341,
        "acc_stderr,none": 0.03758517775404947
    },
    "mmlu_global_facts": {
        "alias": "  - global_facts",
        "acc,none": 0.36,
        "acc_stderr,none": 0.04824181513244218
    },
    "mmlu_human_aging": {
        "alias": "  - human_aging",
        "acc,none": 0.7040358744394619,
        "acc_stderr,none": 0.0306365913486998
    },
    "mmlu_management": {
        "alias": "  - management",
        "acc,none": 0.7961165048543689,
        "acc_stderr,none": 0.03989139859531773
    },
    "mmlu_marketing": {
        "alias": "  - marketing",
        "acc,none": 0.8461538461538461,
        "acc_stderr,none": 0.02363687331748928
    },
    "mmlu_medical_genetics": {
        "alias": "  - medical_genetics",
        "acc,none": 0.67,
        "acc_stderr,none": 0.047258156262526066
    },
    "mmlu_miscellaneous": {
        "alias": "  - miscellaneous",
        "acc,none": 0.7994891443167306,
        "acc_stderr,none": 0.014317653708594204
    },
    "mmlu_nutrition": {
        "alias": "  - nutrition",
        "acc,none": 0.7352941176470589,
        "acc_stderr,none": 0.0252616912197295
    },
    "mmlu_professional_accounting": {
        "alias": "  - professional_accounting",
        "acc,none": 0.5106382978723404,
        "acc_stderr,none": 0.02982074719142244
    },
    "mmlu_professional_medicine": {
        "alias": "  - professional_medicine",
        "acc,none": 0.6213235294117647,
        "acc_stderr,none": 0.029465133639776125
    },
    "mmlu_virology": {
        "alias": "  - virology",
        "acc,none": 0.536144578313253,
        "acc_stderr,none": 0.03882310850890593
    },
    "mmlu_social_sciences": {
        "acc,none": 0.7136821579460514,
        "acc_stderr,none": 0.007974430007600682,
        "alias": " - social sciences"
    },
    "mmlu_econometrics": {
        "alias": "  - econometrics",
        "acc,none": 0.47368421052631576,
        "acc_stderr,none": 0.046970851366478626
    },
    "mmlu_high_school_geography": {
        "alias": "  - high_school_geography",
        "acc,none": 0.7626262626262627,
        "acc_stderr,none": 0.03031371053819889
    },
    "mmlu_high_school_government_and_politics": {
        "alias": "  - high_school_government_and_politics",
        "acc,none": 0.8549222797927462,
        "acc_stderr,none": 0.025416343096306426
    },
    "mmlu_high_school_macroeconomics": {
        "alias": "  - high_school_macroeconomics",
        "acc,none": 0.5871794871794872,
        "acc_stderr,none": 0.02496268356433179
    },
    "mmlu_high_school_microeconomics": {
        "alias": "  - high_school_microeconomics",
        "acc,none": 0.6680672268907563,
        "acc_stderr,none": 0.03058869701378364
    },
    "mmlu_high_school_psychology": {
        "alias": "  - high_school_psychology",
        "acc,none": 0.8073394495412844,
        "acc_stderr,none": 0.016909276884936115
    },
    "mmlu_human_sexuality": {
        "alias": "  - human_sexuality",
        "acc,none": 0.7557251908396947,
        "acc_stderr,none": 0.03768335959728744
    },
    "mmlu_professional_psychology": {
        "alias": "  - professional_psychology",
        "acc,none": 0.6584967320261438,
        "acc_stderr,none": 0.019184639328092487
    },
    "mmlu_public_relations": {
        "alias": "  - public_relations",
        "acc,none": 0.6545454545454545,
        "acc_stderr,none": 0.04554619617541054
    },
    "mmlu_security_studies": {
        "alias": "  - security_studies",
        "acc,none": 0.7183673469387755,
        "acc_stderr,none": 0.02879518557429128
    },
    "mmlu_sociology": {
        "alias": "  - sociology",
        "acc,none": 0.7960199004975125,
        "acc_stderr,none": 0.028493176245326084
    },
    "mmlu_us_foreign_policy": {
        "alias": "  - us_foreign_policy",
        "acc,none": 0.88,
        "acc_stderr,none": 0.03265986323710906
    },
    "mmlu_stem": {
        "acc,none": 0.5004757373929591,
        "acc_stderr,none": 0.008507730129435098,
        "alias": " - stem"
    },
    "mmlu_abstract_algebra": {
        "alias": "  - abstract_algebra",
        "acc,none": 0.25,
        "acc_stderr,none": 0.04351941398892446
    },
    "mmlu_anatomy": {
        "alias": "  - anatomy",
        "acc,none": 0.5925925925925926,
        "acc_stderr,none": 0.04244633238353228
    },
    "mmlu_astronomy": {
        "alias": "  - astronomy",
        "acc,none": 0.6447368421052632,
        "acc_stderr,none": 0.038947344870133176
    },
    "mmlu_college_biology": {
        "alias": "  - college_biology",
        "acc,none": 0.7222222222222222,
        "acc_stderr,none": 0.037455547914624576
    },
    "mmlu_college_chemistry": {
        "alias": "  - college_chemistry",
        "acc,none": 0.49,
        "acc_stderr,none": 0.05024183937956912
    },
    "mmlu_college_computer_science": {
        "alias": "  - college_computer_science",
        "acc,none": 0.47,
        "acc_stderr,none": 0.050161355804659205
    },