{
    "hellaswag": {
        "alias": "hellaswag",
        "acc,none": 0.4598685520812587,
        "acc_stderr,none": 0.004973683026202174,
        "acc_norm,none": 0.6317466640111532,
        "acc_norm_stderr,none": 0.004813448615404411
    }
}