{
    "hellaswag": {
        "alias": "hellaswag",
        "acc,none": 0.4871539533957379,
        "acc_stderr,none": 0.004988134303021802,
        "acc_norm,none": 0.7018522206731727,
        "acc_norm_stderr,none": 0.004565098421085214
    }
}