{
    "hellaswag": {
        "alias": "hellaswag",
        "acc,none": 0.4523999203345947,
        "acc_stderr,none": 0.004967118575905282,
        "acc_norm,none": 0.648177653853814,
        "acc_norm_stderr,none": 0.004765629263643524
    }
}