{
    "hellaswag": {
        "alias": "hellaswag",
        "acc,none": 0.3536148177653854,
        "acc_stderr,none": 0.004771143074426128,
        "acc_norm,none": 0.4388568014339773,
        "acc_norm_stderr,none": 0.004952332378120326
    }
}