{
    "hellaswag": {
        "alias": "hellaswag",
        "acc,none": 0.5120493925512846,
        "acc_stderr,none": 0.004988332289642086,
        "acc_norm,none": 0.7196773551085441,
        "acc_norm_stderr,none": 0.0044823888213889555
    }
}