{
    "hellaswag": {
        "alias": "hellaswag",
        "acc,none": 0.4946225851424019,
        "acc_stderr,none": 0.004989492828168528,
        "acc_norm,none": 0.6487751443935471,
        "acc_norm_stderr,none": 0.004763774981834702
    }
}