{
    "hellaswag": {
        "alias": "hellaswag",
        "acc,none": 0.3044214299940251,
        "acc_stderr,none": 0.004592215118295266,
        "acc_norm,none": 0.35301732722565227,
        "acc_norm_stderr,none": 0.004769313300470228
    }
}