{
    "hellaswag": {
        "alias": "hellaswag",
        "acc,none": 0.43397729535949015,
        "acc_stderr,none": 0.004946089230153021,
        "acc_norm,none": 0.6158135829516033,
        "acc_norm_stderr,none": 0.004854082479916931
    }
}