{
    "hellaswag": {
        "alias": "hellaswag",
        "acc,none": 0.5072694682334197,
        "acc_stderr,none": 0.004989254011895761,
        "acc_norm,none": 0.7102170882294364,
        "acc_norm_stderr,none": 0.004527343651130746
    }
}