{
    "hellaswag": {
        "alias": "hellaswag",
        "acc,none": 0.465345548695479,
        "acc_stderr,none": 0.004977782217582455,
        "acc_norm,none": 0.663612826130253,
        "acc_norm_stderr,none": 0.0047150751198344965
    }
}