{
    "hellaswag": {
        "alias": "hellaswag",
        "acc,none": 0.2651862178848835,
        "acc_stderr,none": 0.0044053015083223915,
        "acc_norm,none": 0.26996614220274845,
        "acc_norm_stderr,none": 0.00443034623465038
    }
}