{
    "hellaswag": {
        "alias": "hellaswag",
        "acc,none": 0.4402509460266879,
        "acc_stderr,none": 0.004954026775425773,
        "acc_norm,none": 0.6213901613224457,
        "acc_norm_stderr,none": 0.004840493603166207
    }
}