{
    "hellaswag": {
        "alias": "hellaswag",
        "acc,none": 0.44284007169886475,
        "acc_stderr,none": 0.004957068377516512,
        "acc_norm,none": 0.6063533160724955,
        "acc_norm_stderr,none": 0.004875595792850675
    }
}