{
    "hellaswag": {
        "alias": "hellaswag",
        "acc,none": 0.49123680541724757,
        "acc_stderr,none": 0.0049890149862356235,
        "acc_norm,none": 0.6964748058155746,
        "acc_norm_stderr,none": 0.004588403419449636
    }
}