{
    "hellaswag": {
        "alias": "hellaswag",
        "acc,none": 0.43467436765584544,
        "acc_stderr,none": 0.0049470109374553485,
        "acc_norm,none": 0.5743875721967735,
        "acc_norm_stderr,none": 0.004934250390879773
    }
}