{
    "hellaswag": {
        "alias": "hellaswag",
        "acc,none": 0.26319458275243973,
        "acc_stderr,none": 0.004394671271021435,
        "acc_norm,none": 0.2657837084246166,
        "acc_norm_stderr,none": 0.00440846810726273
    }
}