{
    "hellaswag": {
        "alias": "hellaswag",
        "acc,none": 0.2635929097789285,
        "acc_stderr,none": 0.004396806562351296,
        "acc_norm,none": 0.2729535949014141,
        "acc_norm_stderr,none": 0.004445667638734141
    }
}