{
    "hellaswag": {
        "alias": "hellaswag",
        "acc,none": 0.26020713005377416,
        "acc_stderr,none": 0.004378508362084381,
        "acc_norm,none": 0.26976697868950406,
        "acc_norm_stderr,none": 0.004429315788310486
    }
}