{
    "hellaswag": {
        "alias": "hellaswag",
        "acc,none": 0.2687711611232822,
        "acc_stderr,none": 0.004424146562746117,
        "acc_norm,none": 0.2876916948814977,
        "acc_norm_stderr,none": 0.004517614647703243
    }
}