{
    "hellaswag": {
        "alias": "hellaswag",
        "acc,none": 0.41495717984465247,
        "acc_stderr,none": 0.004917076726623795,
        "acc_norm,none": 0.5689105755825533,
        "acc_norm_stderr,none": 0.004942164585991471
    }
}