{
    "hellaswag": {
        "alias": "hellaswag",
        "acc,none": 0.4214299940250946,
        "acc_stderr,none": 0.004927790036726629,
        "acc_norm,none": 0.5835490938060147,
        "acc_norm_stderr,none": 0.004919626380645488
    }
}