{
    "hellaswag": {
        "alias": "hellaswag",
        "acc,none": 0.3036247759410476,
        "acc_stderr,none": 0.004588827958775122,
        "acc_norm,none": 0.37203744274048994,
        "acc_norm_stderr,none": 0.004823604775015904
    }
}