{
    "hellaswag": {
        "alias": "hellaswag",
        "acc,none": 0.2593108942441745,
        "acc_stderr,none": 0.004373608212561036,
        "acc_norm,none": 0.26309500099581756,
        "acc_norm_stderr,none": 0.004394136724173024
    }
}