{
    "hellaswag": {
        "alias": "hellaswag",
        "acc,none": 0.4311890061740689,
        "acc_stderr,none": 0.004942302768002104,
        "acc_norm,none": 0.5947022505476997,
        "acc_norm_stderr,none": 0.004899462111832329
    }
}