{
    "hellaswag": {
        "alias": "hellaswag",
        "acc,none": 0.44373630750846443,
        "acc_stderr,none": 0.004958089432669989,
        "acc_norm,none": 0.5755825532762398,
        "acc_norm_stderr,none": 0.004932441479665526
    }
}