{
    "hellaswag": {
        "alias": "hellaswag",
        "acc,none": 0.40001991635132444,
        "acc_stderr,none": 0.004889007921214695,
        "acc_norm,none": 0.5476000796654052,
        "acc_norm_stderr,none": 0.004967118575905294
    }
}