{
    "hellaswag": {
        "alias": "hellaswag",
        "acc,none": 0.27086237801234814,
        "acc_stderr,none": 0.004434969257446615,
        "acc_norm,none": 0.29864568810993825,
        "acc_norm_stderr,none": 0.004567287775700575
    }
}