{
    "hellaswag": {
        "alias": "hellaswag",
        "acc,none": 0.3601872137024497,
        "acc_stderr,none": 0.004790734683704594,
        "acc_norm,none": 0.47988448516231824,
        "acc_norm_stderr,none": 0.0049857417063857235
    }
}