{
    "hellaswag": {
        "alias": "hellaswag",
        "acc,none": 0.5297749452300339,
        "acc_stderr,none": 0.004980926198798971,
        "acc_norm,none": 0.7304321848237403,
        "acc_norm_stderr,none": 0.0044282842101036135
    }
}