{
    "hellaswag": {
        "alias": "hellaswag",
        "acc,none": 0.44991037641904,
        "acc_stderr,none": 0.0049646798459184295,
        "acc_norm,none": 0.6366261700856403,
        "acc_norm_stderr,none": 0.004799882248494812
    }
}