{
    "hellaswag": {
        "alias": "hellaswag",
        "acc,none": 0.4592710615415256,
        "acc_stderr,none": 0.004973199296339962,
        "acc_norm,none": 0.6238797052380004,
        "acc_norm_stderr,none": 0.004834207964061317
    }
}