{
    "hellaswag": {
        "alias": "hellaswag",
        "acc,none": 0.35700059749053975,
        "acc_stderr,none": 0.004781358113341947,
        "acc_norm,none": 0.4417446723760207,
        "acc_norm_stderr,none": 0.004955798214513426
    }
}