{
    "hellaswag": {
        "alias": "hellaswag",
        "acc,none": 0.49741087432782316,
        "acc_stderr,none": 0.004989714512282414,
        "acc_norm,none": 0.6575383389762995,
        "acc_norm_stderr,none": 0.004735632975072362
    }
}