{
    "hellaswag": {
        "alias": "hellaswag",
        "acc,none": 0.4985062736506672,
        "acc_stderr,none": 0.004989759144812301,
        "acc_norm,none": 0.7043417645887273,
        "acc_norm_stderr,none": 0.004554054537691974
    }
}