{
    "hellaswag": {
        "alias": "hellaswag",
        "acc,none": 0.4282015534754033,
        "acc_stderr,none": 0.004938068627349492,
        "acc_norm,none": 0.596494722166899,
        "acc_norm_stderr,none": 0.004895977676625227
    }
}