{
    "hellaswag": {
        "alias": "hellaswag",
        "acc,none": 0.47211710814578767,
        "acc_stderr,none": 0.004982016702445964,
        "acc_norm,none": 0.6601274646484764,
        "acc_norm_stderr,none": 0.004726976607130815
    }
}