{
    "hellaswag": {
        "alias": "hellaswag",
        "acc,none": 0.2830113523202549,
        "acc_stderr,none": 0.004495412868324608,
        "acc_norm,none": 0.3013343955387373,
        "acc_norm_stderr,none": 0.004578999029127944
    }
}