{
    "hellaswag": {
        "alias": "hellaswag",
        "acc,none": 0.4099780920135431,
        "acc_stderr,none": 0.004908241354310214,
        "acc_norm,none": 0.5390360485958973,
        "acc_norm_stderr,none": 0.004974551179483952
    }
}