{
    "hellaswag": {
        "alias": "hellaswag",
        "acc,none": 0.48755228042222665,
        "acc_stderr,none": 0.004988234881206729,
        "acc_norm,none": 0.6870145389364668,
        "acc_norm_stderr,none": 0.004627607991626929
    }
}