{
    "hellaswag": {
        "alias": "hellaswag",
        "acc,none": 0.530372435769767,
        "acc_stderr,none": 0.004980566907790452,
        "acc_norm,none": 0.7327225652260506,
        "acc_norm_stderr,none": 0.004416339450436104
    }
}