{
    "hellaswag": {
        "alias": "hellaswag",
        "acc,none": 0.2751443935471022,
        "acc_stderr,none": 0.0044567431081707215,
        "acc_norm,none": 0.309699263095001,
        "acc_norm_stderr,none": 0.004614246282055372
    }
}