{
    "hellaswag": {
        "alias": "hellaswag",
        "acc,none": 0.5048795060744872,
        "acc_stderr,none": 0.004989543796593288,
        "acc_norm,none": 0.7161919936267676,
        "acc_norm_stderr,none": 0.004499233874427501
    }
}